{
  "active" : true,
  "appType" : true,
  "ars_properties" : {
    "dataVersion" : 5,
    "graph" : {
      "lastZoomRequest" : 0,
      "scale" : 0.597240015500752,
      "translate" : [ 325.75104409685594, 22.80109979816953 ]
    },
    "groupSettings" : {
      "appGroupOpenHash" : {
        "actions" : true,
        "filters" : true,
        "flowControl" : true,
        "math" : true,
        "modifiers" : true
      },
      "ctGroupOpenHash" : {
        "actions" : true,
        "mobile" : true
      },
      "ctServiceOpen" : false,
      "serviceGroupOpenHash" : { }
    },
    "propertyWidth" : 280
  },
  "ars_relationships" : [ ],
  "assembly" : {
    "AccumulateState" : {
      "configuration" : {
        "childStreams" : [ "Filter" ],
        "imports" : null,
        "outboundBehavior" : "Replace outbound event with state value",
        "outboundProperty" : null,
        "parentStreams" : [ "SplitById" ],
        "procedure" : {
          "vailScript" : "if (!state) {\n    // if this is the first time, initialize it.\n    state = {     \n    }\n}\n\n// copy properties if present\nstate.controlCode = event.controlCode ? event.controlCode : state.controlCode\nstate.temp        = event.temp ? event.temp : state.temp\nstate.humidity    = event.humidity ? event.humidity : state.humidity\n\nstate.timestamp = event.timestamp\nstate.machineID = event.machineID\n\n"
        },
        "resetFrequency" : null,
        "schema" : null,
        "stateProperty" : "ControlState"
      },
      "downstreamReferences" : { },
      "pattern" : "AccumulateState",
      "patternVersion" : 1,
      "uuid" : "c8c38b49-fea7-4cda-a096-ff2eeb9951a0"
    },
    "Control" : {
      "configuration" : {
        "childStreams" : [ "SplitById" ],
        "condition" : "",
        "inboundResource" : "topics",
        "inboundResourceId" : "/jp.co.vantiq.designpattern/control/inbound",
        "parentStreams" : [ ],
        "schema" : "jp.co.vantiq.designpattern.AirConditionerControl",
        "upsert" : false
      },
      "downstreamReferences" : { },
      "pattern" : "EventStream",
      "patternVersion" : 1,
      "uuid" : "29f87baa-a733-4bb3-82bb-97b9a8a057e7"
    },
    "Filter" : {
      "configuration" : {
        "childStreams" : [ "SomeTransform" ],
        "condition" : "event.controlCode && event.temp && event.humidity",
        "imports" : null,
        "outboundResource" : null,
        "outboundResourceConfig" : null,
        "outboundResourceId" : null,
        "parentStreams" : [ "AccumulateState" ],
        "upsert" : false
      },
      "downstreamReferences" : { },
      "pattern" : "Filter",
      "patternVersion" : 1,
      "uuid" : "fe6d8f19-d566-4f53-bc6a-af8db6b09c60"
    },
    "Humidity" : {
      "configuration" : {
        "childStreams" : [ "SplitById" ],
        "condition" : "",
        "inboundResource" : "topics",
        "inboundResourceId" : "/jp.co.vantiq.designpattern/humidity/inbound",
        "parentStreams" : [ ],
        "schema" : "jp.co.vantiq.designpattern.HumidityType",
        "upsert" : false
      },
      "downstreamReferences" : { },
      "pattern" : "EventStream",
      "patternVersion" : 1,
      "uuid" : "dd4f07bb-4e6f-4879-a5d9-064abbae4994"
    },
    "SomeTransform" : {
      "configuration" : {
        "childStreams" : null,
        "imports" : null,
        "outboundResource" : null,
        "outboundResourceConfig" : null,
        "outboundResourceId" : null,
        "parentStreams" : [ "Filter" ],
        "schema" : null,
        "transformInPlace" : false,
        "transformation" : {
          "controlCode" : {
            "expression" : "event.controlCode",
            "type" : "expression"
          },
          "humidity" : {
            "expression" : "event.humidity",
            "type" : "expression"
          },
          "machineID" : {
            "expression" : "event.machineID",
            "type" : "expression"
          },
          "temp" : {
            "expression" : "event.temp",
            "type" : "expression"
          },
          "timestamp" : {
            "expression" : "event.timestamp",
            "type" : "expression"
          }
        },
        "upsert" : false
      },
      "downstreamReferences" : { },
      "pattern" : "Transformation",
      "patternVersion" : 1,
      "uuid" : "0e373f74-111f-475b-b70d-dc7032145008"
    },
    "SplitById" : {
      "configuration" : {
        "childStreams" : [ "AccumulateState" ],
        "groupBy" : "event.machineID",
        "parentStreams" : [ "Control", "Humidity", "Temp" ]
      },
      "downstreamReferences" : { },
      "pattern" : "SplitByGroup",
      "patternVersion" : 1,
      "uuid" : "4d77324c-3320-493e-80df-35fb4f3b06ea"
    },
    "Temp" : {
      "configuration" : {
        "childStreams" : [ "SplitById" ],
        "condition" : "",
        "inboundResource" : "topics",
        "inboundResourceId" : "/jp.co.vantiq.designpattern/temperature/inbound",
        "parentStreams" : [ ],
        "schema" : "jp.co.vantiq.designpattern.TempType",
        "upsert" : false
      },
      "downstreamReferences" : { },
      "pattern" : "EventStream",
      "patternVersion" : 1,
      "uuid" : "9e97be4c-cde2-4469-8fd0-e1f56ebc197c"
    }
  },
  "collaboratorRoles" : [ ],
  "description" : "AccumulateStateを使用してストリームをジョインする。",
  "disableBadging" : false,
  "entityRoles" : [ ],
  "isComponent" : false,
  "isEventHandler" : false,
  "keyTypes" : [ "system.collaborations" ],
  "name" : "jp.co.vantiq.designpattern.ControlACApp"
}