{
  "active" : true,
  "appType" : true,
  "ars_properties" : {
    "dataVersion" : 5,
    "graph" : {
      "lastZoomRequest" : 0,
      "scale" : 0.744995626724002,
      "translate" : [ 151.0039402831016, 17.60051697780463 ]
    },
    "groupSettings" : {
      "appGroupOpenHash" : {
        "actions" : true,
        "filters" : true,
        "flowControl" : true,
        "math" : true,
        "modifiers" : true
      },
      "ctGroupOpenHash" : {
        "actions" : true,
        "mobile" : true
      },
      "ctServiceOpen" : false,
      "serviceGroupOpenHash" : { }
    },
    "propertyWidth" : 280
  },
  "ars_relationships" : [ ],
  "assembly" : {
    "AccumulateState" : {
      "configuration" : {
        "childStreams" : [ "SomeTransform" ],
        "outboundBehavior" : "Attach state value to outboundProperty",
        "outboundProperty" : "state",
        "parentStreams" : [ "SplitById" ],
        "procedure" : "jp.co.vantiq.designpattern.ControlACApp.accumulate_ac_state"
      },
      "pattern" : "AccumulateState",
      "patternVersion" : 1,
      "uuid" : "c8c38b49-fea7-4cda-a096-ff2eeb9951a0"
    },
    "Control" : {
      "configuration" : {
        "childStreams" : [ "SplitById" ],
        "condition" : "",
        "inboundResource" : "topics",
        "inboundResourceId" : "/jp.co.vantiq.designpattern/control/inbound",
        "parentStreams" : [ ],
        "schema" : "jp.co.vantiq.designpattern.AirConditionerControl",
        "upsert" : false
      },
      "pattern" : "EventStream",
      "patternVersion" : 1,
      "uuid" : "29f87baa-a733-4bb3-82bb-97b9a8a057e7"
    },
    "Humidity" : {
      "configuration" : {
        "childStreams" : [ "SplitById" ],
        "condition" : "",
        "inboundResource" : "topics",
        "inboundResourceId" : "/jp.co.vantiq.designpattern/humidity/inbound",
        "parentStreams" : [ ],
        "schema" : "jp.co.vantiq.designpattern.HumidityType",
        "upsert" : false
      },
      "pattern" : "EventStream",
      "patternVersion" : 1,
      "uuid" : "dd4f07bb-4e6f-4879-a5d9-064abbae4994"
    },
    "SomeTransform" : {
      "configuration" : {
        "parentStreams" : [ "AccumulateState" ],
        "transformation" : {
          "controlCode" : {
            "expression" : "event.state.controlCode",
            "type" : "expression"
          },
          "humidity" : {
            "expression" : "event.state.humidity",
            "type" : "expression"
          },
          "machineID" : {
            "expression" : "event.state.machineID",
            "type" : "expression"
          },
          "temp" : {
            "expression" : "event.state.temp",
            "type" : "expression"
          },
          "timestamp" : {
            "expression" : "event.state.timestamp",
            "type" : "expression"
          }
        },
        "upsert" : false
      },
      "pattern" : "Transformation",
      "patternVersion" : 1,
      "uuid" : "0e373f74-111f-475b-b70d-dc7032145008"
    },
    "SplitById" : {
      "configuration" : {
        "childStreams" : [ "AccumulateState" ],
        "groupBy" : "event.machineID",
        "parentStreams" : [ "Control", "Humidity", "Temp" ]
      },
      "pattern" : "SplitByGroup",
      "patternVersion" : 1,
      "uuid" : "4d77324c-3320-493e-80df-35fb4f3b06ea"
    },
    "Temp" : {
      "configuration" : {
        "childStreams" : [ "SplitById" ],
        "condition" : "",
        "inboundResource" : "topics",
        "inboundResourceId" : "/jp.co.vantiq.designpattern/temperature/inbound",
        "parentStreams" : [ ],
        "schema" : "jp.co.vantiq.designpattern.TempType",
        "upsert" : false
      },
      "pattern" : "EventStream",
      "patternVersion" : 1,
      "uuid" : "9e97be4c-cde2-4469-8fd0-e1f56ebc197c"
    }
  },
  "collaboratorRoles" : [ ],
  "description" : "AccumulateStateを使用してストリームをジョインする。",
  "disableBadging" : false,
  "entityRoles" : [ ],
  "isComponent" : false,
  "isEventHandler" : false,
  "keyTypes" : [ "system.collaborations" ],
  "name" : "jp.co.vantiq.designpattern.ControlACApp"
}