{
  "ars_relationships" : [ ],
  "links" : [ {
    "source" : "topic//debug/sample/app",
    "target" : "app/sampleApp"
  }, {
    "source" : "app/sampleApp",
    "target" : "services/apps.services.sampleApp"
  }, {
    "source" : "services/apps.services.sampleApp",
    "target" : "app/sampleApp"
  }, {
    "source" : "app/sampleApp",
    "target" : "procedure/convertTemperature"
  } ],
  "name" : "Debug",
  "options" : {
    "description" : "",
    "dockCollapsed" : {
      "bottom" : false,
      "left" : false,
      "right" : false,
      "top" : false,
      "viewtabs" : false
    },
    "dockDimensions" : {
      "bottom" : 200,
      "debug" : [ 958.5, 958.5 ],
      "left" : 210,
      "right" : 220,
      "top" : 0,
      "viewtabs" : 0
    },
    "dockSort" : 1,
    "filterBitArray" : "ffffffffffffffffffffffffffffffff",
    "isModeloProject" : true,
    "layoutStyle" : "tile",
    "openFolders" : [ "app", "procedure", "topic" ],
    "rootViewFlavor" : 5,
    "showGrid" : true,
    "tileColumns" : 2,
    "tileRows" : 1,
    "type" : "dev",
    "v" : 5,
    "viewUUID" : "MAINVIEW"
  },
  "partitions" : [ ],
  "resources" : [ {
    "label" : "/debug/sample/app",
    "name" : "/debug/sample/app",
    "resourceReference" : "/topics//debug/sample/app",
    "type" : 10
  }, {
    "label" : "apps.services.sampleApp",
    "name" : "apps.services.sampleApp",
    "resourceReference" : "/system.services/apps.services.sampleApp",
    "timestamp" : "2023-09-25T02:07:32.704Z",
    "type" : 63
  }, {
    "label" : "convertTemperature",
    "name" : "convertTemperature",
    "procedureName" : "convertTemperature",
    "resourceReference" : "/procedures/convertTemperature",
    "timestamp" : "2023-09-25T04:33:49.559Z",
    "type" : 3
  }, {
    "label" : "sampleApp",
    "name" : "sampleApp",
    "resourceReference" : "/collaborationtypes/sampleApp",
    "timestamp" : "2023-09-25T04:26:00.966Z",
    "type" : 12
  } ],
  "tools" : [ {
    "isPinned" : false,
    "name" : "Errors",
    "type" : 13
  }, {
    "isPinned" : false,
    "name" : "Log メッセージ",
    "type" : 12
  }, {
    "isPinned" : false,
    "name" : "Project Contents",
    "type" : 2
  }, {
    "isPinned" : false,
    "name" : "sampleApp",
    "pane" : {
      "c" : 0,
      "r" : 0
    },
    "resourceKey" : "app/sampleApp",
    "state" : 2,
    "toolOptions" : { },
    "type" : 15
  }, {
    "dockLocation" : "top",
    "isPinned" : false,
    "name" : "非アクティブ ペイン",
    "type" : 99
  } ],
  "type" : "dev",
  "views" : [ {
    "name" : "Project Contents",
    "projectToolKeys" : [ "errorviewer/Errors", "logviewer/Log メッセージ", "list/Project Contents", "app/sampleApp", "tiledock/非アクティブ ペイン" ]
  } ]
}