{
  "active" : true,
  "appType" : true,
  "ars_properties" : {
    "dataVersion" : 5,
    "graph" : {
      "lastZoomRequest" : 0,
      "scale" : 1.9875621866451096,
      "translate" : [ 104.12029259614769, 125.64959129954318 ]
    },
    "groupSettings" : {
      "appGroupOpenHash" : {
        "actions" : true,
        "filters" : true,
        "flowControl" : true
      },
      "ctGroupOpenHash" : {
        "actions" : true,
        "mobile" : true
      },
      "ctServiceOpen" : false,
      "serviceGroupOpenHash" : { }
    }
  },
  "assembly" : {
    "AMQP" : {
      "configuration" : {
        "condition" : "",
        "inboundResource" : "sources",
        "inboundResourceId" : "AMQP_MQ",
        "parentStreams" : [ ],
        "upsert" : false
      },
      "pattern" : "EventStream",
      "uuid" : "9c23b348-6597-423d-8cf8-521e2ef2154a"
    },
    "MQTT" : {
      "configuration" : {
        "condition" : "",
        "inboundResource" : "sources",
        "inboundResourceId" : "MQTT_MQ",
        "parentStreams" : [ ],
        "upsert" : false
      },
      "pattern" : "EventStream",
      "uuid" : "cf337a47-81d6-4c4f-8948-8833c34a8253"
    }
  },
  "collaboratorRoles" : [ ],
  "compilerOCC" : 1,
  "currentState" : {
    "code" : "success"
  },
  "description" : "false",
  "disableBadging" : false,
  "entityRoles" : [ ],
  "isComponent" : false,
  "keyTypes" : [ "system.collaborations" ],
  "name" : "MQ_App",
  "resourceBinding" : {
    "optionalResources" : [ ],
    "requiredResources" : [ {
      "resource" : "system.eventstreams",
      "resourceId" : "apps.MQ_App.AMQP"
    }, {
      "resource" : "system.eventstreams",
      "resourceId" : "apps.MQ_App.MQTT"
    }, {
      "resource" : "rules",
      "resourceId" : "apps.MQ_App.AMQP"
    }, {
      "resource" : "rules",
      "resourceId" : "apps.MQ_App.MQTT"
    } ]
  }
}