{
  "active" : true,
  "ars_relationships" : [ ],
  "description" : null,
  "eventTypes" : { },
  "globalType" : null,
  "interface" : [ {
    "name" : "executeQuery",
    "parameters" : [ {
      "description" : null,
      "multi" : false,
      "name" : "partitionKey",
      "required" : false,
      "type" : "String"
    }, {
      "description" : null,
      "multi" : false,
      "name" : "paramJson",
      "required" : false,
      "type" : "Object"
    } ]
  }, {
    "name" : "flushCache",
    "parameters" : [ ]
  } ],
  "name" : "jp.co.vantiq.designpattern.CachedRemoteAPI",
  "partitionedType" : "jp.co.vantiq.designpattern.CachedRemoteAPI_Partitioned",
  "scheduledProcedures" : {
    "flushCache" : {
      "interval" : 3600000
    }
  }
}