{
  "active" : true,
  "appType" : true,
  "ars_properties" : {
    "dataVersion" : 5,
    "graph" : {
      "lastZoomRequest" : 0,
      "scale" : 0.9382508901008273,
      "translate" : [ 203.3329144475503, 98.43000406403551 ]
    },
    "groupSettings" : {
      "appGroupOpenHash" : {
        "actions" : true,
        "filters" : true,
        "flowControl" : true,
        "modifiers" : true
      },
      "ctGroupOpenHash" : {
        "actions" : true,
        "mobile" : true
      },
      "ctServiceOpen" : false,
      "serviceGroupOpenHash" : { }
    },
    "paletteWidth" : 170,
    "propertyWidth" : 280
  },
  "ars_relationships" : [ ],
  "assembly" : {
    "MQTTSource" : {
      "configuration" : {
        "childStreams" : [ "SomeLogic" ],
        "condition" : "",
        "inboundResource" : "sources",
        "inboundResourceId" : "jp.co.vantiq.designpattern.MQTTSource",
        "parentStreams" : [ ],
        "upsert" : false
      },
      "pattern" : "EventStream",
      "patternVersion" : 1,
      "uuid" : "284cd2db-c51e-4767-b504-574226161cf7"
    },
    "SomeAction" : {
      "configuration" : {
        "parentStreams" : [ "SomeLogic" ],
        "transformInPlace" : true,
        "transformation" : { },
        "upsert" : false
      },
      "pattern" : "Transformation",
      "patternVersion" : 1,
      "uuid" : "6474b545-624d-403f-a7c1-c29d4f66115c"
    },
    "SomeLogic" : {
      "configuration" : {
        "childStreams" : [ "SomeAction" ],
        "parentStreams" : [ "MQTTSource" ],
        "transformInPlace" : true,
        "transformation" : { },
        "upsert" : false
      },
      "pattern" : "Transformation",
      "patternVersion" : 1,
      "uuid" : "fc308781-39df-4f6f-bb60-ba28825162d6"
    }
  },
  "boundService" : "jp.co.vantiq.designpattern.EchoPattern",
  "collaboratorRoles" : [ ],
  "disableBadging" : false,
  "entityRoles" : [ ],
  "isComponent" : false,
  "isEventHandler" : true,
  "keyTypes" : [ "system.collaborations" ],
  "name" : "jp.co.vantiq.designpattern.EchoPattern_InputStream_EventHandler"
}