{
  "active" : true,
  "appType" : true,
  "ars_properties" : {
    "dataVersion" : 5,
    "graph" : {
      "lastZoomRequest" : 0,
      "scale" : 1.0284113805663468,
      "translate" : [ 210, 83.36354870042422 ]
    },
    "groupSettings" : {
      "appGroupOpenHash" : {
        "actions" : true,
        "filters" : true,
        "flowControl" : true
      },
      "ctGroupOpenHash" : {
        "actions" : true,
        "mobile" : true
      },
      "ctServiceOpen" : false,
      "serviceGroupOpenHash" : { }
    },
    "paletteWidth" : 170,
    "propertyWidth" : 280
  },
  "ars_relationships" : [ ],
  "assembly" : {
    "EchoBackToMQTT" : {
      "configuration" : {
        "parentStreams" : [ "MQTTSource" ],
        "source" : "jp.co.vantiq.designpattern.MQTTEchoBackMonitorSource",
        "sourceConfig" : {
          "topic" : "/jp.co.vantiq.designpattern/echoback/outbound"
        }
      },
      "pattern" : "PublishToSource",
      "patternVersion" : 1,
      "uuid" : "56a512fb-533c-463c-8404-d2035b3212f3"
    },
    "MQTTSource" : {
      "configuration" : {
        "childStreams" : [ "EchoBackToMQTT" ],
        "condition" : "",
        "inboundResource" : "sources",
        "inboundResourceId" : "jp.co.vantiq.designpattern.MQTTSource",
        "parentStreams" : [ ],
        "upsert" : false
      },
      "pattern" : "EventStream",
      "patternVersion" : 1,
      "uuid" : "c622e645-9fc5-4165-b943-f11829e11f0f"
    }
  },
  "boundService" : "jp.co.vantiq.designpattern.EchoPattern",
  "collaboratorRoles" : [ ],
  "disableBadging" : false,
  "entityRoles" : [ ],
  "isComponent" : false,
  "isEventHandler" : true,
  "keyTypes" : [ "system.collaborations" ],
  "name" : "jp.co.vantiq.designpattern.EchoPattern_Echo_EventHandler"
}