{
  "active" : true,
  "ars_relationships" : [ ],
  "description" : null,
  "eventTypes" : {
    "Echo" : {
      "direction" : "INBOUND",
      "implementingResource" : "/collaborationtypes/jp.co.vantiq.designpattern.EchoPattern_Echo_EventHandler"
    },
    "InputStream" : {
      "direction" : "INBOUND",
      "implementingResource" : "/collaborationtypes/jp.co.vantiq.designpattern.EchoPattern_InputStream_EventHandler"
    }
  },
  "globalType" : null,
  "interface" : [ ],
  "name" : "jp.co.vantiq.designpattern.EchoPattern",
  "partitionedType" : null,
  "scheduledProcedures" : { }
}