{
  "active" : true,
  "ars_relationships" : [ ],
  "description" : null,
  "eventTypes" : { },
  "globalType" : "jp.co.vantiq.designpattern.Const_Global",
  "interface" : [ {
    "description" : "指定したキーの定数値を取得する",
    "name" : "get",
    "parameters" : [ {
      "multi" : false,
      "name" : "key",
      "required" : false,
      "type" : "String"
    } ]
  }, {
    "description" : "設定値を読み込む",
    "name" : "load",
    "parameters" : [ ]
  } ],
  "name" : "jp.co.vantiq.designpattern.Const",
  "partitionedType" : null,
  "replicationFactor" : 1,
  "scheduledProcedures" : { }
}