{
  "activationConstraint" : "",
  "active" : true,
  "ars_properties" : null,
  "config" : {
    "cleanSession" : true,
    "connectionTimeout" : 15,
    "contentType" : "application/json",
    "keepAliveInterval" : 15,
    "maxInflight" : 10,
    "password" : "enter-password",
    "passwordType" : "string",
    "qos" : "AT_MOST_ONCE",
    "serverURIs" : [ "mqtts://enter-amzaonmq-host.mq.ap-northeast-1.amazonaws.com:8883" ],
    "topics" : [ "enter-topic-name" ],
    "username" : "enter-username"
  },
  "direction" : "BOTH",
  "messageType" : null,
  "mockProcedures" : { },
  "name" : "AmazonMQSource",
  "type" : "MQTT"
}
