{
  "activationConstraint" : "",
  "active" : true,
  "ars_properties" : null,
  "config" : {
    "contentType" : "application/json",
    "enabledSaslMechanisms" : [ "PLAIN" ],
    "password" : "enter-token",
    "passwordType" : "string",
    "serverURIs" : [ "amqps://enter-eventhub-host.servicebus.windows.net:5671" ],
    "topics" : [ "enter-eventhub-name/ConsumerGroups/$default/Partitions/0" ],
    "username" : "enter-eventhub-name"
  },
  "direction" : "BOTH",
  "messageType" : null,
  "mockProcedures" : { },
  "name" : "EventHubAMQPSource",
  "type" : "AMQP"
}
