{
  "active" : true,
  "ars_relationships" : [ ],
  "description" : null,
  "eventTypes" : { },
  "globalType" : "jp.co.vantiq.designpattern.InMemoryMaster_Global",
  "interface" : [ {
    "name" : "getGlobalStates",
    "parameters" : [ ]
  }, {
    "name" : "purgeGlobalState",
    "parameters" : [ ]
  }, {
    "name" : "purgePartitionedState",
    "parameters" : [ ]
  }, {
    "name" : "updateMaster",
    "parameters" : [ ]
  }, {
    "name" : "updateStates",
    "parameters" : [ {
      "description" : null,
      "multi" : false,
      "name" : "key",
      "required" : false,
      "type" : "String"
    }, {
      "description" : null,
      "multi" : false,
      "name" : "record",
      "required" : false,
      "type" : "Object"
    } ]
  }, {
    "name" : "updateStats",
    "parameters" : [ {
      "description" : null,
      "multi" : false,
      "name" : "key",
      "required" : false,
      "type" : "String"
    }, {
      "description" : null,
      "multi" : false,
      "name" : "record",
      "required" : false,
      "type" : "Object"
    } ]
  }, {
    "name" : "getPartitionedState",
    "parameters" : [ ]
  } ],
  "name" : "jp.co.vantiq.designpattern.InMemoryMaster",
  "partitionedType" : "jp.co.vantiq.designpattern.InMemoryMaster_Partitioned",
  "replicationFactor" : 1,
  "scheduledProcedures" : {
    "purgeGlobalState" : {
      "interval" : 86400000
    },
    "purgePartitionedState" : {
      "interval" : 86400000
    },
    "updateMaster" : {
      "interval" : 86400000
    }
  }
}