{
  "active" : true,
  "appType" : true,
  "ars_properties" : {
    "dataVersion" : 5,
    "graph" : {
      "lastZoomRequest" : 0,
      "scale" : 1.1093011430036677,
      "translate" : [ 313.17283898294954, 74.01182346688523 ]
    },
    "groupSettings" : {
      "appGroupOpenHash" : {
        "actions" : true,
        "component" : true,
        "flowControl" : true
      },
      "ctGroupOpenHash" : {
        "actions" : true,
        "mobile" : true
      },
      "ctServiceOpen" : false,
      "serviceGroupOpenHash" : { }
    },
    "paletteWidth" : 170,
    "propertyWidth" : 280
  },
  "ars_relationships" : [ ],
  "assembly" : {
    "NotifyResponse" : {
      "configuration" : {
        "catalog" : null,
        "childStreams" : null,
        "event" : null,
        "parentStreams" : [ "ProcessRequest" ],
        "processedByClause" : "",
        "topic" : "/jp.co.vantiq.designpattern.SmoothRemoteService/notifyResponse/outbound"
      },
      "downstreamReferences" : { },
      "pattern" : "PublishToTopic",
      "patternVersion" : 1,
      "uuid" : "c4fd7708-c19b-44ae-9446-f0c7508cbb9c"
    },
    "ProcessRequest" : {
      "configuration" : {
        "childStreams" : [ "NotifyResponse" ],
        "imports" : null,
        "parameters" : { },
        "parentStreams" : [ "Unwind", "ProcessRequestTrigger" ],
        "partitionKey" : "\"dummy\"",
        "procedure" : "jp.co.vantiq.designpattern.SmoothRemoteService.processRequest",
        "returnBehavior" : "Use Return Value as Outbound event",
        "returnProperty" : null,
        "schema" : null
      },
      "downstreamReferences" : { },
      "pattern" : "Procedure",
      "patternVersion" : 1,
      "uuid" : "8ec787cb-26db-454c-bf4c-384a29b674ef"
    },
    "ProcessRequestTrigger" : {
      "configuration" : {
        "childStreams" : [ "ProcessRequest" ],
        "condition" : "",
        "eventTypeName" : null,
        "inboundResource" : "topics",
        "inboundResourceId" : "/jp.co.vantiq.designpattern.SmoothRemoteService/processRequest",
        "op" : null,
        "outboundResource" : null,
        "outboundResourceConfig" : null,
        "outboundResourceId" : null,
        "parentStreams" : [ ],
        "schema" : null,
        "upsert" : false
      },
      "downstreamReferences" : { },
      "pattern" : "EventStream",
      "patternVersion" : 1,
      "uuid" : "d3ed953d-09af-44c8-94f6-fef036225a05"
    },
    "ResetCreditAndProcessQueue" : {
      "configuration" : {
        "childStreams" : [ "Unwind" ],
        "imports" : null,
        "parameters" : null,
        "parentStreams" : [ "TimeTrigger" ],
        "partitionKey" : "\"dummy\"",
        "procedure" : "jp.co.vantiq.designpattern.SmoothRemoteService.resetCreditAndProcessQueue",
        "returnBehavior" : "Use Return Value as Outbound event",
        "returnProperty" : null,
        "schema" : null
      },
      "downstreamReferences" : { },
      "pattern" : "Procedure",
      "patternVersion" : 1,
      "uuid" : "7cae4eef-1418-4c39-84b1-2799e004bda9"
    },
    "TimeTrigger" : {
      "configuration" : {
        "childStreams" : [ "ResetCreditAndProcessQueue" ],
        "inboundResource" : "topics",
        "inboundResourceId" : "/jp.co.vantiq.designpattern.SmoothRemoteService/Trigger/handler/inbound",
        "parentStreams" : [ ]
      },
      "downstreamReferences" : { },
      "pattern" : "EventStream",
      "patternVersion" : 1,
      "uuid" : "4f6292fe-ec33-4017-807b-a2b9333acdd7"
    },
    "Unwind" : {
      "configuration" : {
        "childStreams" : [ "ProcessRequest" ],
        "outboundProperty" : null,
        "parentStreams" : [ "ResetCreditAndProcessQueue" ],
        "unwindProperty" : null
      },
      "downstreamReferences" : { },
      "pattern" : "Unwind",
      "patternVersion" : 1,
      "uuid" : "afc6ffeb-b694-4506-84ce-0f0eb69dae44"
    }
  },
  "boundService" : "jp.co.vantiq.designpattern.SmoothRemoteService",
  "collaboratorRoles" : [ ],
  "disableBadging" : false,
  "entityRoles" : [ ],
  "isComponent" : false,
  "isEventHandler" : true,
  "keyTypes" : [ "system.collaborations" ],
  "name" : "jp.co.vantiq.designpattern.SmoothRemoteService_Trigger_EventHandler"
}