{
  "ars_properties" : {
    "tags" : [ "#launchable" ]
  },
  "ars_public" : false,
  "ars_relationships" : [ ],
  "controllers" : {
    "client" : { },
    "dataStream" : {
      "ConstDataStream" : { }
    },
    "page" : {
      "Start" : {
        "onStart" : "RELOCATED to controllers/page/Start/onStart.js",
        "widgets" : {
          "Button1" : {
            "onClick" : "RELOCATED to controllers/page/Start/widgets/Button1/onClick.js"
          },
          "Button32" : {
            "onClick" : "RELOCATED to controllers/page/Start/widgets/Button32/onClick.js"
          },
          "Button39" : {
            "onClick" : "RELOCATED to controllers/page/Start/widgets/Button39/onClick.js"
          },
          "Button9" : {
            "onClick" : "RELOCATED to controllers/page/Start/widgets/Button9/onClick.js"
          },
          "DataTable1" : {
            "onButtonClickCallback" : "RELOCATED to controllers/page/Start/widgets/DataTable1/onButtonClickCallback.js"
          },
          "Droplist1" : {
            "onChange" : "RELOCATED to controllers/page/Start/widgets/Droplist1/onChange.js"
          }
        }
      }
    }
  },
  "isComponent" : false,
  "isLaunchable" : true,
  "models" : {
    "dataObjects" : {
      "__GLOBAL__" : {
        "properties" : {
          "Const" : {
            "defaultLabel" : "Const",
            "type" : "TypedObject",
            "typedObject" : {
              "properties" : {
                "integerValue" : {
                  "defaultLabel" : "integerValue",
                  "defaultValue" : 0,
                  "type" : "Integer"
                },
                "key" : {
                  "defaultLabel" : "key",
                  "defaultValue" : "",
                  "type" : "String"
                },
                "numberValue" : {
                  "defaultLabel" : "numberValue",
                  "defaultValue" : 0,
                  "type" : "Real"
                },
                "remark" : {
                  "defaultLabel" : "remark",
                  "defaultValue" : "",
                  "type" : "String"
                },
                "stringValue" : {
                  "defaultLabel" : "stringValue",
                  "defaultValue" : "",
                  "type" : "String"
                }
              },
              "type" : "jp.co.vantiq.designpattern.Const"
            }
          },
          "ConstState" : {
            "defaultLabel" : "ConstState",
            "type" : "Object"
          },
          "SelectedType" : {
            "defaultLabel" : "String",
            "defaultValue" : "String",
            "type" : "String"
          }
        }
      },
      "__PARAMETERS__" : {
        "properties" : { }
      }
    },
    "dataStreams" : [ {
      "advancedWhereClause" : null,
      "basicQueryElement" : [ ],
      "dataObjectName" : null,
      "dataTypeList" : [ {
        "label" : null,
        "type" : "jp.co.vantiq.designpattern.Const"
      } ],
      "isDeleteOp" : false,
      "isInsertOp" : false,
      "isUpdateOp" : false,
      "maxRecords" : 0,
      "name" : "ConstDataStream",
      "pauseAtStartup" : false,
      "property" : null,
      "sortByProperty" : null,
      "sortDescending" : false,
      "type" : 4,
      "updateInterval" : 5,
      "uuid" : "c38593a8-53af-4dfb-9013-f91081028830",
      "v" : 1
    } ]
  },
  "name" : "ConstViewer",
  "options" : {
    "RELOCATE" : [ {
      "path" : "controllers",
      "type" : "js"
    }, {
      "path" : "views",
      "type" : "json"
    } ],
    "activeTab" : "add",
    "badgeCount" : 0,
    "componentConfiguration" : {
      "configurationProperties" : [ ]
    },
    "description" : "",
    "docAssets" : [ ],
    "productV" : "7.9i",
    "showCategoryButtons" : true,
    "showCategoryDataDisplay" : true,
    "showCategoryDataInput" : true,
    "showCategoryLayout" : true,
    "showGridWhileEditing" : false,
    "theme" : {
      "backgroundColor" : "#ffffff",
      "bgImgPosition" : "center",
      "bgImgRepeat" : "no-repeat",
      "bgImgSize" : "auto",
      "borderColor" : "#d3d6db",
      "cardAccentColor" : "#ffffff",
      "cardColor" : "#3c424d",
      "dataDisplayColor" : "#ffffff",
      "dataDisplayColors" : [ "#3cbce1", "#996db8", "#86d557", "#ff9800", "#425b71", "#cc467c", "#01aa93", "#ffca28", "#f583a9", "#1c84d4", "#ff6767", "#4caf50" ],
      "dataInputColor" : "#ffffff",
      "foregroundColor" : "#566076",
      "label" : "Light",
      "name" : "light",
      "titleBarColor" : "#dddddd",
      "titleForegroundColor" : "#1f1d17"
    },
    "themeName" : "light",
    "v" : 5
  },
  "resourceBinding" : {
    "requiredResources" : [ {
      "resource" : "topics",
      "resourceId" : "/my/response/topic",
      "type" : "publishes"
    }, {
      "resource" : "types",
      "resourceId" : "jp.co.vantiq.designpattern.Const",
      "type" : "subscribes_to"
    } ]
  },
  "targetDevice" : "all",
  "userList" : [ ],
  "views" : {
    "Start" : "RELOCATED to views/Start.json"
  }
}