{
  "active" : true,
  "ars_relationships" : [ ],
  "description" : null,
  "eventTypes" : { },
  "globalType" : null,
  "interface" : [ {
    "name" : "load",
    "parameters" : [ {
      "description" : null,
      "multi" : false,
      "name" : "keyP",
      "required" : false,
      "type" : "String"
    } ]
  }, {
    "name" : "save",
    "parameters" : [ {
      "multi" : false,
      "name" : "key",
      "required" : false,
      "type" : "String"
    }, {
      "multi" : true,
      "name" : "obj",
      "required" : false,
      "type" : "Object"
    } ]
  } ],
  "name" : "jp.co.vantiq.designpattern.memento.Memento",
  "partitionedType" : null,
  "replicationFactor" : 1,
  "scheduledProcedures" : { }
}