{
  "active" : true,
  "ars_properties" : {
    "filterPrivateGenerated" : false,
    "filterPublicGenerated" : false
  },
  "ars_relationships" : [ ],
  "description" : null,
  "eventTypes" : { },
  "globalType" : null,
  "interface" : [ {
    "name" : "SemanticSearch",
    "parameters" : [ {
      "description" : null,
      "multi" : false,
      "name" : "question",
      "required" : true,
      "type" : "String"
    }, {
      "description" : null,
      "multi" : false,
      "name" : "convId",
      "required" : false,
      "type" : "String"
    } ],
    "returnType" : {
      "multi" : false,
      "type" : "Object"
    }
  }, {
    "name" : "SendToMatterMost",
    "parameters" : [ {
      "description" : null,
      "multi" : false,
      "name" : "channel_id",
      "required" : false,
      "type" : "String"
    }, {
      "description" : null,
      "multi" : false,
      "name" : "post_id",
      "required" : false,
      "type" : "String"
    }, {
      "description" : null,
      "multi" : false,
      "name" : "llmResponse",
      "required" : false,
      "type" : "Object"
    } ]
  } ],
  "internalEventHandlers" : [ "/collaborationtypes/jp.vantiq.Mattermost.inbound" ],
  "name" : "jp.vantiq.Mattermost",
  "partitionedType" : "jp.vantiq.Mattermost.PartitionedState",
  "replicationFactor" : 1,
  "scheduledProcedures" : { }
}