{
  "activationConstraint" : "",
  "active" : false,
  "ars_properties" : null,
  "config" : {
    "activationConstraint" : "",
    "active" : false,
    "ars_properties" : null,
    "config" : {
      "contentType" : "application/json",
      "password" : "password",
      "passwordType" : "string",
      "serverURIs" : [ "amqps://amazonaws.com:8883" ],
      "topics" : [ "/outbound/1" ],
      "username" : "username"
    },
    "contentType" : "application/json",
    "direction" : "BOTH",
    "messageType" : null,
    "mockProcedures" : { },
    "name" : "AMQP_MQ",
    "passwordType" : "string",
    "serverURIs" : [ "mqtts://amazonaws.com:8883" ],
    "topics" : [ "/outbound/1" ],
    "type" : "AMQP"
  },
  "direction" : "BOTH",
  "messageType" : null,
  "mockProcedures" : { },
  "name" : "AMQP_MQ",
  "type" : "AMQP"
}