{
  "activationConstraint" : "",
  "active" : false,
  "ars_properties" : null,
  "config" : {
    "cleanSession" : true,
    "connectionTimeout" : 15,
    "contentType" : "application/json",
    "keepAliveInterval" : 15,
    "maxInflight" : 10,
    "password" : "password",
    "passwordType" : "string",
    "qos" : "AT_LEAST_ONCE",
    "serverURIs" : [ "mqtts://amazonaws.com:8883" ],
    "topics" : [ "/mq_topic/1" ],
    "username" : "username"
  },
  "direction" : "BOTH",
  "messageType" : null,
  "mockProcedures" : { },
  "name" : "MQTT_MQ",
  "type" : "MQTT"
}