{
  "ars_relationships" : [ ],
  "links" : [ {
    "source" : "scheduledevent/jp.co.vantiq.designpattern.SmoothRemoteSourceTrigger",
    "target" : "topic//jp.co.vantiq.designpattern.SmoothRemoteService/Trigger/handler/inbound"
  }, {
    "source" : "services/jp.co.vantiq.designpattern.SmoothRemoteService",
    "target" : "document/jp.co.vantiq.designpattern.SmoothRemoteService.js"
  }, {
    "source" : "app/jp.co.vantiq.designpattern.SmoothRemoteService_Trigger_EventHandler",
    "target" : "services/jp.co.vantiq.designpattern.SmoothRemoteService"
  }, {
    "source" : "services/jp.co.vantiq.designpattern.SmoothRemoteService",
    "target" : "type/jp.co.vantiq.designpattern.SmoothRemoteService_Global"
  }, {
    "source" : "services/jp.co.vantiq.designpattern.SmoothRemoteService",
    "target" : "type/jp.co.vantiq.designpattern.SmoothRemoteService_notifyResponse"
  }, {
    "source" : "topic//jp.co.vantiq.designpattern.SmoothRemoteService/notifyResponse/outbound",
    "target" : "services/jp.co.vantiq.designpattern.SmoothRemoteService"
  }, {
    "source" : "services/jp.co.vantiq.designpattern.SmoothRemoteService",
    "target" : "procedure/jp.co.vantiq.designpattern.SmoothRemoteService.resetCreditAndProcessQueue"
  }, {
    "source" : "services/jp.co.vantiq.designpattern.SmoothRemoteService",
    "target" : "procedure/jp.co.vantiq.designpattern.SmoothRemoteService.executeRemoteService"
  }, {
    "source" : "services/jp.co.vantiq.designpattern.SmoothRemoteService",
    "target" : "procedure/jp.co.vantiq.designpattern.SmoothRemoteService.initializeGlobalState"
  }, {
    "source" : "services/jp.co.vantiq.designpattern.SmoothRemoteService",
    "target" : "procedure/jp.co.vantiq.designpattern.SmoothRemoteService.requestService"
  }, {
    "source" : "services/jp.co.vantiq.designpattern.SmoothRemoteService",
    "target" : "procedure/jp.co.vantiq.designpattern.SmoothRemoteService.processRequest"
  }, {
    "source" : "app/jp.co.vantiq.designpattern.SmoothRemoteService_Trigger_EventHandler",
    "target" : "procedure/jp.co.vantiq.designpattern.SmoothRemoteService.resetCreditAndProcessQueue"
  }, {
    "source" : "app/jp.co.vantiq.designpattern.SmoothRemoteService_Trigger_EventHandler",
    "target" : "procedure/jp.co.vantiq.designpattern.SmoothRemoteService.processRequest"
  }, {
    "source" : "topic//jp.co.vantiq.designpattern.SmoothRemoteService/processRequest",
    "target" : "app/jp.co.vantiq.designpattern.SmoothRemoteService_Trigger_EventHandler"
  }, {
    "source" : "app/jp.co.vantiq.designpattern.SmoothRemoteService_Trigger_EventHandler",
    "target" : "topic//jp.co.vantiq.designpattern.SmoothRemoteService/notifyResponse/outbound"
  }, {
    "source" : "topic//jp.co.vantiq.designpattern.SmoothRemoteService/Trigger/handler/inbound",
    "target" : "app/jp.co.vantiq.designpattern.SmoothRemoteService_Trigger_EventHandler"
  }, {
    "source" : "procedure/jp.co.vantiq.designpattern.SmoothRemoteService.requestService",
    "target" : "topic//jp.co.vantiq.designpattern.SmoothRemoteService/processRequest"
  }, {
    "source" : "procedure/jp.co.vantiq.designpattern.SmoothRemoteService.requestService",
    "target" : "services/jp.co.vantiq.designpattern.SmoothRemoteService"
  }, {
    "source" : "procedure/jp.co.vantiq.designpattern.SmoothRemoteService.initializeGlobalState",
    "target" : "services/jp.co.vantiq.designpattern.SmoothRemoteService"
  }, {
    "source" : "procedure/jp.co.vantiq.designpattern.SmoothRemoteService.processRequest",
    "target" : "services/jp.co.vantiq.designpattern.SmoothRemoteService"
  }, {
    "source" : "procedure/jp.co.vantiq.designpattern.SmoothRemoteService.processRequest",
    "target" : "procedure/jp.co.vantiq.designpattern.SmoothRemoteService.executeRemoteService"
  }, {
    "source" : "procedure/jp.co.vantiq.designpattern.SmoothRemoteService.resetCreditAndProcessQueue",
    "target" : "services/jp.co.vantiq.designpattern.SmoothRemoteService"
  }, {
    "source" : "procedure/jp.co.vantiq.designpattern.SmoothRemoteService.executeRemoteService",
    "target" : "services/jp.co.vantiq.designpattern.SmoothRemoteService"
  } ],
  "name" : "SmoothRemoteService",
  "options" : {
    "description" : "# Smooth Remote Service Pattern\n\nLimit the number of Remote Procedure Service invocation to avoid exceeding the API calls permitted per interval.\n\n## How to run the sample\nExecute jp.co.vantiq.designpattern.SmoothRemoteService.requestService repeatedly and observe jp.co.vantiq.designpattern.SmoothRemoteService_Trigger_EventHandler and Outbound Events of jp.co.vantiq.designpattern.SmoothRemoteService#notifyResponse. \nThe maximum number of calls is 5 and the credit is reset every minute.",
    "dockCollapsed" : {
      "bottom" : false,
      "left" : false,
      "right" : false,
      "top" : false,
      "viewtabs" : false
    },
    "dockDimensions" : {
      "bottom" : 200,
      "debug" : [ 0, 0, 0 ],
      "left" : 210,
      "right" : 220,
      "top" : 0,
      "viewtabs" : 0
    },
    "dockSort" : 1,
    "filterBitArray" : "ffffffffffffffffffffffffffffffff",
    "isModeloProject" : true,
    "layoutStyle" : "tile",
    "openFolders" : [ "jp.co.vantiq.designpattern", "jp.co.vantiq.designpattern.SmoothRemoteService", "jp.co.vantiq.designpattern/services", "services/jp.co.vantiq.designpattern.SmoothRemoteService" ],
    "rootViewFlavor" : 5,
    "showGrid" : true,
    "tileColumns" : 2,
    "tileRows" : 2,
    "type" : "dev",
    "v" : 5,
    "viewUUID" : "MAINVIEW"
  },
  "resources" : [ {
    "name" : "/jp.co.vantiq.designpattern.SmoothRemoteService/Trigger/handler/inbound",
    "resourceReference" : "/topics//jp.co.vantiq.designpattern.SmoothRemoteService/Trigger/handler/inbound",
    "type" : 10
  }, {
    "name" : "/jp.co.vantiq.designpattern.SmoothRemoteService/notifyResponse/outbound",
    "resourceReference" : "/topics//jp.co.vantiq.designpattern.SmoothRemoteService/notifyResponse/outbound",
    "type" : 10
  }, {
    "name" : "/jp.co.vantiq.designpattern.SmoothRemoteService/processRequest",
    "resourceReference" : "/topics//jp.co.vantiq.designpattern.SmoothRemoteService/processRequest",
    "type" : 10
  }, {
    "name" : "jp.co.vantiq.designpattern.SmoothRemoteService",
    "resourceReference" : "/system.services/jp.co.vantiq.designpattern.SmoothRemoteService",
    "timestamp" : "2022-08-30T05:17:40.800Z",
    "type" : 63
  }, {
    "name" : "jp.co.vantiq.designpattern.SmoothRemoteService.executeRemoteService",
    "packageName" : "jp.co.vantiq.designpattern",
    "procedureName" : "executeRemoteService",
    "resourceReference" : "/procedures/jp.co.vantiq.designpattern.SmoothRemoteService.executeRemoteService",
    "serviceName" : "SmoothRemoteService",
    "timestamp" : "2022-08-30T03:09:31.660Z",
    "type" : 3
  }, {
    "name" : "jp.co.vantiq.designpattern.SmoothRemoteService.initializeGlobalState",
    "packageName" : "jp.co.vantiq.designpattern",
    "procedureName" : "initializeGlobalState",
    "resourceReference" : "/procedures/jp.co.vantiq.designpattern.SmoothRemoteService.initializeGlobalState",
    "serviceName" : "SmoothRemoteService",
    "timestamp" : "2022-08-30T04:43:06.883Z",
    "type" : 3
  }, {
    "name" : "jp.co.vantiq.designpattern.SmoothRemoteService.js",
    "resourceReference" : "/documents/jp.co.vantiq.designpattern.SmoothRemoteService.js",
    "timestamp" : "2022-08-30T05:17:42.207Z",
    "type" : 19
  }, {
    "name" : "jp.co.vantiq.designpattern.SmoothRemoteService.processRequest",
    "packageName" : "jp.co.vantiq.designpattern",
    "procedureName" : "processRequest",
    "resourceReference" : "/procedures/jp.co.vantiq.designpattern.SmoothRemoteService.processRequest",
    "serviceName" : "SmoothRemoteService",
    "timestamp" : "2022-08-30T04:52:37.577Z",
    "type" : 3
  }, {
    "name" : "jp.co.vantiq.designpattern.SmoothRemoteService.requestService",
    "packageName" : "jp.co.vantiq.designpattern",
    "procedureName" : "requestService",
    "resourceReference" : "/procedures/jp.co.vantiq.designpattern.SmoothRemoteService.requestService",
    "serviceName" : "SmoothRemoteService",
    "timestamp" : "2022-08-30T04:56:25.212Z",
    "type" : 3
  }, {
    "name" : "jp.co.vantiq.designpattern.SmoothRemoteService.resetCreditAndProcessQueue",
    "packageName" : "jp.co.vantiq.designpattern",
    "procedureName" : "resetCreditAndProcessQueue",
    "resourceReference" : "/procedures/jp.co.vantiq.designpattern.SmoothRemoteService.resetCreditAndProcessQueue",
    "serviceName" : "SmoothRemoteService",
    "timestamp" : "2022-08-30T04:39:40.719Z",
    "type" : 3
  }, {
    "name" : "jp.co.vantiq.designpattern.SmoothRemoteService_Global",
    "resourceReference" : "/types/jp.co.vantiq.designpattern.SmoothRemoteService_Global",
    "timestamp" : "2022-08-30T04:40:14.233Z",
    "type" : 1
  }, {
    "name" : "jp.co.vantiq.designpattern.SmoothRemoteService_Trigger_EventHandler",
    "resourceReference" : "/collaborationtypes/jp.co.vantiq.designpattern.SmoothRemoteService_Trigger_EventHandler",
    "timestamp" : "2022-08-30T04:59:18.873Z",
    "type" : 12
  }, {
    "name" : "jp.co.vantiq.designpattern.SmoothRemoteService_notifyResponse",
    "resourceReference" : "/types/jp.co.vantiq.designpattern.SmoothRemoteService_notifyResponse",
    "timestamp" : "2022-08-30T03:25:30.453Z",
    "type" : 1
  }, {
    "name" : "jp.co.vantiq.designpattern.SmoothRemoteSourceTrigger",
    "resourceReference" : "/system.scheduledevents/jp.co.vantiq.designpattern.SmoothRemoteSourceTrigger",
    "timestamp" : "2022-08-30T05:07:33.993Z",
    "type" : 17
  } ],
  "tools" : [ {
    "isPinned" : false,
    "name" : "Errors",
    "type" : 13
  }, {
    "isPinned" : false,
    "name" : "Project Contents",
    "type" : 2
  }, {
    "isPinned" : false,
    "name" : "Project を説明",
    "pane" : {
      "c" : 0,
      "r" : 0
    },
    "state" : 2,
    "type" : 82
  }, {
    "isPinned" : false,
    "name" : "jp.co.vantiq.designpattern.SmoothRemoteService",
    "pane" : {
      "c" : 1,
      "r" : 0
    },
    "resourceKey" : "services/jp.co.vantiq.designpattern.SmoothRemoteService",
    "state" : 2,
    "type" : 109
  }, {
    "isPinned" : false,
    "name" : "jp.co.vantiq.designpattern.SmoothRemoteService.requestService",
    "pane" : {
      "c" : 1,
      "r" : 1
    },
    "resourceKey" : "procedure/jp.co.vantiq.designpattern.SmoothRemoteService.requestService",
    "state" : 2,
    "type" : 24
  }, {
    "isPinned" : false,
    "name" : "jp.co.vantiq.designpattern.SmoothRemoteService_Trigger_EventHandler",
    "pane" : {
      "c" : 0,
      "r" : 1
    },
    "resourceKey" : "app/jp.co.vantiq.designpattern.SmoothRemoteService_Trigger_EventHandler",
    "state" : 2,
    "toolOptions" : { },
    "type" : 15
  }, {
    "dockLocation" : "top",
    "isPinned" : false,
    "name" : "非アクティブ ペイン",
    "type" : 99
  } ],
  "type" : "dev",
  "views" : [ {
    "name" : "Project Contents",
    "projectToolKeys" : [ "errorviewer/Errors", "list/Project Contents", "projectdescription/Project を説明", "services/jp.co.vantiq.designpattern.SmoothRemoteService", "cmeditorprocedure/jp.co.vantiq.designpattern.SmoothRemoteService.requestService", "app/jp.co.vantiq.designpattern.SmoothRemoteService_Trigger_EventHandler", "tiledock/非アクティブ ペイン" ]
  } ]
}