{
  "ars_relationships" : [ ],
  "links" : [ {
    "source" : "procedure/jp.co.vantiq.designpattern.CachedRemoteAPI.executeQuery",
    "target" : "services/jp.co.vantiq.designpattern.CachedRemoteAPI"
  }, {
    "source" : "services/jp.co.vantiq.designpattern.CachedRemoteAPI",
    "target" : "procedure/jp.co.vantiq.designpattern.CachedRemoteAPI.executeQuery"
  }, {
    "source" : "services/jp.co.vantiq.designpattern.CachedRemoteAPI",
    "target" : "type/jp.co.vantiq.designpattern.CachedRemoteAPI_Partitioned"
  }, {
    "source" : "services/jp.co.vantiq.designpattern.CachedRemoteAPI",
    "target" : "procedure/jp.co.vantiq.designpattern.CachedRemoteAPI.executeRemoteQuery"
  }, {
    "source" : "services/jp.co.vantiq.designpattern.CachedRemoteAPI",
    "target" : "document/jp.co.vantiq.designpattern.CachedRemoteAPI.js"
  }, {
    "source" : "procedure/jp.co.vantiq.designpattern.CachedRemoteAPI.executeRemoteQuery",
    "target" : "services/jp.co.vantiq.designpattern.CachedRemoteAPI"
  }, {
    "source" : "procedure/jp.co.vantiq.designpattern.CachedRemoteAPIHelper",
    "target" : "procedure/jp.co.vantiq.designpattern.CachedRemoteAPI.executeQuery"
  }, {
    "source" : "procedure/jp.co.vantiq.designpattern.test.CachedRemoteAPITest",
    "target" : "procedure/jp.co.vantiq.designpattern.CachedRemoteAPIHelper"
  }, {
    "source" : "services/jp.co.vantiq.designpattern.CachedRemoteAPI",
    "target" : "procedure/jp.co.vantiq.designpattern.CachedRemoteAPI.constants"
  }, {
    "source" : "procedure/jp.co.vantiq.designpattern.CachedRemoteAPI.constants",
    "target" : "services/jp.co.vantiq.designpattern.CachedRemoteAPI"
  }, {
    "source" : "procedure/jp.co.vantiq.designpattern.CachedRemoteAPI.executeQuery",
    "target" : "procedure/jp.co.vantiq.designpattern.CachedRemoteAPI.constants"
  }, {
    "source" : "procedure/jp.co.vantiq.designpattern.CachedRemoteAPI.executeQuery",
    "target" : "procedure/jp.co.vantiq.designpattern.CachedRemoteAPI.executeRemoteQuery"
  }, {
    "source" : "procedure/jp.co.vantiq.designpattern.CachedRemoteAPI.executeRemoteQuery",
    "target" : "source/jp.co.vantiq.designpattern.RemoteSource"
  }, {
    "source" : "services/jp.co.vantiq.designpattern.CachedRemoteAPI",
    "target" : "procedure/jp.co.vantiq.designpattern.CachedRemoteAPI.flushCache"
  }, {
    "source" : "procedure/jp.co.vantiq.designpattern.CachedRemoteAPI.flushCache",
    "target" : "services/jp.co.vantiq.designpattern.CachedRemoteAPI"
  } ],
  "name" : "CachedRemoteAPI",
  "options" : {
    "description" : "# Cached Remote API Pattern\n\n## Overview\nCaches the returned result from Remote Service query and returns the cached result if it is called with the same query parameter. \nThe cached result is set to expire after some time. \n\n## How to test the sample\n\n1. Open the Service jp.co.vantiq.designpattern.CacheRemoteAPI, then open \"State\" in Implement tab, and clear the State.\n2. Run the Procedure jp.co.vantiq.designpattern.test.CachedRemoteAPITest\n",
    "dockCollapsed" : {
      "bottom" : false,
      "left" : false,
      "right" : false,
      "top" : false,
      "viewtabs" : false
    },
    "dockDimensions" : {
      "bottom" : 260,
      "debug" : [ 838.5, 838.5 ],
      "left" : 264,
      "right" : 220,
      "top" : 0,
      "viewtabs" : 0
    },
    "dockSort" : 1,
    "exclusionList" : [ "source/RemoteSource" ],
    "filterBitArray" : "ffffffffffffffffffffffffffffffff",
    "isModeloProject" : true,
    "layoutStyle" : "tile",
    "openFolders" : [ "jp.co.vantiq.designpattern", "source", "jp.co.vantiq.designpattern/services", "jp.co.vantiq.designpattern/source", "jp.co.vantiq.designpattern/procedure" ],
    "rootViewFlavor" : 5,
    "showGrid" : true,
    "tileColumns" : 2,
    "tileRows" : 2,
    "type" : "dev",
    "v" : 5,
    "viewUUID" : "MAINVIEW"
  },
  "resources" : [ {
    "label" : "jp.co.vantiq.designpattern.CachedRemoteAPI",
    "name" : "jp.co.vantiq.designpattern.CachedRemoteAPI",
    "resourceReference" : "/system.services/jp.co.vantiq.designpattern.CachedRemoteAPI",
    "timestamp" : "2022-07-15T00:54:14.026Z",
    "type" : 63
  }, {
    "label" : "jp.co.vantiq.designpattern.CachedRemoteAPI.constants",
    "name" : "jp.co.vantiq.designpattern.CachedRemoteAPI.constants",
    "packageName" : "jp.co.vantiq.designpattern",
    "procedureName" : "constants",
    "resourceReference" : "/procedures/jp.co.vantiq.designpattern.CachedRemoteAPI.constants",
    "serviceName" : "CachedRemoteAPI",
    "timestamp" : "2022-07-08T08:26:15.852Z",
    "type" : 3
  }, {
    "label" : "jp.co.vantiq.designpattern.CachedRemoteAPI.executeQuery",
    "name" : "jp.co.vantiq.designpattern.CachedRemoteAPI.executeQuery",
    "packageName" : "jp.co.vantiq.designpattern",
    "procedureName" : "executeQuery",
    "resourceReference" : "/procedures/jp.co.vantiq.designpattern.CachedRemoteAPI.executeQuery",
    "serviceName" : "CachedRemoteAPI",
    "timestamp" : "2022-07-08T08:29:45.672Z",
    "type" : 3
  }, {
    "label" : "jp.co.vantiq.designpattern.CachedRemoteAPI.executeRemoteQuery",
    "name" : "jp.co.vantiq.designpattern.CachedRemoteAPI.executeRemoteQuery",
    "packageName" : "jp.co.vantiq.designpattern",
    "procedureName" : "executeRemoteQuery",
    "resourceReference" : "/procedures/jp.co.vantiq.designpattern.CachedRemoteAPI.executeRemoteQuery",
    "serviceName" : "CachedRemoteAPI",
    "timestamp" : "2022-07-08T08:48:02.110Z",
    "type" : 3
  }, {
    "name" : "jp.co.vantiq.designpattern.CachedRemoteAPI.flushCache",
    "packageName" : "jp.co.vantiq.designpattern",
    "procedureName" : "flushCache",
    "resourceReference" : "/procedures/jp.co.vantiq.designpattern.CachedRemoteAPI.flushCache",
    "serviceName" : "CachedRemoteAPI",
    "timestamp" : "2022-07-12T06:46:56.363Z",
    "type" : 3
  }, {
    "label" : "jp.co.vantiq.designpattern.CachedRemoteAPI.js",
    "name" : "jp.co.vantiq.designpattern.CachedRemoteAPI.js",
    "resourceReference" : "/documents/jp.co.vantiq.designpattern.CachedRemoteAPI.js",
    "timestamp" : "2022-07-15T00:54:14.190Z",
    "type" : 19
  }, {
    "label" : "jp.co.vantiq.designpattern.CachedRemoteAPIHelper",
    "name" : "jp.co.vantiq.designpattern.CachedRemoteAPIHelper",
    "packageName" : "jp.co.vantiq.designpattern",
    "procedureName" : "CachedRemoteAPIHelper",
    "resourceReference" : "/procedures/jp.co.vantiq.designpattern.CachedRemoteAPIHelper",
    "timestamp" : "2022-07-08T08:29:32.085Z",
    "type" : 3
  }, {
    "label" : "jp.co.vantiq.designpattern.CachedRemoteAPI_Partitioned",
    "name" : "jp.co.vantiq.designpattern.CachedRemoteAPI_Partitioned",
    "resourceReference" : "/types/jp.co.vantiq.designpattern.CachedRemoteAPI_Partitioned",
    "timestamp" : "2022-07-05T00:44:54.703Z",
    "type" : 1
  }, {
    "label" : "jp.co.vantiq.designpattern.RemoteSource",
    "name" : "jp.co.vantiq.designpattern.RemoteSource",
    "resourceReference" : "/sources/jp.co.vantiq.designpattern.RemoteSource",
    "timestamp" : "2022-07-08T08:17:58.968Z",
    "type" : 4
  }, {
    "label" : "jp.co.vantiq.designpattern.test.CachedRemoteAPITest",
    "name" : "jp.co.vantiq.designpattern.test.CachedRemoteAPITest",
    "packageName" : "jp.co.vantiq.designpattern.test",
    "procedureName" : "CachedRemoteAPITest",
    "resourceReference" : "/procedures/jp.co.vantiq.designpattern.test.CachedRemoteAPITest",
    "timestamp" : "2022-07-08T08:39:58.990Z",
    "type" : 3
  } ],
  "tools" : [ {
    "isPinned" : false,
    "name" : "Project Contents",
    "type" : 2
  }, {
    "isPinned" : false,
    "name" : "Project の説明",
    "pane" : {
      "c" : 0,
      "r" : 0
    },
    "state" : 2,
    "type" : 82
  }, {
    "isPinned" : false,
    "name" : "jp.co.vantiq.designpattern.CachedRemoteAPI",
    "pane" : {
      "c" : 1,
      "r" : 1
    },
    "resourceKey" : "services/jp.co.vantiq.designpattern.CachedRemoteAPI",
    "state" : 2,
    "type" : 109
  }, {
    "isPinned" : false,
    "name" : "jp.co.vantiq.designpattern.CachedRemoteAPI.executeQuery",
    "pane" : {
      "c" : -1,
      "r" : -1
    },
    "resourceKey" : "procedure/jp.co.vantiq.designpattern.CachedRemoteAPI.executeQuery",
    "state" : 4,
    "type" : 24
  }, {
    "isPinned" : false,
    "name" : "jp.co.vantiq.designpattern.CachedRemoteAPIHelper",
    "pane" : {
      "c" : -1,
      "r" : -1
    },
    "resourceKey" : "procedure/jp.co.vantiq.designpattern.CachedRemoteAPIHelper",
    "state" : 4,
    "type" : 24
  }, {
    "isPinned" : false,
    "name" : "jp.co.vantiq.designpattern.RemoteSource",
    "pane" : {
      "c" : -1,
      "r" : -1
    },
    "resourceKey" : "source/jp.co.vantiq.designpattern.RemoteSource",
    "state" : 4,
    "type" : 5
  }, {
    "isPinned" : false,
    "name" : "jp.co.vantiq.designpattern.test.CachedRemoteAPITest",
    "pane" : {
      "c" : 0,
      "r" : 1
    },
    "resourceKey" : "procedure/jp.co.vantiq.designpattern.test.CachedRemoteAPITest",
    "state" : 2,
    "type" : 24
  }, {
    "isPinned" : false,
    "name" : "エラー",
    "type" : 13
  }, {
    "isPinned" : false,
    "name" : "ログメッセージ",
    "type" : 12
  }, {
    "dockLocation" : "top",
    "isPinned" : false,
    "name" : "非アクティブ ペイン",
    "type" : 99
  } ],
  "type" : "dev",
  "views" : [ {
    "name" : "Project Contents",
    "projectToolKeys" : [ "list/Project Contents", "projectdescription/Project の説明", "services/jp.co.vantiq.designpattern.CachedRemoteAPI", "cmeditorprocedure/jp.co.vantiq.designpattern.CachedRemoteAPI.executeQuery", "cmeditorprocedure/jp.co.vantiq.designpattern.CachedRemoteAPIHelper", "subsourceeditor/jp.co.vantiq.designpattern.RemoteSource", "cmeditorprocedure/jp.co.vantiq.designpattern.test.CachedRemoteAPITest", "errorviewer/エラー", "logviewer/ログメッセージ", "tiledock/非アクティブ ペイン" ]
  } ]
}