{
  "activationConstraint" : "",
  "active" : true,
  "ars_properties" : null,
  "ars_relationships" : [ ],
  "autoUnwind" : false,
  "config" : {
    "automaticReconnect" : true,
    "cleanSession" : true,
    "connectionTimeout" : 15,
    "contentType" : "application/json",
    "keepAliveInterval" : 15,
    "maxInflight" : 10,
    "qos" : "AT_LEAST_ONCE",
    "serverURIs" : [ "mqtt://public.vantiq.com:1883" ],
    "topics" : [ ]
  },
  "messageType" : null,
  "mockProcedures" : { },
  "name" : "jp.co.vantiq.ws.datagen.TrainingDataGenMQTT",
  "type" : "MQTT"
}