{
  "active" : true,
  "ars_properties" : {
    "isHidden" : false
  },
  "ars_relationships" : [ ],
  "description" : null,
  "eventTypes" : { },
  "globalType" : null,
  "interface" : [ {
    "description" : "*\n * Documents にアップロードを行います。\n * ※境界区切子は、1文字以上70文字以下でなければなりません。\n * @param {String} baseErrorCode - BACE_ERROR_CODE\n * @param {String} selfErrorCode - SELF_ERROR_CODE\n * @param {String} selfErrorMessage - エラーメッセージ\n * @param {Any Array} errorParams - エラーメッセージ内のパラメータ配列",
    "name" : "Uploader",
    "parameters" : [ {
      "default" : null,
      "description" : null,
      "multi" : false,
      "name" : "fileName",
      "required" : false,
      "type" : null
    }, {
      "default" : null,
      "description" : null,
      "multi" : false,
      "name" : "fileType",
      "required" : false,
      "type" : null
    }, {
      "default" : null,
      "description" : null,
      "multi" : false,
      "name" : "fileContent",
      "required" : false,
      "type" : null
    } ]
  } ],
  "internalEventHandlers" : [ ],
  "name" : "jp.co.vantiq.common.vail.Docs",
  "partitionedType" : null,
  "replicationFactor" : 1,
  "scheduledProcedures" : { }
}