{
  "active" : true,
  "ars_properties" : {
    "isHidden" : false
  },
  "ars_relationships" : [ ],
  "description" : null,
  "eventTypes" : { },
  "globalType" : null,
  "interface" : [ {
    "description" : "*\n * 未定義 エラーを生成します。\n * @param {String} baseErrorCode - BACE_ERROR_CODE\n * @param {String} selfErrorCode - SELF_ERROR_CODE\n * @param {String} selfErrorMessage - エラーメッセージ\n * @param {Object} errorObject - エラーコードとエラーメッセージのドキュメントフォーマットに必要なパラメータオブジェクト\n * @param {Any Array} errorParams - エラーメッセージ内のパラメータ配列",
    "name" : "Except",
    "parameters" : [ {
      "description" : null,
      "multi" : false,
      "name" : "baseErrorCode",
      "required" : true,
      "type" : null
    }, {
      "description" : null,
      "multi" : false,
      "name" : "selfErrorCode",
      "required" : true,
      "type" : null
    }, {
      "description" : null,
      "multi" : false,
      "name" : "selfErrorMessage",
      "required" : true,
      "type" : null
    }, {
      "description" : null,
      "multi" : false,
      "name" : "errorParams",
      "required" : false,
      "type" : null
    } ]
  }, {
    "description" : "*\n * 非存在 エラーを発生させます。\n * @param {String} baseErrorCode - BACE_ERROR_CODE\n * @param {Object} errorObject - エラーコードとエラーメッセージのドキュメントフォーマットに必要なパラメータオブジェクト\n * @param {Any Array} errorParams - エラーメッセージ内のパラメータ配列",
    "name" : "ExceptDoesNotExist",
    "parameters" : [ {
      "description" : null,
      "multi" : false,
      "name" : "baseErrorCode",
      "required" : true,
      "type" : null
    }, {
      "description" : null,
      "multi" : false,
      "name" : "errorObject",
      "required" : false,
      "type" : null
    }, {
      "description" : null,
      "multi" : false,
      "name" : "errorParams",
      "required" : false,
      "type" : null
    } ]
  }, {
    "description" : "*\n * エラーを発生させます。\n * @param {String} baseErrorCode - BACE_ERROR_CODE\n * @param {Object} errorObject - エラーコードとエラーメッセージのドキュメントフォーマットに必要なパラメータオブジェクト\n * @param {Any Array} errorParams - エラーメッセージ内のパラメータ配列",
    "name" : "ExceptError",
    "parameters" : [ {
      "description" : null,
      "multi" : false,
      "name" : "baseErrorCode",
      "required" : true,
      "type" : null
    }, {
      "description" : null,
      "multi" : false,
      "name" : "errorObject",
      "required" : false,
      "type" : null
    }, {
      "description" : null,
      "multi" : false,
      "name" : "errorParams",
      "required" : false,
      "type" : null
    } ]
  }, {
    "description" : "*\n * 失敗 エラーを発生させます。\n * @param {String} baseErrorCode - BACE_ERROR_CODE\n * @param {Object} errorObject - エラーコードとエラーメッセージのドキュメントフォーマットに必要なパラメータオブジェクト\n * @param {Any Array} errorParams - エラーメッセージ内のパラメータ配列",
    "name" : "ExceptFailed",
    "parameters" : [ {
      "description" : null,
      "multi" : false,
      "name" : "baseErrorCode",
      "required" : true,
      "type" : null
    }, {
      "description" : null,
      "multi" : false,
      "name" : "errorObject",
      "required" : false,
      "type" : null
    }, {
      "description" : null,
      "multi" : false,
      "name" : "errorParams",
      "required" : false,
      "type" : null
    } ]
  }, {
    "description" : "*\n * 取得失敗 エラーを発生させます。\n * @param {String} baseErrorCode - BACE_ERROR_CODE\n * @param {Object} errorObject - エラーコードとエラーメッセージのドキュメントフォーマットに必要なパラメータオブジェクト\n * @param {Any Array} errorParams - エラーメッセージ内のパラメータ配列",
    "name" : "ExceptGetFailed",
    "parameters" : [ {
      "description" : null,
      "multi" : false,
      "name" : "baseErrorCode",
      "required" : true,
      "type" : null
    }, {
      "description" : null,
      "multi" : false,
      "name" : "errorObject",
      "required" : false,
      "type" : null
    }, {
      "description" : null,
      "multi" : false,
      "name" : "errorParams",
      "required" : false,
      "type" : null
    } ]
  }, {
    "description" : "*\n * 無効 エラーを発生させます。\n * @param {String} baseErrorCode - BACE_ERROR_CODE\n * @param {Object} errorObject - エラーコードとエラーメッセージのドキュメントフォーマットに必要なパラメータオブジェクト\n * @param {Any Array} errorParams - エラーメッセージ内のパラメータ配列",
    "name" : "ExceptInvalid",
    "parameters" : [ {
      "description" : null,
      "multi" : false,
      "name" : "baseErrorCode",
      "required" : true,
      "type" : null
    }, {
      "description" : null,
      "multi" : false,
      "name" : "errorObject",
      "required" : false,
      "type" : null
    }, {
      "description" : null,
      "multi" : false,
      "name" : "errorParams",
      "required" : false,
      "type" : null
    } ]
  }, {
    "description" : "*\n * 範囲外 エラーを生成します。\n * @param {String} baseErrorCode - BACE_ERROR_CODE\n * @param {Object} errorObject - エラーコードとエラーメッセージのドキュメントフォーマットに必要なパラメータオブジェクト\n * @param {Any Array} errorParams - エラーメッセージ内のパラメータ配列",
    "name" : "ExceptOutOfRange",
    "parameters" : [ {
      "description" : null,
      "multi" : false,
      "name" : "baseErrorCode",
      "required" : true,
      "type" : null
    }, {
      "description" : null,
      "multi" : false,
      "name" : "errorObject",
      "required" : false,
      "type" : null
    }, {
      "description" : null,
      "multi" : false,
      "name" : "errorParams",
      "required" : false,
      "type" : null
    } ]
  }, {
    "description" : "*\n * 権限 エラーを発生させます。\n * @param {String} baseErrorCode - BACE_ERROR_CODE\n * @param {Object} errorObject - エラーコードとエラーメッセージのドキュメントフォーマットに必要なパラメータオブジェクト\n * @param {Any Array} errorParams - エラーメッセージ内のパラメータ配列",
    "name" : "ExceptPermissionDenied",
    "parameters" : [ {
      "description" : null,
      "multi" : false,
      "name" : "baseErrorCode",
      "required" : true,
      "type" : null
    }, {
      "description" : null,
      "multi" : false,
      "name" : "errorObject",
      "required" : false,
      "type" : null
    }, {
      "description" : null,
      "multi" : false,
      "name" : "errorParams",
      "required" : false,
      "type" : null
    } ]
  }, {
    "description" : "*\n * 不明 エラーを発生させます。\n * @param {String} baseErrorCode - BACE_ERROR_CODE\n * @param {Object} errorObject - エラーコードとエラーメッセージのドキュメントフォーマットに必要なパラメータオブジェクト\n * @param {Any Array} errorParams - エラーメッセージ内のパラメータ配列",
    "name" : "ExceptUnknown",
    "parameters" : [ {
      "description" : null,
      "multi" : false,
      "name" : "baseErrorCode",
      "required" : true,
      "type" : null
    }, {
      "description" : null,
      "multi" : false,
      "name" : "errorObject",
      "required" : false,
      "type" : null
    }, {
      "description" : null,
      "multi" : false,
      "name" : "errorParams",
      "required" : false,
      "type" : null
    } ]
  }, {
    "description" : "*\n * 更新失敗 エラーを発生させます。\n * @param {String} baseErrorCode - BACE_ERROR_CODE\n * @param {Object} errorObject - エラーコードとエラーメッセージのドキュメントフォーマットに必要なパラメータオブジェクト\n * @param {Any Array} errorParams - エラーメッセージ内のパラメータ配列",
    "name" : "ExceptUpdateFailed",
    "parameters" : [ {
      "description" : null,
      "multi" : false,
      "name" : "baseErrorCode",
      "required" : true,
      "type" : null
    }, {
      "description" : null,
      "multi" : false,
      "name" : "errorObject",
      "required" : false,
      "type" : null
    }, {
      "description" : null,
      "multi" : false,
      "name" : "errorParams",
      "required" : false,
      "type" : null
    } ]
  }, {
    "description" : "*\n * 共通エラーのエラーコードの元となる BASE_ERROR_CODE を返します。\n * @param {String} serviceName - Service名\n * @param {String} procedureName - Procedure名",
    "name" : "GetBaseErrorCode",
    "parameters" : [ {
      "description" : null,
      "multi" : false,
      "name" : "packageName",
      "required" : true,
      "type" : "String"
    }, {
      "description" : null,
      "multi" : false,
      "name" : "serviceName",
      "required" : true,
      "type" : "String"
    }, {
      "description" : null,
      "multi" : false,
      "name" : "procedureName",
      "required" : true,
      "type" : "String"
    } ],
    "returnType" : {
      "multi" : false,
      "type" : "String"
    }
  }, {
    "description" : "*\n * エラーパラメータを生成し、返します。\n * @param {String} beforeErrorCode - エラーコードの前に挿入したい文字列\n * @param {String} beforeErrorMessage - エラーメッセージの前に挿入したい文字列\n * @param {String} afterErrorCode - エラーコードの後に挿入したい文字列\n * @param {String} afterErrorMessage - エラーメッセージの後に挿入したい文字列",
    "name" : "GetErrorObject",
    "parameters" : [ {
      "description" : null,
      "multi" : false,
      "name" : "beforeErrorCode",
      "required" : false,
      "type" : "String"
    }, {
      "description" : null,
      "multi" : false,
      "name" : "beforeErrorMessage",
      "required" : false,
      "type" : "String"
    }, {
      "description" : null,
      "multi" : false,
      "name" : "afterErrorCode",
      "required" : false,
      "type" : "String"
    }, {
      "description" : null,
      "multi" : false,
      "name" : "afterErrorMessage",
      "required" : false,
      "type" : "String"
    } ],
    "returnType" : {
      "multi" : false,
      "type" : "Object"
    }
  }, {
    "description" : "*\n * 保存失敗 エラーを発生させます。\n * @param {String} baseErrorCode - BACE_ERROR_CODE\n * @param {Object} errorObject - エラーコードとエラーメッセージのドキュメントフォーマットに必要なパラメータオブジェクト\n * @param {Any Array} errorParams - エラーメッセージ内のパラメータ配列",
    "name" : "ExceptSaveFailed",
    "parameters" : [ {
      "default" : null,
      "description" : null,
      "multi" : false,
      "name" : "baseErrorCode",
      "required" : true,
      "type" : null
    }, {
      "default" : null,
      "description" : null,
      "multi" : false,
      "name" : "errorObject",
      "required" : false,
      "type" : null
    }, {
      "default" : null,
      "description" : null,
      "multi" : false,
      "name" : "errorParams",
      "required" : false,
      "type" : null
    } ]
  } ],
  "internalEventHandlers" : [ ],
  "name" : "jp.co.vantiq.common.vail.Error",
  "partitionedType" : null,
  "replicationFactor" : 1,
  "scheduledProcedures" : { }
}