{
  "active" : true,
  "ars_properties" : {
    "isHidden" : false
  },
  "ars_relationships" : [ ],
  "description" : null,
  "eventTypes" : { },
  "globalType" : null,
  "interface" : [ {
    "description" : "*\n * Hash.sha256でハッシュされたバイト配列を16進数文字列にエンコードします。\n * @param {String OR Byte Array} byteArray - Hash.sha256でハッシュされたバイト配列\n * @return {String} - 16進数の文字列",
    "name" : "EncodeSha256ToHex",
    "parameters" : [ {
      "description" : null,
      "multi" : false,
      "name" : "byteArray",
      "required" : true,
      "type" : "String"
    } ],
    "returnType" : {
      "multi" : false,
      "type" : "String"
    }
  }, {
    "description" : "*\n * SHA-256でハッシュされた16進数文字列を返します。\n * @param {String} text - ハッシュ化したい文字列\n * @return {String} - 16進数の文字列",
    "name" : "Sha256",
    "parameters" : [ {
      "default" : null,
      "description" : null,
      "multi" : false,
      "name" : "text",
      "required" : true,
      "type" : "String"
    } ],
    "returnType" : {
      "multi" : false,
      "type" : "String"
    }
  } ],
  "internalEventHandlers" : [ ],
  "name" : "jp.co.vantiq.common.vail.HashEx",
  "partitionedType" : null,
  "replicationFactor" : 1,
  "scheduledProcedures" : { }
}