{
  "active" : true,
  "ars_properties" : {
    "isHidden" : false
  },
  "ars_relationships" : [ ],
  "description" : null,
  "eventTypes" : { },
  "globalType" : null,
  "interface" : [ {
    "description" : "*\n * PKCE の Code Verifier と Code Challenge を発行します。\n * @param {Integer} length - Code Verifier の文字数です。（43～128文字）\n * @return {Object} - Code Verifier と Code Challenge のオブジェクトです。",
    "name" : "GeneratePkceCode",
    "parameters" : [ {
      "default" : null,
      "description" : null,
      "multi" : false,
      "name" : "length",
      "required" : true,
      "type" : "Integer"
    } ],
    "returnType" : {
      "multi" : false,
      "type" : "Object"
    }
  } ],
  "internalEventHandlers" : [ ],
  "name" : "jp.co.vantiq.common.vail.OAuth",
  "partitionedType" : null,
  "replicationFactor" : 1,
  "scheduledProcedures" : { }
}