{
  "active" : true,
  "ars_properties" : {
    "isHidden" : false
  },
  "ars_relationships" : [ ],
  "description" : null,
  "eventTypes" : { },
  "globalType" : null,
  "interface" : [ {
    "description" : "*\n * Objectのvalueを数えます。\n * ※ただしnullは除く\n * @param {Object} obj - 任意のObject\n * @param {Boolean} deep - ネストしたオブジェクトのカウントを行うかどうか（初期値：false）\n * @return {Integer} - nullを除いた個数",
    "name" : "CountValues",
    "parameters" : [ {
      "description" : null,
      "multi" : false,
      "name" : "obj",
      "required" : true,
      "type" : "Object"
    }, {
      "description" : null,
      "multi" : false,
      "name" : "deep",
      "required" : false,
      "type" : "Boolean"
    } ],
    "returnType" : {
      "multi" : false,
      "type" : "Integer"
    }
  }, {
    "description" : "*\n * sourcesオブジェクトをtargetオブジェクトにマージします。\n * @param {Object} target - マージ先のObject\n * @param {Object} sources - マージ元のObject\n * @param {Boolean} arrayMerge - 配列のマージを行うかどうか（初期値：false）\n * @return {Object} - マージ後のオブジェクト",
    "name" : "DeepMerge",
    "parameters" : [ {
      "description" : null,
      "multi" : false,
      "name" : "target",
      "required" : true,
      "type" : "Object"
    }, {
      "description" : null,
      "multi" : false,
      "name" : "sources",
      "required" : true,
      "type" : "Object"
    }, {
      "description" : null,
      "multi" : false,
      "name" : "arrayMerge",
      "required" : false,
      "type" : "Boolean"
    } ],
    "returnType" : {
      "multi" : false,
      "type" : "Object"
    }
  }, {
    "description" : "*\n * Nullを取り除いた Object を返します。\n * @param {Object} obj - 任意のObject\n * @return {Object} - Nullを除いたObject",
    "name" : "ExcludeNull",
    "parameters" : [ {
      "description" : null,
      "multi" : false,
      "name" : "obj",
      "required" : true,
      "type" : "Object"
    } ],
    "returnType" : {
      "multi" : false,
      "type" : "Object"
    }
  }, {
    "description" : "*\n * Keyが一致したObjectのみを返します。\n * @param {Object} obj - 任意のObject\n * @param {String Array} keys - Keyの配列\n * @return {Object} - Keyが一致したObject",
    "name" : "MatchKeys_array",
    "parameters" : [ {
      "description" : null,
      "multi" : false,
      "name" : "obj",
      "required" : true,
      "type" : "Object"
    }, {
      "description" : null,
      "multi" : true,
      "name" : "keys",
      "required" : true,
      "type" : "String"
    } ],
    "returnType" : {
      "multi" : false,
      "type" : "Object"
    }
  }, {
    "description" : "*\n * Keyが一致したObjectのみを返します。\n * @param {Object} obj - 任意のObject\n * @param {Object} keys - Keyが含まれるObject\n * @return {Object} - Keyが一致したObject",
    "name" : "MatchKeys_object",
    "parameters" : [ {
      "description" : null,
      "multi" : false,
      "name" : "obj",
      "required" : true,
      "type" : "Object"
    }, {
      "description" : null,
      "multi" : false,
      "name" : "keys",
      "required" : true,
      "type" : "Object"
    } ],
    "returnType" : {
      "multi" : false,
      "type" : "Object"
    }
  } ],
  "internalEventHandlers" : [ ],
  "name" : "jp.co.vantiq.common.vail.Object",
  "partitionedType" : null,
  "replicationFactor" : 1,
  "scheduledProcedures" : { }
}