{
  "active" : true,
  "ars_properties" : {
    "isHidden" : false
  },
  "ars_relationships" : [ ],
  "description" : null,
  "eventTypes" : { },
  "globalType" : null,
  "interface" : [ {
    "description" : "*\n * 2進数の文字列の値を反転して返します。\n * @param {String} binary - 2進数の文字列\n * @return {Integer} - 2進数の文字列",
    "name" : "BinNot",
    "parameters" : [ {
      "description" : null,
      "multi" : false,
      "name" : "binary",
      "required" : true,
      "type" : "String"
    } ],
    "returnType" : {
      "multi" : false,
      "type" : "String"
    }
  }, {
    "description" : "*\n * 2進数の文字列を10進数の数値に変換して返します。\n * @param {String} binary - 2進数の文字列\n * @return {Integer} - 10進数の数値",
    "name" : "BinToDec",
    "parameters" : [ {
      "description" : null,
      "multi" : false,
      "name" : "binary",
      "required" : true,
      "type" : "String"
    } ],
    "returnType" : {
      "multi" : false,
      "type" : "Integer"
    }
  }, {
    "description" : "*\n * 2進数の文字列を16進数の文字列に変換して返します。\n * @param {String} binary - 2進数の文字列\n * @return {Integer} - 16進数の文字列",
    "name" : "BinToHex",
    "parameters" : [ {
      "description" : null,
      "multi" : false,
      "name" : "binary",
      "required" : true,
      "type" : "String"
    } ],
    "returnType" : {
      "multi" : false,
      "type" : "String"
    }
  }, {
    "description" : "*\n * 10進数の数値を2進数の文字列に変換して返します。\n * ※再帰処理を用いているため、呼び出し上限に注意してください。\n * @param {Integer} decimal - 10進数の数値\n * @return {String} - 2進数の文字列",
    "name" : "DecToBin",
    "parameters" : [ {
      "description" : null,
      "multi" : false,
      "name" : "decimal",
      "required" : true,
      "type" : "Integer"
    } ],
    "returnType" : {
      "multi" : false,
      "type" : "String"
    }
  }, {
    "description" : "*\n * Real型の小数値の最も小さい値を減分します。\n * @param {Real} targetValue - 減分したいReal型の値\n * @param {Integer} decrementValue - 減分値\n * @return {Real} - 減分後のReal型の値",
    "name" : "DecrementLastReal",
    "parameters" : [ {
      "description" : null,
      "multi" : false,
      "name" : "targetValue",
      "required" : true,
      "type" : "Real"
    }, {
      "description" : null,
      "multi" : false,
      "name" : "decrementValue",
      "required" : true,
      "type" : "Integer"
    } ],
    "returnType" : {
      "multi" : false,
      "type" : "Real"
    }
  }, {
    "description" : "*\n * Procedure の詳細を返します。\n * @param {String} procedureName - Procedure 名\n //* @param {String} serviceName - Service 名\n * @return {Integer} - Procedure の詳細",
    "name" : "GetProcedure",
    "parameters" : [ {
      "description" : null,
      "multi" : false,
      "name" : "procedureName",
      "required" : true,
      "type" : "String"
    } ]
  }, {
    "description" : "*\n * Service に含まれる Procedure 名の一覧を返します。\n * @param {String} serviceName - Service 名\n * @return {Integer} - Procedure 名の一覧",
    "name" : "GetProcedureNames",
    "parameters" : [ {
      "default" : null,
      "description" : null,
      "multi" : false,
      "name" : "serviceName",
      "required" : true,
      "type" : "String"
    } ],
    "returnType" : {
      "multi" : true,
      "type" : "String"
    }
  }, {
    "description" : "*\n * Service に含まれる Procedure の一覧を返します。\n * @param {String} serviceName - Service 名\n * @return {Integer} - Procedure の一覧",
    "name" : "GetProcedures",
    "parameters" : [ {
      "description" : null,
      "multi" : false,
      "name" : "serviceName",
      "required" : true,
      "type" : "String"
    } ],
    "returnType" : {
      "multi" : true,
      "type" : "Object"
    }
  }, {
    "description" : "*\n * Real型の小数値の最も小さい値を増分します。\n * @param {Real} targetValue - 増分したいReal型の値\n * @param {Integer} incrementValue - 増分値\n * @return {Real} - 増分後のReal型の値",
    "name" : "IncrementLastReal",
    "parameters" : [ {
      "description" : null,
      "multi" : false,
      "name" : "targetValue",
      "required" : true,
      "type" : "Real"
    }, {
      "description" : null,
      "multi" : false,
      "name" : "incrementValue",
      "required" : true,
      "type" : "Integer"
    } ],
    "returnType" : {
      "multi" : false,
      "type" : "Real"
    }
  }, {
    "description" : "*\n * 右寄せでゼロパディングを行います。（前ゼロ）\n * ※ゼロパディングを行う値は、String型である必要があります\n * @param {String} number - ゼロパディングしたいString型の数値\n * @param {Integer} digit - ゼロパディング後の桁数\n * @return {String} - 増分後のReal型の値",
    "name" : "LeadingZeroPadding",
    "parameters" : [ {
      "description" : null,
      "multi" : false,
      "name" : "number",
      "required" : true,
      "type" : "String"
    }, {
      "description" : null,
      "multi" : false,
      "name" : "digit",
      "required" : true,
      "type" : "Integer"
    } ],
    "returnType" : {
      "multi" : false,
      "type" : "String"
    }
  }, {
    "description" : "*\n * ランダムな文字列を生成します。\n * Base64エンコード文字列に沿って生成されています。\n * @param {Integer} size - 生成するバイト数です。\n * @return {String} - 生成されたランダムな文字列です。",
    "name" : "RandomBytes",
    "parameters" : [ {
      "description" : null,
      "multi" : false,
      "name" : "size",
      "required" : true,
      "type" : "Integer"
    } ],
    "returnType" : {
      "multi" : false,
      "type" : "String"
    }
  }, {
    "description" : "*\n * 符号付き10進数の数値を2進数の文字列に変換して返します。\n * ※有効範囲は -128 ～ 127 です。\n * @param {Integer} signedDecimal - 符号付き10進数の数値\n * @return {String} - 2進数の文字列",
    "name" : "SignedDecToBin",
    "parameters" : [ {
      "description" : null,
      "multi" : false,
      "name" : "signedDecimal",
      "required" : true,
      "type" : "Integer"
    } ],
    "returnType" : {
      "multi" : false,
      "type" : "String"
    }
  }, {
    "description" : "*\n * 符号付き10進数の数値を16進数の文字列に変換して返します。\n * ※有効範囲は -128 ～ 127 です。\n * @param {Integer} signedDecimal - 符号付き10進数の数値\n * @return {String} - 16進数の文字列",
    "name" : "SignedDecToHex",
    "parameters" : [ {
      "description" : null,
      "multi" : false,
      "name" : "signedDecimal",
      "required" : true,
      "type" : "Integer"
    } ],
    "returnType" : {
      "multi" : false,
      "type" : "String"
    }
  } ],
  "internalEventHandlers" : [ ],
  "name" : "jp.co.vantiq.common.vail.Utility",
  "partitionedType" : null,
  "replicationFactor" : 1,
  "scheduledProcedures" : { }
}