{
  "ars_relationships" : [ ],
  "links" : [ {
    "source" : "app/BoxSorter",
    "target" : "type/sorting_condition"
  }, {
    "source" : "app/BoxSorter",
    "target" : "source/SortingResultMqtt"
  }, {
    "source" : "source/SortingResultMqtt",
    "target" : "services/apps.services.BoxSorter"
  }, {
    "source" : "services/apps.services.BoxSorter",
    "target" : "procedure/apps.services.BoxSorter.AttachConditionStateReset"
  }, {
    "source" : "services/apps.services.BoxSorter",
    "target" : "procedure/apps.services.BoxSorter.AttachConditionStateGet"
  }, {
    "source" : "services/apps.services.BoxSorter",
    "target" : "procedure/apps.services.BoxSorter.AttachConditionStateGetForEvent"
  }, {
    "source" : "services/apps.services.BoxSorter",
    "target" : "type/apps.BoxSorter.PartitionedAppState"
  }, {
    "source" : "app/BoxSorter",
    "target" : "procedure/apps.services.BoxSorter.AttachConditionStateGetForEvent"
  }, {
    "source" : "app/BoxSorter",
    "target" : "services/apps.services.BoxSorter"
  }, {
    "source" : "services/apps.services.BoxSorter",
    "target" : "app/BoxSorter"
  }, {
    "source" : "procedure/apps.services.BoxSorter.AttachConditionStateGetForEvent",
    "target" : "services/apps.services.BoxSorter"
  }, {
    "source" : "procedure/apps.services.BoxSorter.AttachConditionStateReset",
    "target" : "services/apps.services.BoxSorter"
  }, {
    "source" : "procedure/apps.services.BoxSorter.AttachConditionStateGet",
    "target" : "services/apps.services.BoxSorter"
  }, {
    "source" : "eventstream/apps.BoxSorter.ReceiveBoxInfo",
    "target" : "topic//apps.BoxSorter/debug"
  }, {
    "source" : "eventstream/apps.BoxSorter.ReceiveBoxInfo",
    "target" : "eventstream/apps.BoxSorter.SplitByCode"
  }, {
    "source" : "eventstream/apps.BoxSorter.SplitByCode",
    "target" : "topic//apps.BoxSorter/debug"
  }, {
    "source" : "eventstream/apps.BoxSorter.AttachCondition",
    "target" : "type/sorting_condition"
  }, {
    "source" : "eventstream/apps.BoxSorter.AttachCondition",
    "target" : "topic//apps.BoxSorter/debug"
  }, {
    "source" : "eventstream/apps.BoxSorter.AttachCondition",
    "target" : "procedure/apps.services.BoxSorter.AttachConditionStateGetForEvent"
  }, {
    "source" : "eventstream/apps.BoxSorter.SplitByCode",
    "target" : "eventstream/apps.BoxSorter.AttachCondition"
  }, {
    "source" : "source/BoxInfoMqtt",
    "target" : "app/BoxSorter"
  }, {
    "source" : "source/BoxInfoMqtt",
    "target" : "services/apps.services.BoxSorter"
  }, {
    "source" : "source/BoxInfoMqtt",
    "target" : "eventstream/apps.BoxSorter.ReceiveBoxInfo"
  }, {
    "source" : "services/apps.services.BoxSorter",
    "target" : "procedure/apps.services.BoxSorter.AttachConditionStateResetAll"
  }, {
    "source" : "services/apps.services.BoxSorter",
    "target" : "type/apps.BoxSorter.PartitionedState"
  }, {
    "source" : "procedure/apps.services.BoxSorter.AttachConditionStateResetAll",
    "target" : "topic//apps.BoxSorter/debug"
  }, {
    "source" : "procedure/apps.services.BoxSorter.AttachConditionStateResetAll",
    "target" : "procedure/apps.services.BoxSorter.AttachConditionStateGet"
  }, {
    "source" : "procedure/apps.services.BoxSorter.AttachConditionStateResetAll",
    "target" : "services/apps.services.BoxSorter"
  }, {
    "source" : "procedure/apps.services.BoxSorter.AttachConditionStateGetForEvent",
    "target" : "type/sorting_condition"
  }, {
    "source" : "services/apps.services.BoxSorter",
    "target" : "document/apps.services.BoxSorter.js"
  }, {
    "source" : "app/BoxSorter",
    "target" : "type/unregistered_item"
  } ],
  "name" : "box_sorter",
  "options" : {
    "description" : "",
    "dockCollapsed" : {
      "bottom" : false,
      "left" : false,
      "right" : false,
      "top" : false,
      "viewtabs" : false
    },
    "dockDimensions" : {
      "bottom" : 200,
      "debug" : [ 737.25, 1179.75 ],
      "left" : 248,
      "right" : 220,
      "top" : 0,
      "viewtabs" : 0
    },
    "dockSort" : 1,
    "exclusionList" : [ "app/BoxSorter_sample", "procedure/publishTestEvent", "services/system.ActivityPattern", "services/system.Utils", "source/IncomingMqtt", "source/InflowMqtt", "type/sort_condition_sample" ],
    "filterBitArray" : "ffffffffffffffffffffffffffffffff",
    "isModeloProject" : true,
    "layoutStyle" : "tile",
    "openFolders" : [ "app", "source", "type" ],
    "rootViewFlavor" : 5,
    "showGrid" : true,
    "tileColumns" : 2,
    "tileRows" : 1,
    "type" : "dev",
    "v" : 5,
    "viewUUID" : "MAINVIEW"
  },
  "partitions" : [ ],
  "resources" : [ {
    "label" : "/apps.BoxSorter/debug",
    "name" : "/apps.BoxSorter/debug",
    "resourceReference" : "/topics//apps.BoxSorter/debug",
    "type" : 10
  }, {
    "label" : "BoxInfoMqtt",
    "name" : "BoxInfoMqtt",
    "resourceReference" : "/sources/BoxInfoMqtt",
    "timestamp" : "2023-09-21T04:29:50.946Z",
    "type" : 4
  }, {
    "label" : "BoxSorter",
    "name" : "BoxSorter",
    "resourceReference" : "/collaborationtypes/BoxSorter",
    "timestamp" : "2023-09-21T04:35:07.920Z",
    "type" : 12
  }, {
    "label" : "SortingResultMqtt",
    "name" : "SortingResultMqtt",
    "resourceReference" : "/sources/SortingResultMqtt",
    "timestamp" : "2023-09-21T04:29:50.946Z",
    "type" : 4
  }, {
    "label" : "apps.BoxSorter.AttachCondition",
    "name" : "apps.BoxSorter.AttachCondition",
    "resourceReference" : "/system.eventstreams/apps.BoxSorter.AttachCondition",
    "timestamp" : "2023-09-21T04:29:54.654Z",
    "type" : 14
  }, {
    "label" : "apps.BoxSorter.PartitionedAppState",
    "name" : "apps.BoxSorter.PartitionedAppState",
    "resourceReference" : "/types/apps.BoxSorter.PartitionedAppState",
    "timestamp" : "2023-09-21T04:29:49.964Z",
    "type" : 1
  }, {
    "label" : "apps.BoxSorter.PartitionedState",
    "name" : "apps.BoxSorter.PartitionedState",
    "resourceReference" : "/types/apps.BoxSorter.PartitionedState",
    "timestamp" : "2023-09-21T04:29:52.771Z",
    "type" : 1
  }, {
    "label" : "apps.BoxSorter.ReceiveBoxInfo",
    "name" : "apps.BoxSorter.ReceiveBoxInfo",
    "resourceReference" : "/system.eventstreams/apps.BoxSorter.ReceiveBoxInfo",
    "timestamp" : "2023-09-21T04:29:52.802Z",
    "type" : 14
  }, {
    "label" : "apps.BoxSorter.SplitByCode",
    "name" : "apps.BoxSorter.SplitByCode",
    "resourceReference" : "/system.eventstreams/apps.BoxSorter.SplitByCode",
    "timestamp" : "2023-09-21T04:29:52.867Z",
    "type" : 14
  }, {
    "label" : "apps.services.BoxSorter",
    "name" : "apps.services.BoxSorter",
    "resourceReference" : "/system.services/apps.services.BoxSorter",
    "timestamp" : "2023-09-21T04:29:54.441Z",
    "type" : 63
  }, {
    "label" : "apps.services.BoxSorter.AttachConditionStateGet",
    "name" : "apps.services.BoxSorter.AttachConditionStateGet",
    "packageName" : "apps.services",
    "procedureName" : "AttachConditionStateGet",
    "resourceReference" : "/procedures/apps.services.BoxSorter.AttachConditionStateGet",
    "serviceName" : "BoxSorter",
    "timestamp" : "2023-09-21T04:29:53.590Z",
    "type" : 3
  }, {
    "label" : "apps.services.BoxSorter.AttachConditionStateGetForEvent",
    "name" : "apps.services.BoxSorter.AttachConditionStateGetForEvent",
    "packageName" : "apps.services",
    "procedureName" : "AttachConditionStateGetForEvent",
    "resourceReference" : "/procedures/apps.services.BoxSorter.AttachConditionStateGetForEvent",
    "serviceName" : "BoxSorter",
    "timestamp" : "2023-09-21T04:29:53.023Z",
    "type" : 3
  }, {
    "label" : "apps.services.BoxSorter.AttachConditionStateReset",
    "name" : "apps.services.BoxSorter.AttachConditionStateReset",
    "packageName" : "apps.services",
    "procedureName" : "AttachConditionStateReset",
    "resourceReference" : "/procedures/apps.services.BoxSorter.AttachConditionStateReset",
    "serviceName" : "BoxSorter",
    "timestamp" : "2023-09-21T04:29:53.925Z",
    "type" : 3
  }, {
    "label" : "apps.services.BoxSorter.AttachConditionStateResetAll",
    "name" : "apps.services.BoxSorter.AttachConditionStateResetAll",
    "packageName" : "apps.services",
    "procedureName" : "AttachConditionStateResetAll",
    "resourceReference" : "/procedures/apps.services.BoxSorter.AttachConditionStateResetAll",
    "serviceName" : "BoxSorter",
    "timestamp" : "2023-09-21T04:29:54.287Z",
    "type" : 3
  }, {
    "label" : "apps.services.BoxSorter.js",
    "name" : "apps.services.BoxSorter.js",
    "resourceReference" : "/documents/apps.services.BoxSorter.js",
    "timestamp" : "2023-09-21T04:29:54.568Z",
    "type" : 19
  }, {
    "label" : "sorting_condition",
    "name" : "sorting_condition",
    "resourceReference" : "/types/sorting_condition",
    "timestamp" : "2023-09-21T04:29:50.015Z",
    "type" : 1
  }, {
    "label" : "unregistered_item",
    "name" : "unregistered_item",
    "resourceReference" : "/types/unregistered_item",
    "timestamp" : "2023-09-21T04:29:50.013Z",
    "type" : 1
  } ],
  "tools" : [ {
    "isPinned" : false,
    "name" : "BoxSorter",
    "pane" : {
      "c" : 0,
      "r" : 0
    },
    "resourceKey" : "app/BoxSorter",
    "state" : 2,
    "toolOptions" : { },
    "type" : 15
  }, {
    "isPinned" : false,
    "name" : "Errors",
    "type" : 13
  }, {
    "isPinned" : false,
    "name" : "Log メッセージ",
    "type" : 12
  }, {
    "isPinned" : false,
    "name" : "Project Contents",
    "type" : 2
  }, {
    "dockLocation" : "top",
    "isPinned" : false,
    "name" : "非アクティブ ペイン",
    "type" : 99
  } ],
  "type" : "dev",
  "views" : [ {
    "name" : "Project Contents",
    "projectToolKeys" : [ "app/BoxSorter", "errorviewer/Errors", "logviewer/Log メッセージ", "list/Project Contents", "tiledock/非アクティブ ペイン" ]
  } ]
}