{
  "active" : true,
  "appType" : true,
  "ars_properties" : {
    "dataVersion" : 5,
    "graph" : {
      "lastZoomRequest" : 0,
      "scale" : 1.1590897090659487,
      "translate" : [ 64.91807909604519, 209 ]
    },
    "groupSettings" : {
      "appGroupOpenHash" : {
        "actions" : true,
        "filters" : true,
        "flowControl" : true
      },
      "ctGroupOpenHash" : {
        "actions" : true,
        "mobile" : true
      },
      "ctServiceOpen" : false,
      "serviceGroupOpenHash" : { }
    }
  },
  "assembly" : {
    "AMQP" : {
      "configuration" : {
        "condition" : "",
        "inboundResource" : "sources",
        "inboundResourceId" : "AMQP_EH",
        "parentStreams" : [ ],
        "upsert" : false
      },
      "pattern" : "EventStream",
      "uuid" : "36837606-bff8-487d-8aaa-c512b2f5fd6d"
    },
    "Kafka" : {
      "configuration" : {
        "condition" : "",
        "inboundResource" : "sources",
        "inboundResourceId" : "KAFKA_EH",
        "parentStreams" : [ ],
        "upsert" : false
      },
      "pattern" : "EventStream",
      "uuid" : "2bc18c45-21a1-489a-a037-953c64f7e2d7"
    }
  },
  "collaboratorRoles" : [ ],
  "compilerOCC" : 1,
  "currentState" : {
    "code" : "success"
  },
  "description" : "false",
  "disableBadging" : false,
  "entityRoles" : [ ],
  "isComponent" : false,
  "keyTypes" : [ "system.collaborations" ],
  "name" : "EH_App",
  "resourceBinding" : {
    "optionalResources" : [ ],
    "requiredResources" : [ {
      "resource" : "system.eventstreams",
      "resourceId" : "apps.EH_App.AMQP"
    }, {
      "resource" : "system.eventstreams",
      "resourceId" : "apps.EH_App.Kafka"
    }, {
      "resource" : "rules",
      "resourceId" : "apps.EH_App.AMQP"
    }, {
      "resource" : "rules",
      "resourceId" : "apps.EH_App.Kafka"
    } ]
  }
}