{
  "active" : true,
  "ars_relationships" : [ ],
  "description" : null,
  "eventTypes" : {
    "InputStream" : {
      "direction" : "INBOUND",
      "implementingResource" : "/collaborationtypes/jp.co.vantiq.designpattern.StreamToBulkInsert_InputStream_EventHandler"
    }
  },
  "globalType" : "jp.co.vantiq.designpattern.StreamToBulkInsert_Global",
  "interface" : [ {
    "name" : "accumulateRecs",
    "parameters" : [ {
      "default" : null,
      "description" : null,
      "multi" : false,
      "name" : "event",
      "required" : false,
      "type" : "Object"
    }, {
      "default" : null,
      "description" : null,
      "multi" : false,
      "name" : "max_records",
      "required" : false,
      "type" : "Integer"
    } ]
  }, {
    "name" : "bulkinsert",
    "parameters" : [ {
      "description" : null,
      "multi" : false,
      "name" : "upsertRecs",
      "required" : false,
      "type" : null
    } ]
  }, {
    "name" : "getrecs",
    "parameters" : [ ]
  } ],
  "name" : "jp.co.vantiq.designpattern.StreamToBulkInsert",
  "partitionedType" : null,
  "scheduledProcedures" : { }
}