{
  "active" : true,
  "ars_relationships" : [ ],
  "description" : null,
  "eventTypes" : {
    "Trigger" : {
      "direction" : "INBOUND",
      "implementingResource" : "/collaborationtypes/jp.co.vantiq.designpattern.SmoothRemoteService_Trigger_EventHandler/TimeTrigger"
    },
    "notifyResponse" : {
      "description" : "Response from the service, which contains the original event and the response from the service",
      "direction" : "OUTBOUND",
      "eventSchema" : "jp.co.vantiq.designpattern.SmoothRemoteService_notifyResponse",
      "implementingEventPath" : "/topics//jp.co.vantiq.designpattern.SmoothRemoteService/notifyResponse/outbound",
      "isReliable" : false
    }
  },
  "globalType" : "jp.co.vantiq.designpattern.SmoothRemoteService_Global",
  "interface" : [ {
    "description" : "This is to request the remote service. The request will be queued.",
    "name" : "requestService",
    "parameters" : [ {
      "multi" : false,
      "name" : "event",
      "required" : false,
      "type" : "Object"
    }, {
      "multi" : false,
      "name" : "param",
      "required" : false,
      "type" : "Object"
    } ]
  } ],
  "name" : "jp.co.vantiq.designpattern.SmoothRemoteService",
  "partitionedType" : null,
  "replicationFactor" : 1,
  "scheduledProcedures" : { }
}