{
  "ars_relationships" : [ ],
  "links" : [ {
    "source" : "app/jp.co.vantiq.designpattern.ControlACApp",
    "target" : "procedure/jp.co.vantiq.designpattern.ControlACApp.AccumulateStateStateUpdate"
  }, {
    "source" : "services/jp.co.vantiq.designpattern.ControlACApp",
    "target" : "type/jp.co.vantiq.designpattern.ControlACApp.PartitionedAppState"
  }, {
    "source" : "services/jp.co.vantiq.designpattern.ControlACApp",
    "target" : "procedure/jp.co.vantiq.designpattern.ControlACApp.AccumulateStateStateGet"
  }, {
    "source" : "services/jp.co.vantiq.designpattern.ControlACApp",
    "target" : "procedure/jp.co.vantiq.designpattern.ControlACApp.AccumulateStateStateReset"
  }, {
    "source" : "services/jp.co.vantiq.designpattern.ControlACApp",
    "target" : "procedure/jp.co.vantiq.designpattern.ControlACApp.AccumulateStateStateUpdate"
  }, {
    "source" : "procedure/jp.co.vantiq.designpattern.ControlACApp.AccumulateStateStateUpdate",
    "target" : "procedure/jp.co.vantiq.designpattern.ControlACApp.accumulate_ac_state"
  }, {
    "source" : "procedure/jp.co.vantiq.designpattern.ControlACApp.AccumulateStateStateUpdate",
    "target" : "services/jp.co.vantiq.designpattern.ControlACApp"
  }, {
    "source" : "procedure/jp.co.vantiq.designpattern.ControlACApp.AccumulateStateStateGet",
    "target" : "services/jp.co.vantiq.designpattern.ControlACApp"
  }, {
    "source" : "procedure/jp.co.vantiq.designpattern.ControlACApp.AccumulateStateStateReset",
    "target" : "services/jp.co.vantiq.designpattern.ControlACApp"
  }, {
    "source" : "services/jp.co.vantiq.designpattern.ControlACApp",
    "target" : "procedure/jp.co.vantiq.designpattern.ControlACApp.accumulate_ac_state"
  }, {
    "source" : "procedure/jp.co.vantiq.designpattern.ControlACApp.accumulate_ac_state",
    "target" : "services/jp.co.vantiq.designpattern.ControlACApp"
  }, {
    "source" : "services/jp.co.vantiq.designpattern.ControlACApp",
    "target" : "document/jp.co.vantiq.designpattern.ControlACApp.js"
  }, {
    "source" : "services/jp.co.vantiq.designpattern.ControlACApp",
    "target" : "type/jp.co.vantiq.designpattern.AirConditionerControl"
  }, {
    "source" : "services/jp.co.vantiq.designpattern.ControlACApp",
    "target" : "type/jp.co.vantiq.designpattern.HumidityType"
  }, {
    "source" : "services/jp.co.vantiq.designpattern.ControlACApp",
    "target" : "type/jp.co.vantiq.designpattern.TempType"
  }, {
    "source" : "topic//jp.co.vantiq.designpattern/control/inbound",
    "target" : "type/jp.co.vantiq.designpattern.AirConditionerControl"
  }, {
    "source" : "topic//jp.co.vantiq.designpattern/humidity/inbound",
    "target" : "type/jp.co.vantiq.designpattern.HumidityType"
  }, {
    "source" : "topic//jp.co.vantiq.designpattern/temperature/inbound",
    "target" : "type/jp.co.vantiq.designpattern.TempType"
  }, {
    "source" : "topic//jp.co.vantiq.designpattern/humidity/inbound",
    "target" : "app/jp.co.vantiq.designpattern.ControlACApp"
  }, {
    "source" : "topic//jp.co.vantiq.designpattern/control/inbound",
    "target" : "app/jp.co.vantiq.designpattern.ControlACApp"
  }, {
    "source" : "topic//jp.co.vantiq.designpattern/temperature/inbound",
    "target" : "app/jp.co.vantiq.designpattern.ControlACApp"
  }, {
    "source" : "topic//jp.co.vantiq.designpattern/control/inbound",
    "target" : "services/jp.co.vantiq.designpattern.ControlACApp"
  }, {
    "source" : "topic//jp.co.vantiq.designpattern/humidity/inbound",
    "target" : "services/jp.co.vantiq.designpattern.ControlACApp"
  }, {
    "source" : "topic//jp.co.vantiq.designpattern/temperature/inbound",
    "target" : "services/jp.co.vantiq.designpattern.ControlACApp"
  }, {
    "source" : "app/jp.co.vantiq.designpattern.ControlACApp",
    "target" : "services/jp.co.vantiq.designpattern.ControlACApp"
  }, {
    "source" : "services/jp.co.vantiq.designpattern.ControlACApp",
    "target" : "app/jp.co.vantiq.designpattern.ControlACApp"
  }, {
    "source" : "eventgenerator/jp.co.vantiq.designpattern.TransposeEventGenerator",
    "target" : "topic//jp.co.vantiq.designpattern/control/inbound"
  }, {
    "source" : "eventgenerator/jp.co.vantiq.designpattern.TransposeEventGenerator",
    "target" : "topic//jp.co.vantiq.designpattern/humidity/inbound"
  }, {
    "source" : "eventgenerator/jp.co.vantiq.designpattern.TransposeEventGenerator",
    "target" : "topic//jp.co.vantiq.designpattern/temperature/inbound"
  } ],
  "name" : "Transpose",
  "options" : {
    "description" : "# Transpose Pattern\n\nUse the AccumulateState task to perform side-by-side input timing-independent integration of the properties of three or more streams with a common ID.\n\n## How to test\n\nOpen EventGenerator jp.co.vantiq.designpattern.TransposeEventGenerator, then start Generator.",
    "dockCollapsed" : {
      "bottom" : false,
      "left" : false,
      "right" : false,
      "top" : false,
      "viewtabs" : false
    },
    "dockDimensions" : {
      "bottom" : 200,
      "debug" : [ 0, 0, 0 ],
      "left" : 296,
      "right" : 220,
      "top" : 0,
      "viewtabs" : 0
    },
    "dockSort" : 1,
    "exclusionList" : [ "topic//sensor/input/1", "topic//sensor/input/2", "topic//sensor/input/3", "type/AirConditionerControl", "type/HumidityType", "type/TempType", "type/apps.ControlACApp.PartitionedAppState", "type/jp.co.vantiq.designpattern.AirConditionerControl_Copy" ],
    "filterBitArray" : "ffffffffffffffffffffffffffffffff",
    "isModeloProject" : true,
    "layoutStyle" : "tile",
    "openFolders" : [ "app", "type", "jp.co.vantiq.designpattern", "jp.co.vantiq.designpattern/type", "procedure", "jp.co.vantiq.designpattern/services", "topic", "jp.co.vantiq.designpattern/topic", "VIEWROOT/apps.ControlACApp", "VIEWROOT/apps.ControlACApp/type", "jp.co.vantiq.designpattern.ControlACApp", "jp.co.vantiq.designpattern.ControlACApp/type", "jp.co.vantiq.designpattern/eventgenerator" ],
    "rootViewFlavor" : 5,
    "showGrid" : true,
    "tileColumns" : 2,
    "tileRows" : 3,
    "type" : "dev",
    "v" : 5,
    "viewUUID" : "MAINVIEW"
  },
  "resources" : [ {
    "name" : "/jp.co.vantiq.designpattern/control/inbound",
    "resourceReference" : "/topics//jp.co.vantiq.designpattern/control/inbound",
    "type" : 10
  }, {
    "name" : "/jp.co.vantiq.designpattern/humidity/inbound",
    "resourceReference" : "/topics//jp.co.vantiq.designpattern/humidity/inbound",
    "type" : 10
  }, {
    "name" : "/jp.co.vantiq.designpattern/temperature/inbound",
    "resourceReference" : "/topics//jp.co.vantiq.designpattern/temperature/inbound",
    "type" : 10
  }, {
    "name" : "jp.co.vantiq.designpattern.AirConditionerControl",
    "resourceReference" : "/types/jp.co.vantiq.designpattern.AirConditionerControl",
    "timestamp" : "2022-07-11T13:42:42.703Z",
    "type" : 1
  }, {
    "label" : "jp.co.vantiq.designpattern.ControlACApp",
    "name" : "jp.co.vantiq.designpattern.ControlACApp",
    "resourceReference" : "/collaborationtypes/jp.co.vantiq.designpattern.ControlACApp",
    "timestamp" : "2022-07-11T13:49:00.861Z",
    "type" : 12
  }, {
    "name" : "jp.co.vantiq.designpattern.ControlACApp",
    "resourceReference" : "/system.services/jp.co.vantiq.designpattern.ControlACApp",
    "timestamp" : "2022-07-11T13:48:19.943Z",
    "type" : 63
  }, {
    "name" : "jp.co.vantiq.designpattern.ControlACApp.AccumulateStateStateGet",
    "packageName" : "jp.co.vantiq.designpattern",
    "procedureName" : "AccumulateStateStateGet",
    "resourceReference" : "/procedures/jp.co.vantiq.designpattern.ControlACApp.AccumulateStateStateGet",
    "serviceName" : "ControlACApp",
    "timestamp" : "2022-07-11T13:38:16.769Z",
    "type" : 3
  }, {
    "name" : "jp.co.vantiq.designpattern.ControlACApp.AccumulateStateStateReset",
    "packageName" : "jp.co.vantiq.designpattern",
    "procedureName" : "AccumulateStateStateReset",
    "resourceReference" : "/procedures/jp.co.vantiq.designpattern.ControlACApp.AccumulateStateStateReset",
    "serviceName" : "ControlACApp",
    "timestamp" : "2022-07-11T13:38:17.158Z",
    "type" : 3
  }, {
    "name" : "jp.co.vantiq.designpattern.ControlACApp.AccumulateStateStateUpdate",
    "packageName" : "jp.co.vantiq.designpattern",
    "procedureName" : "AccumulateStateStateUpdate",
    "resourceReference" : "/procedures/jp.co.vantiq.designpattern.ControlACApp.AccumulateStateStateUpdate",
    "serviceName" : "ControlACApp",
    "timestamp" : "2022-07-11T13:38:16.957Z",
    "type" : 3
  }, {
    "name" : "jp.co.vantiq.designpattern.ControlACApp.PartitionedAppState",
    "resourceReference" : "/types/jp.co.vantiq.designpattern.ControlACApp.PartitionedAppState",
    "timestamp" : "2022-07-11T13:38:16.683Z",
    "type" : 1
  }, {
    "label" : "jp.co.vantiq.designpattern.ControlACApp.accumulate_ac_state",
    "name" : "jp.co.vantiq.designpattern.ControlACApp.accumulate_ac_state",
    "packageName" : "jp.co.vantiq.designpattern",
    "procedureName" : "accumulate_ac_state",
    "resourceReference" : "/procedures/jp.co.vantiq.designpattern.ControlACApp.accumulate_ac_state",
    "serviceName" : "ControlACApp",
    "timestamp" : "2022-07-11T13:39:25.967Z",
    "type" : 3
  }, {
    "name" : "jp.co.vantiq.designpattern.ControlACApp.js",
    "resourceReference" : "/documents/jp.co.vantiq.designpattern.ControlACApp.js",
    "timestamp" : "2022-07-11T13:41:46.519Z",
    "type" : 19
  }, {
    "name" : "jp.co.vantiq.designpattern.HumidityType",
    "resourceReference" : "/types/jp.co.vantiq.designpattern.HumidityType",
    "timestamp" : "2022-07-11T13:37:45.060Z",
    "type" : 1
  }, {
    "name" : "jp.co.vantiq.designpattern.TempType",
    "resourceReference" : "/types/jp.co.vantiq.designpattern.TempType",
    "timestamp" : "2022-07-11T13:37:53.544Z",
    "type" : 1
  }, {
    "name" : "jp.co.vantiq.designpattern.TransposeEventGenerator",
    "resourceReference" : "/system.eventgenerators/jp.co.vantiq.designpattern.TransposeEventGenerator",
    "timestamp" : "2022-07-11T13:53:27.978Z",
    "type" : 65
  } ],
  "tools" : [ {
    "isPinned" : false,
    "name" : "/jp.co.vantiq.designpattern/control/inbound",
    "pane" : {
      "c" : -1,
      "r" : -1
    },
    "resourceKey" : "topic//jp.co.vantiq.designpattern/control/inbound",
    "state" : 4,
    "type" : 8
  }, {
    "isPinned" : false,
    "name" : "Project Contents",
    "type" : 2
  }, {
    "isPinned" : false,
    "name" : "Project の説明",
    "pane" : {
      "c" : 0,
      "r" : 0
    },
    "state" : 2,
    "type" : 82
  }, {
    "isPinned" : false,
    "name" : "jp.co.vantiq.designpattern.ControlACApp",
    "pane" : {
      "c" : 1,
      "r" : 0
    },
    "resourceKey" : "app/jp.co.vantiq.designpattern.ControlACApp",
    "state" : 2,
    "toolOptions" : { },
    "type" : 15
  }, {
    "isPinned" : false,
    "name" : "jp.co.vantiq.designpattern.ControlACApp",
    "pane" : {
      "c" : 1,
      "r" : 1
    },
    "resourceKey" : "services/jp.co.vantiq.designpattern.ControlACApp",
    "state" : 2,
    "type" : 109
  }, {
    "isPinned" : false,
    "name" : "jp.co.vantiq.designpattern.ControlACApp.accumulate_ac_state",
    "pane" : {
      "c" : -1,
      "r" : -1
    },
    "resourceKey" : "procedure/jp.co.vantiq.designpattern.ControlACApp.accumulate_ac_state",
    "state" : 4,
    "type" : 24
  }, {
    "isPinned" : false,
    "name" : "jp.co.vantiq.designpattern.HumidityType",
    "pane" : {
      "c" : 1,
      "r" : 2
    },
    "resourceKey" : "type/jp.co.vantiq.designpattern.HumidityType",
    "state" : 2,
    "type" : 6
  }, {
    "isPinned" : false,
    "name" : "jp.co.vantiq.designpattern.TransposeEventGenerator",
    "pane" : {
      "c" : 0,
      "r" : 2
    },
    "resourceKey" : "eventgenerator/jp.co.vantiq.designpattern.TransposeEventGenerator",
    "state" : 2,
    "type" : 111
  }, {
    "isPinned" : false,
    "name" : "エラー",
    "type" : 13
  }, {
    "dockLocation" : "top",
    "isPinned" : false,
    "name" : "非アクティブ ペイン",
    "type" : 99
  } ],
  "type" : "dev",
  "views" : [ {
    "name" : "Project Contents",
    "projectToolKeys" : [ "subtopiceditor//jp.co.vantiq.designpattern/control/inbound", "list/Project Contents", "projectdescription/Project の説明", "app/jp.co.vantiq.designpattern.ControlACApp", "services/jp.co.vantiq.designpattern.ControlACApp", "cmeditorprocedure/jp.co.vantiq.designpattern.ControlACApp.accumulate_ac_state", "subtypeeditor/jp.co.vantiq.designpattern.HumidityType", "eventgenerator/jp.co.vantiq.designpattern.TransposeEventGenerator", "errorviewer/エラー", "tiledock/非アクティブ ペイン" ]
  } ]
}