{
  "ars_relationships" : [ ],
  "links" : [ {
    "source" : "services/jp.co.vantiq.designpattern.ControlACApp",
    "target" : "type/jp.co.vantiq.designpattern.ControlACApp.PartitionedAppState"
  }, {
    "source" : "services/jp.co.vantiq.designpattern.ControlACApp",
    "target" : "document/jp.co.vantiq.designpattern.ControlACApp.js"
  }, {
    "source" : "services/jp.co.vantiq.designpattern.ControlACApp",
    "target" : "type/jp.co.vantiq.designpattern.AirConditionerControl"
  }, {
    "source" : "services/jp.co.vantiq.designpattern.ControlACApp",
    "target" : "type/jp.co.vantiq.designpattern.HumidityType"
  }, {
    "source" : "services/jp.co.vantiq.designpattern.ControlACApp",
    "target" : "type/jp.co.vantiq.designpattern.TempType"
  }, {
    "source" : "topic//jp.co.vantiq.designpattern/control/inbound",
    "target" : "type/jp.co.vantiq.designpattern.AirConditionerControl"
  }, {
    "source" : "topic//jp.co.vantiq.designpattern/humidity/inbound",
    "target" : "type/jp.co.vantiq.designpattern.HumidityType"
  }, {
    "source" : "topic//jp.co.vantiq.designpattern/temperature/inbound",
    "target" : "type/jp.co.vantiq.designpattern.TempType"
  }, {
    "source" : "topic//jp.co.vantiq.designpattern/control/inbound",
    "target" : "services/jp.co.vantiq.designpattern.ControlACApp"
  }, {
    "source" : "topic//jp.co.vantiq.designpattern/humidity/inbound",
    "target" : "services/jp.co.vantiq.designpattern.ControlACApp"
  }, {
    "source" : "topic//jp.co.vantiq.designpattern/temperature/inbound",
    "target" : "services/jp.co.vantiq.designpattern.ControlACApp"
  }, {
    "source" : "eventgenerator/jp.co.vantiq.designpattern.TransposeEventGenerator",
    "target" : "topic//jp.co.vantiq.designpattern/control/inbound"
  }, {
    "source" : "eventgenerator/jp.co.vantiq.designpattern.TransposeEventGenerator",
    "target" : "topic//jp.co.vantiq.designpattern/humidity/inbound"
  }, {
    "source" : "eventgenerator/jp.co.vantiq.designpattern.TransposeEventGenerator",
    "target" : "topic//jp.co.vantiq.designpattern/temperature/inbound"
  }, {
    "source" : "eventstream/jp.co.vantiq.designpattern.ControlACApp.Control",
    "target" : "eventstream/jp.co.vantiq.designpattern.ControlACApp.SplitById"
  }, {
    "source" : "eventstream/jp.co.vantiq.designpattern.ControlACApp.Humidity",
    "target" : "eventstream/jp.co.vantiq.designpattern.ControlACApp.SplitById"
  }, {
    "source" : "eventstream/jp.co.vantiq.designpattern.ControlACApp.Temp",
    "target" : "eventstream/jp.co.vantiq.designpattern.ControlACApp.SplitById"
  }, {
    "source" : "eventstream/jp.co.vantiq.designpattern.ControlACApp.SplitById",
    "target" : "topic//jp.co.vantiq.designpattern.ControlACApp/debug"
  }, {
    "source" : "eventstream/jp.co.vantiq.designpattern.ControlACApp.Control",
    "target" : "topic//jp.co.vantiq.designpattern.ControlACApp/debug"
  }, {
    "source" : "topic//jp.co.vantiq.designpattern/control/inbound",
    "target" : "eventstream/jp.co.vantiq.designpattern.ControlACApp.Control"
  }, {
    "source" : "eventstream/jp.co.vantiq.designpattern.ControlACApp.AccumulateState",
    "target" : "topic//jp.co.vantiq.designpattern.ControlACApp/debug"
  }, {
    "source" : "eventstream/jp.co.vantiq.designpattern.ControlACApp.SplitById",
    "target" : "eventstream/jp.co.vantiq.designpattern.ControlACApp.AccumulateState"
  }, {
    "source" : "topic//jp.co.vantiq.designpattern/temperature/inbound",
    "target" : "eventstream/jp.co.vantiq.designpattern.ControlACApp.Temp"
  }, {
    "source" : "eventstream/jp.co.vantiq.designpattern.ControlACApp.Temp",
    "target" : "topic//jp.co.vantiq.designpattern.ControlACApp/debug"
  }, {
    "source" : "eventstream/jp.co.vantiq.designpattern.ControlACApp.Humidity",
    "target" : "topic//jp.co.vantiq.designpattern/humidity/inbound"
  }, {
    "source" : "eventstream/jp.co.vantiq.designpattern.ControlACApp.Humidity",
    "target" : "topic//jp.co.vantiq.designpattern.ControlACApp/debug"
  }, {
    "source" : "app/jp.co.vantiq.designpattern.ControlACApp",
    "target" : "procedure/jp.co.vantiq.designpattern.ControlACApp.ControlStateUpdate"
  }, {
    "source" : "topic//jp.co.vantiq.designpattern/humidity/inbound",
    "target" : "app/jp.co.vantiq.designpattern.ControlACApp"
  }, {
    "source" : "topic//jp.co.vantiq.designpattern/control/inbound",
    "target" : "app/jp.co.vantiq.designpattern.ControlACApp"
  }, {
    "source" : "topic//jp.co.vantiq.designpattern/temperature/inbound",
    "target" : "app/jp.co.vantiq.designpattern.ControlACApp"
  }, {
    "source" : "services/jp.co.vantiq.designpattern.ControlACApp",
    "target" : "procedure/jp.co.vantiq.designpattern.ControlACApp.ControlStateReset"
  }, {
    "source" : "services/jp.co.vantiq.designpattern.ControlACApp",
    "target" : "procedure/jp.co.vantiq.designpattern.ControlACApp.ControlStateUpdate"
  }, {
    "source" : "services/jp.co.vantiq.designpattern.ControlACApp",
    "target" : "procedure/jp.co.vantiq.designpattern.ControlACApp.ControlStateGet"
  }, {
    "source" : "procedure/jp.co.vantiq.designpattern.ControlACApp.ControlStateGet",
    "target" : "services/jp.co.vantiq.designpattern.ControlACApp"
  }, {
    "source" : "procedure/jp.co.vantiq.designpattern.ControlACApp.ControlStateReset",
    "target" : "services/jp.co.vantiq.designpattern.ControlACApp"
  }, {
    "source" : "procedure/jp.co.vantiq.designpattern.ControlACApp.ControlStateUpdate",
    "target" : "services/jp.co.vantiq.designpattern.ControlACApp"
  }, {
    "source" : "app/jp.co.vantiq.designpattern.ControlACApp",
    "target" : "services/jp.co.vantiq.designpattern.ControlACApp"
  }, {
    "source" : "services/jp.co.vantiq.designpattern.ControlACApp",
    "target" : "app/jp.co.vantiq.designpattern.ControlACApp"
  } ],
  "name" : "Transpose",
  "options" : {
    "description" : "# Transpose Pattern\n\nUse the AccumulateState task to perform side-by-side input timing-independent integration of the properties of three or more streams with a common ID.\n\n## How to test\n\nOpen EventGenerator jp.co.vantiq.designpattern.TransposeEventGenerator, then start Generator.",
    "dockCollapsed" : {
      "bottom" : false,
      "left" : false,
      "right" : false,
      "top" : false,
      "viewtabs" : false
    },
    "dockDimensions" : {
      "bottom" : 200,
      "debug" : [ 0, 0, 0 ],
      "left" : 296,
      "right" : 220,
      "top" : 0,
      "viewtabs" : 0
    },
    "dockSort" : 1,
    "exclusionList" : [ "topic//sensor/input/1", "topic//sensor/input/2", "topic//sensor/input/3", "type/AirConditionerControl", "type/HumidityType", "type/TempType", "type/apps.ControlACApp.PartitionedAppState", "type/jp.co.vantiq.designpattern.AirConditionerControl_Copy" ],
    "filterBitArray" : "ffffffffffffffffffffffffffffffff",
    "isModeloProject" : true,
    "layoutStyle" : "tile",
    "openFolders" : [ "jp.co.vantiq.designpattern", "jp.co.vantiq.designpattern.ControlACApp", "jp.co.vantiq.designpattern.ControlACApp/type", "jp.co.vantiq.designpattern/app", "jp.co.vantiq.designpattern/eventgenerator", "jp.co.vantiq.designpattern/services", "jp.co.vantiq.designpattern/topic", "jp.co.vantiq.designpattern/type", "services/jp.co.vantiq.designpattern.ControlACApp" ],
    "rootViewFlavor" : 5,
    "showGrid" : true,
    "tileColumns" : 2,
    "tileRows" : 3,
    "type" : "dev",
    "v" : 5,
    "viewUUID" : "MAINVIEW"
  },
  "resources" : [ {
    "name" : "/jp.co.vantiq.designpattern.ControlACApp/debug",
    "resourceReference" : "/topics//jp.co.vantiq.designpattern.ControlACApp/debug",
    "type" : 10
  }, {
    "label" : "/jp.co.vantiq.designpattern/control/inbound",
    "name" : "/jp.co.vantiq.designpattern/control/inbound",
    "resourceReference" : "/topics//jp.co.vantiq.designpattern/control/inbound",
    "type" : 10
  }, {
    "label" : "/jp.co.vantiq.designpattern/humidity/inbound",
    "name" : "/jp.co.vantiq.designpattern/humidity/inbound",
    "resourceReference" : "/topics//jp.co.vantiq.designpattern/humidity/inbound",
    "type" : 10
  }, {
    "label" : "/jp.co.vantiq.designpattern/temperature/inbound",
    "name" : "/jp.co.vantiq.designpattern/temperature/inbound",
    "resourceReference" : "/topics//jp.co.vantiq.designpattern/temperature/inbound",
    "type" : 10
  }, {
    "label" : "jp.co.vantiq.designpattern.AirConditionerControl",
    "name" : "jp.co.vantiq.designpattern.AirConditionerControl",
    "resourceReference" : "/types/jp.co.vantiq.designpattern.AirConditionerControl",
    "timestamp" : "2022-07-11T13:42:42.703Z",
    "type" : 1
  }, {
    "label" : "jp.co.vantiq.designpattern.ControlACApp",
    "name" : "jp.co.vantiq.designpattern.ControlACApp",
    "resourceReference" : "/collaborationtypes/jp.co.vantiq.designpattern.ControlACApp",
    "timestamp" : "2022-10-13T09:08:30.919Z",
    "type" : 12
  }, {
    "label" : "jp.co.vantiq.designpattern.ControlACApp",
    "name" : "jp.co.vantiq.designpattern.ControlACApp",
    "resourceReference" : "/system.services/jp.co.vantiq.designpattern.ControlACApp",
    "timestamp" : "2022-10-13T09:06:32.012Z",
    "type" : 63
  }, {
    "name" : "jp.co.vantiq.designpattern.ControlACApp.AccumulateState",
    "resourceReference" : "/system.eventstreams/jp.co.vantiq.designpattern.ControlACApp.AccumulateState",
    "timestamp" : "2022-10-13T08:31:53.559Z",
    "type" : 14
  }, {
    "name" : "jp.co.vantiq.designpattern.ControlACApp.Control",
    "resourceReference" : "/system.eventstreams/jp.co.vantiq.designpattern.ControlACApp.Control",
    "timestamp" : "2022-10-13T08:31:53.060Z",
    "type" : 14
  }, {
    "name" : "jp.co.vantiq.designpattern.ControlACApp.ControlStateGet",
    "packageName" : "jp.co.vantiq.designpattern",
    "procedureName" : "ControlStateGet",
    "resourceReference" : "/procedures/jp.co.vantiq.designpattern.ControlACApp.ControlStateGet",
    "serviceName" : "ControlACApp",
    "timestamp" : "2022-10-13T09:04:15.906Z",
    "type" : 3
  }, {
    "name" : "jp.co.vantiq.designpattern.ControlACApp.ControlStateReset",
    "packageName" : "jp.co.vantiq.designpattern",
    "procedureName" : "ControlStateReset",
    "resourceReference" : "/procedures/jp.co.vantiq.designpattern.ControlACApp.ControlStateReset",
    "serviceName" : "ControlACApp",
    "timestamp" : "2022-10-13T09:04:16.138Z",
    "type" : 3
  }, {
    "name" : "jp.co.vantiq.designpattern.ControlACApp.ControlStateUpdate",
    "packageName" : "jp.co.vantiq.designpattern",
    "procedureName" : "ControlStateUpdate",
    "resourceReference" : "/procedures/jp.co.vantiq.designpattern.ControlACApp.ControlStateUpdate",
    "serviceName" : "ControlACApp",
    "timestamp" : "2022-10-13T09:04:16.021Z",
    "type" : 3
  }, {
    "name" : "jp.co.vantiq.designpattern.ControlACApp.Humidity",
    "resourceReference" : "/system.eventstreams/jp.co.vantiq.designpattern.ControlACApp.Humidity",
    "timestamp" : "2022-10-13T08:31:52.877Z",
    "type" : 14
  }, {
    "label" : "jp.co.vantiq.designpattern.ControlACApp.PartitionedAppState",
    "name" : "jp.co.vantiq.designpattern.ControlACApp.PartitionedAppState",
    "resourceReference" : "/types/jp.co.vantiq.designpattern.ControlACApp.PartitionedAppState",
    "timestamp" : "2022-07-11T13:38:16.683Z",
    "type" : 1
  }, {
    "name" : "jp.co.vantiq.designpattern.ControlACApp.SplitById",
    "resourceReference" : "/system.eventstreams/jp.co.vantiq.designpattern.ControlACApp.SplitById",
    "timestamp" : "2022-10-13T08:31:52.912Z",
    "type" : 14
  }, {
    "name" : "jp.co.vantiq.designpattern.ControlACApp.Temp",
    "resourceReference" : "/system.eventstreams/jp.co.vantiq.designpattern.ControlACApp.Temp",
    "timestamp" : "2022-10-13T08:31:53.187Z",
    "type" : 14
  }, {
    "label" : "jp.co.vantiq.designpattern.ControlACApp.js",
    "name" : "jp.co.vantiq.designpattern.ControlACApp.js",
    "resourceReference" : "/documents/jp.co.vantiq.designpattern.ControlACApp.js",
    "timestamp" : "2022-07-11T13:49:03.089Z",
    "type" : 19
  }, {
    "label" : "jp.co.vantiq.designpattern.HumidityType",
    "name" : "jp.co.vantiq.designpattern.HumidityType",
    "resourceReference" : "/types/jp.co.vantiq.designpattern.HumidityType",
    "timestamp" : "2022-07-11T13:37:45.060Z",
    "type" : 1
  }, {
    "label" : "jp.co.vantiq.designpattern.TempType",
    "name" : "jp.co.vantiq.designpattern.TempType",
    "resourceReference" : "/types/jp.co.vantiq.designpattern.TempType",
    "timestamp" : "2022-07-11T13:37:53.544Z",
    "type" : 1
  }, {
    "label" : "jp.co.vantiq.designpattern.TransposeEventGenerator",
    "name" : "jp.co.vantiq.designpattern.TransposeEventGenerator",
    "resourceReference" : "/system.eventgenerators/jp.co.vantiq.designpattern.TransposeEventGenerator",
    "timestamp" : "2022-07-11T13:53:27.978Z",
    "type" : 65
  } ],
  "tools" : [ {
    "isPinned" : false,
    "name" : "/jp.co.vantiq.designpattern/control/inbound",
    "pane" : {
      "c" : 0,
      "r" : 2
    },
    "resourceKey" : "topic//jp.co.vantiq.designpattern/control/inbound",
    "state" : 2,
    "type" : 8
  }, {
    "isPinned" : false,
    "name" : "Errors",
    "type" : 13
  }, {
    "isPinned" : false,
    "name" : "Project Contents",
    "type" : 2
  }, {
    "isPinned" : false,
    "name" : "Project を説明",
    "pane" : {
      "c" : 0,
      "r" : 0
    },
    "state" : 2,
    "type" : 82
  }, {
    "isPinned" : false,
    "name" : "jp.co.vantiq.designpattern.ControlACApp",
    "pane" : {
      "c" : 1,
      "r" : 0
    },
    "resourceKey" : "app/jp.co.vantiq.designpattern.ControlACApp",
    "state" : 2,
    "toolOptions" : { },
    "type" : 15
  }, {
    "isPinned" : false,
    "name" : "jp.co.vantiq.designpattern.ControlACApp",
    "pane" : {
      "c" : 1,
      "r" : 1
    },
    "resourceKey" : "services/jp.co.vantiq.designpattern.ControlACApp",
    "state" : 2,
    "type" : 109
  }, {
    "isPinned" : false,
    "name" : "jp.co.vantiq.designpattern.HumidityType",
    "pane" : {
      "c" : -1,
      "r" : -1
    },
    "resourceKey" : "type/jp.co.vantiq.designpattern.HumidityType",
    "state" : 4,
    "type" : 6
  }, {
    "isPinned" : false,
    "name" : "jp.co.vantiq.designpattern.TransposeEventGenerator",
    "pane" : {
      "c" : 0,
      "r" : 1
    },
    "resourceKey" : "eventgenerator/jp.co.vantiq.designpattern.TransposeEventGenerator",
    "state" : 2,
    "type" : 111
  }, {
    "dockLocation" : "top",
    "isPinned" : false,
    "name" : "非アクティブ ペイン",
    "type" : 99
  } ],
  "type" : "dev",
  "views" : [ {
    "name" : "Project Contents",
    "projectToolKeys" : [ "subtopiceditor//jp.co.vantiq.designpattern/control/inbound", "errorviewer/Errors", "list/Project Contents", "projectdescription/Project を説明", "app/jp.co.vantiq.designpattern.ControlACApp", "services/jp.co.vantiq.designpattern.ControlACApp", "subtypeeditor/jp.co.vantiq.designpattern.HumidityType", "eventgenerator/jp.co.vantiq.designpattern.TransposeEventGenerator", "tiledock/非アクティブ ペイン" ]
  } ]
}