{
  "ars_relationships" : [ ],
  "links" : [ {
    "source" : "services/com.example.BoxSorter",
    "target" : "document/com.example.BoxSorter.js"
  }, {
    "source" : "source/com.example.BoxInfoMqtt",
    "target" : "app/com.example.BoxSorter.ReceiveBoxInfoMqtt"
  }, {
    "source" : "app/com.example.BoxSorter.ReceiveBoxInfoMqtt",
    "target" : "type/com.example.sorting_condition"
  }, {
    "source" : "app/com.example.BoxSorter.ReceiveBoxInfoMqtt",
    "target" : "services/com.example.BoxSorter"
  }, {
    "source" : "procedure/com.example.BoxSorter.Transformation_ReceiveBoxInfoMqtt",
    "target" : "services/com.example.BoxSorter"
  }, {
    "source" : "services/com.example.BoxSorter",
    "target" : "procedure/com.example.BoxSorter.Transformation_ReceiveBoxInfoMqtt"
  }, {
    "source" : "procedure/com.example.BoxSorter.TransformForMqtt_ReceiveBoxInfoMqtt",
    "target" : "services/com.example.BoxSorter"
  }, {
    "source" : "services/com.example.BoxSorter",
    "target" : "procedure/com.example.BoxSorter.TransformForMqtt_ReceiveBoxInfoMqtt"
  }, {
    "source" : "app/com.example.BoxSorter.ReceiveBoxInfoMqtt",
    "target" : "source/com.example.SortingResultMqtt"
  } ],
  "name" : "BoxSorter",
  "options" : {
    "description" : "",
    "dockCollapsed" : {
      "bottom" : false,
      "left" : false,
      "right" : false,
      "top" : false,
      "viewtabs" : false
    },
    "dockDimensions" : {
      "bottom" : 200,
      "debug" : [ 548, 1369 ],
      "left" : 248,
      "right" : 220,
      "top" : 0,
      "viewtabs" : 0
    },
    "exclusionList" : [ "app/BoxSorter", "app/BoxSorter_sample", "app/com.example.BoxSorter.Mqqt", "document/apps.services.BoxSorter.js", "procedure/publishTestEvent", "services/system.ActivityPattern", "services/system.Utils", "source/BoxInfoMqtt", "source/IncomingMqtt", "source/InflowMqtt", "source/SortingResultMqtt", "topic//BoxInfoApi", "topic//apps.BoxSorter/debug", "topic//test", "type/apps.BoxSorter.PartitionedAppState", "type/sort_condition_sample", "type/sorting_condition" ],
    "filterBitArray" : "ffffffffffffffffffffffffffffffff",
    "isModeloProject" : true,
    "layoutStyle" : "flex",
    "openFolders" : [ "com.example", "com.example/services", "com.example/source", "com.example/type", "services/com.example.BoxSorter" ],
    "partitionsSettings" : { },
    "rootViewFlavor" : 5,
    "showGrid" : true,
    "structure" : {
      "fraction" : 1,
      "type" : "R[1]"
    },
    "type" : "dev",
    "v" : 6,
    "viewUUID" : "MAINVIEW"
  },
  "partitions" : [ ],
  "resources" : [ {
    "label" : "com.example.BoxInfoMqtt",
    "name" : "com.example.BoxInfoMqtt",
    "resourceReference" : "/sources/com.example.BoxInfoMqtt",
    "timestamp" : "2024-10-14T23:24:09.379Z",
    "type" : 4
  }, {
    "label" : "com.example.BoxSorter",
    "name" : "com.example.BoxSorter",
    "resourceReference" : "/services/com.example.BoxSorter",
    "timestamp" : "2024-10-14T23:55:18.261Z",
    "type" : 63
  }, {
    "label" : "com.example.BoxSorter.ReceiveBoxInfoMqtt",
    "name" : "com.example.BoxSorter.ReceiveBoxInfoMqtt",
    "resourceReference" : "/collaborationtypes/com.example.BoxSorter.ReceiveBoxInfoMqtt",
    "timestamp" : "2024-10-15T00:21:08.437Z",
    "type" : 12
  }, {
    "name" : "com.example.BoxSorter.TransformForMqtt_ReceiveBoxInfoMqtt",
    "packageName" : "com.example",
    "procedureName" : "TransformForMqtt_ReceiveBoxInfoMqtt",
    "resourceReference" : "/procedures/com.example.BoxSorter.TransformForMqtt_ReceiveBoxInfoMqtt",
    "serviceName" : "BoxSorter",
    "timestamp" : "2024-10-15T00:01:02.378Z",
    "type" : 3
  }, {
    "name" : "com.example.BoxSorter.Transformation_ReceiveBoxInfoMqtt",
    "packageName" : "com.example",
    "procedureName" : "Transformation_ReceiveBoxInfoMqtt",
    "resourceReference" : "/procedures/com.example.BoxSorter.Transformation_ReceiveBoxInfoMqtt",
    "serviceName" : "BoxSorter",
    "timestamp" : "2024-10-15T00:01:02.401Z",
    "type" : 3
  }, {
    "label" : "com.example.BoxSorter.js",
    "name" : "com.example.BoxSorter.js",
    "resourceReference" : "/documents/com.example.BoxSorter.js",
    "timestamp" : "2024-10-14T23:55:19.156Z",
    "type" : 19
  }, {
    "label" : "com.example.SortingResultMqtt",
    "name" : "com.example.SortingResultMqtt",
    "resourceReference" : "/sources/com.example.SortingResultMqtt",
    "timestamp" : "2024-10-15T00:15:24.595Z",
    "type" : 4
  }, {
    "label" : "com.example.sorting_condition",
    "name" : "com.example.sorting_condition",
    "resourceReference" : "/types/com.example.sorting_condition",
    "timestamp" : "2024-10-14T23:21:50.407Z",
    "type" : 1
  } ],
  "tools" : [ {
    "isPinned" : false,
    "name" : "Errors",
    "type" : 13
  }, {
    "isPinned" : false,
    "name" : "Log メッセージ",
    "type" : 12
  }, {
    "isPinned" : false,
    "name" : "Project Contents",
    "type" : 2
  }, {
    "isPinned" : false,
    "name" : "com.example.BoxSorter",
    "pane" : {
      "address" : "R[0]",
      "isActive" : true,
      "isActiveTool" : true
    },
    "resourceKey" : "services/com.example.BoxSorter",
    "state" : 8,
    "type" : 109
  }, {
    "dockLocation" : "top",
    "isPinned" : false,
    "name" : "非アクティブ ペイン",
    "type" : 99
  } ],
  "type" : "dev",
  "views" : [ {
    "name" : "Project Contents",
    "projectToolKeys" : [ "errorviewer/Errors", "logviewer/Log メッセージ", "list/Project Contents", "services/com.example.BoxSorter", "tiledock/非アクティブ ペイン" ]
  } ]
}