{
  "ars_relationships" : [ ],
  "links" : [ {
    "source" : "services/jp.co.vantiq.designpattern.Const",
    "target" : "procedure/jp.co.vantiq.designpattern.Const.initializeGlobalState"
  }, {
    "source" : "services/jp.co.vantiq.designpattern.Const",
    "target" : "procedure/jp.co.vantiq.designpattern.Const.get"
  }, {
    "source" : "services/jp.co.vantiq.designpattern.Const",
    "target" : "procedure/jp.co.vantiq.designpattern.Const.test"
  }, {
    "source" : "services/jp.co.vantiq.designpattern.Const",
    "target" : "procedure/jp.co.vantiq.designpattern.Const.load"
  }, {
    "source" : "services/jp.co.vantiq.designpattern.Const",
    "target" : "type/jp.co.vantiq.designpattern.Const_Global"
  }, {
    "source" : "services/jp.co.vantiq.designpattern.Const",
    "target" : "document/jp.co.vantiq.designpattern.Const.js"
  }, {
    "source" : "procedure/jp.co.vantiq.designpattern.Const.get",
    "target" : "services/jp.co.vantiq.designpattern.Const"
  }, {
    "source" : "procedure/jp.co.vantiq.designpattern.Const.load",
    "target" : "services/jp.co.vantiq.designpattern.Const"
  }, {
    "source" : "procedure/jp.co.vantiq.designpattern.Const.test",
    "target" : "services/jp.co.vantiq.designpattern.Const"
  }, {
    "source" : "procedure/jp.co.vantiq.designpattern.Const.initializeGlobalState",
    "target" : "services/jp.co.vantiq.designpattern.Const"
  }, {
    "source" : "procedure/jp.co.vantiq.designpattern.Const.test",
    "target" : "procedure/jp.co.vantiq.designpattern.Const.get"
  }, {
    "source" : "services/jp.co.vantiq.designpattern.Const",
    "target" : "procedure/jp.co.vantiq.designpattern.Const.viewConstState"
  }, {
    "source" : "procedure/jp.co.vantiq.designpattern.Const.viewConstState",
    "target" : "services/jp.co.vantiq.designpattern.Const"
  }, {
    "source" : "client/ConstViewer",
    "target" : "topic//my/response/topic"
  }, {
    "source" : "type/jp.co.vantiq.designpattern.Const",
    "target" : "client/ConstViewer"
  }, {
    "source" : "procedure/jp.co.vantiq.designpattern.Const.load",
    "target" : "type/jp.co.vantiq.designpattern.Const"
  }, {
    "source" : "procedure/jp.co.vantiq.designpattern.Const.initializeGlobalState",
    "target" : "type/jp.co.vantiq.designpattern.Const"
  } ],
  "name" : "Const",
  "options" : {
    "description" : "# Const Pattern\nLoads the constant data from Type and holds in memory.\nThe constatns can be accessed via _Const.get(\"<key>\")_\n\n# To test\n1. Enter constants into Type jp.co.vantiq.Const\n2. Execute the Procedure jp.co.vantiq.Const.load\n3. Execute the Procedure jp.co.vantiq.Const.test\n4. You can also check in Client: jp.co.vantiq.designpattern.ConstViewer",
    "dockCollapsed" : {
      "bottom" : false,
      "left" : false,
      "right" : false,
      "top" : false,
      "viewtabs" : false
    },
    "dockDimensions" : {
      "bottom" : 200,
      "debug" : [ 0, 0, 0 ],
      "left" : 261,
      "right" : 220,
      "top" : 0,
      "viewtabs" : 0
    },
    "dockSort" : 1,
    "filterBitArray" : "ffffffffffffffffffffffffffffffff",
    "isModeloProject" : true,
    "layoutStyle" : "tile",
    "openFolders" : [ "client" ],
    "rootViewFlavor" : 5,
    "showGrid" : true,
    "tileColumns" : 2,
    "tileRows" : 2,
    "type" : "dev",
    "v" : 5,
    "viewUUID" : "MAINVIEW"
  },
  "resources" : [ {
    "name" : "/my/response/topic",
    "resourceReference" : "/topics//my/response/topic",
    "type" : 10
  }, {
    "name" : "ConstViewer",
    "resourceReference" : "/system.clients/ConstViewer",
    "timestamp" : "2022-11-15T12:42:03.734Z",
    "type" : 15
  }, {
    "label" : "jp.co.vantiq.designpattern.Const",
    "name" : "jp.co.vantiq.designpattern.Const",
    "resourceReference" : "/system.services/jp.co.vantiq.designpattern.Const",
    "timestamp" : "2022-11-15T11:19:36.799Z",
    "type" : 63
  }, {
    "label" : "jp.co.vantiq.designpattern.Const",
    "name" : "jp.co.vantiq.designpattern.Const",
    "resourceReference" : "/types/jp.co.vantiq.designpattern.Const",
    "timestamp" : "2022-11-15T11:46:46.617Z",
    "type" : 1
  }, {
    "label" : "jp.co.vantiq.designpattern.Const.get",
    "name" : "jp.co.vantiq.designpattern.Const.get",
    "packageName" : "jp.co.vantiq.designpattern",
    "procedureName" : "get",
    "resourceReference" : "/procedures/jp.co.vantiq.designpattern.Const.get",
    "serviceName" : "Const",
    "timestamp" : "2022-11-10T08:58:33.987Z",
    "type" : 3
  }, {
    "label" : "jp.co.vantiq.designpattern.Const.initializeGlobalState",
    "name" : "jp.co.vantiq.designpattern.Const.initializeGlobalState",
    "packageName" : "jp.co.vantiq.designpattern",
    "procedureName" : "initializeGlobalState",
    "resourceReference" : "/procedures/jp.co.vantiq.designpattern.Const.initializeGlobalState",
    "serviceName" : "Const",
    "timestamp" : "2022-11-10T08:58:33.988Z",
    "type" : 3
  }, {
    "label" : "jp.co.vantiq.designpattern.Const.js",
    "name" : "jp.co.vantiq.designpattern.Const.js",
    "resourceReference" : "/documents/jp.co.vantiq.designpattern.Const.js",
    "timestamp" : "2022-11-11T08:10:35.211Z",
    "type" : 19
  }, {
    "label" : "jp.co.vantiq.designpattern.Const.load",
    "name" : "jp.co.vantiq.designpattern.Const.load",
    "packageName" : "jp.co.vantiq.designpattern",
    "procedureName" : "load",
    "resourceReference" : "/procedures/jp.co.vantiq.designpattern.Const.load",
    "serviceName" : "Const",
    "timestamp" : "2022-11-15T12:40:17.073Z",
    "type" : 3
  }, {
    "label" : "jp.co.vantiq.designpattern.Const.test",
    "name" : "jp.co.vantiq.designpattern.Const.test",
    "packageName" : "jp.co.vantiq.designpattern",
    "procedureName" : "test",
    "resourceReference" : "/procedures/jp.co.vantiq.designpattern.Const.test",
    "serviceName" : "Const",
    "timestamp" : "2022-11-10T09:10:42.287Z",
    "type" : 3
  }, {
    "label" : "jp.co.vantiq.designpattern.Const.viewConstState",
    "name" : "jp.co.vantiq.designpattern.Const.viewConstState",
    "packageName" : "jp.co.vantiq.designpattern",
    "procedureName" : "viewConstState",
    "resourceReference" : "/procedures/jp.co.vantiq.designpattern.Const.viewConstState",
    "serviceName" : "Const",
    "timestamp" : "2022-11-11T08:18:26.231Z",
    "type" : 3
  }, {
    "label" : "jp.co.vantiq.designpattern.Const_Global",
    "name" : "jp.co.vantiq.designpattern.Const_Global",
    "resourceReference" : "/types/jp.co.vantiq.designpattern.Const_Global",
    "timestamp" : "2022-11-10T08:58:32.915Z",
    "type" : 1
  } ],
  "tools" : [ {
    "isPinned" : false,
    "name" : "ConstViewer",
    "pane" : {
      "c" : 0,
      "r" : 1
    },
    "resourceKey" : "client/ConstViewer",
    "state" : 2,
    "type" : 63
  }, {
    "isPinned" : false,
    "name" : "Errors",
    "type" : 13
  }, {
    "isPinned" : false,
    "name" : "Project Contents",
    "type" : 2
  }, {
    "isPinned" : false,
    "name" : "Project を説明",
    "pane" : {
      "c" : 0,
      "r" : 0
    },
    "state" : 2,
    "type" : 82
  }, {
    "isPinned" : false,
    "name" : "jp.co.vantiq.designpattern.Const",
    "pane" : {
      "c" : 1,
      "r" : 1
    },
    "resourceKey" : "services/jp.co.vantiq.designpattern.Const",
    "state" : 2,
    "type" : 109
  }, {
    "isPinned" : false,
    "name" : "jp.co.vantiq.designpattern.Const.viewConstState",
    "pane" : {
      "c" : 1,
      "r" : 0
    },
    "resourceKey" : "procedure/jp.co.vantiq.designpattern.Const.viewConstState",
    "state" : 2,
    "type" : 24
  }, {
    "dockLocation" : "top",
    "isPinned" : false,
    "name" : "非アクティブ ペイン",
    "type" : 99
  } ],
  "type" : "dev",
  "views" : [ {
    "name" : "Project Contents",
    "projectToolKeys" : [ "client/ConstViewer", "errorviewer/Errors", "list/Project Contents", "projectdescription/Project を説明", "services/jp.co.vantiq.designpattern.Const", "cmeditorprocedure/jp.co.vantiq.designpattern.Const.viewConstState", "tiledock/非アクティブ ペイン" ]
  } ]
}