{
  "active" : true,
  "ars_relationships" : [ ],
  "description" : null,
  "eventTypes" : {
    "AsyncResult" : {
      "direction" : "OUTBOUND",
      "implementingEventPath" : "/topics//jp.co.vantiq.designpattern.AsyncAPI/AsyncResult/outbound",
      "isReliable" : false
    },
    "async_proc_event" : {
      "direction" : "INBOUND",
      "implementingResource" : "/collaborationtypes/jp.co.vantiq.designpattern.AsyncAPI_async_proc_event_EventHandler"
    }
  },
  "globalType" : null,
  "interface" : [ {
    "name" : "AsyncProc",
    "parameters" : [ ]
  }, {
    "name" : "some_proc",
    "parameters" : [ ]
  } ],
  "name" : "jp.co.vantiq.designpattern.AsyncAPI",
  "partitionedType" : null,
  "scheduledProcedures" : { }
}