{
  "bodyChildren" : {
    "rootArray" : [ "41645cd6-7a13-4a81-9c72-2e171419a568" ],
    "widgets" : [ {
      "borderColor" : "Default",
      "borderRadius" : 4,
      "borderThickness" : 0,
      "children" : [ "ee4c78a5-92b8-42a0-84c0-7199af1b30c2", "70701207-8659-46ea-84a9-7e9e1d8bdbbc" ],
      "column" : -1,
      "heightPolicy" : "naturalSize",
      "horzGravity" : "center",
      "innerMargin" : 20,
      "name" : "HorizontalLayout139",
      "row" : -1,
      "type" : "HorizontalLayout",
      "uuid" : "0f27b736-7c61-470f-861e-d73e38799bc8",
      "v" : 17,
      "vertGravity" : "center",
      "widthPolicy" : "naturalSize",
      "x" : 0,
      "y" : 0
    }, {
      "borderColor" : "Default",
      "borderRadius" : 4,
      "borderThickness" : 0,
      "children" : [ "7b704226-3bd5-4976-9205-7e3e55e65678", "90f6f9f3-ed2e-44d3-9238-884060e0be83" ],
      "column" : -1,
      "heightPolicy" : "naturalSize",
      "horzGravity" : "center",
      "innerMargin" : 20,
      "name" : "VerticalLayout54",
      "row" : 1,
      "type" : "VerticalLayout",
      "uuid" : "209a1bef-fdc8-41cb-8dda-c47ab2830306",
      "v" : 17,
      "vertGravity" : "center",
      "widthPolicy" : "naturalSize"
    }, {
      "borderColor" : "Default",
      "borderRadius" : 4,
      "borderThickness" : 0,
      "column" : 0,
      "fontFamily" : "inherit",
      "fontSize" : 20,
      "fontStyle" : "normal",
      "fontWeight" : "normal",
      "heightPolicy" : "naturalSize",
      "horzGravity" : "left",
      "name" : "StaticText11",
      "row" : 0,
      "text" : "guard_id",
      "type" : "StaticText",
      "uuid" : "220ecbdd-fcd4-42d6-b48f-4d1f0026f425",
      "v" : 17,
      "vertGravity" : "center",
      "widthPolicy" : "naturalSize"
    }, {
      "backgroundColor" : "default",
      "borderColor" : "Default",
      "borderRadius" : 4,
      "borderThickness" : 1,
      "cellFontColor" : "default",
      "cellFontFace" : "inherit",
      "cellFontSize" : 14,
      "cellFontStyle" : "plain",
      "clearOnDataArrive" : true,
      "column" : -1,
      "columnDescriptors" : [ {
        "colorRules" : null,
        "dataType" : "String",
        "propertyName" : "guard_id",
        "selected" : false,
        "title" : "guard_id"
      }, {
        "colorRules" : null,
        "dataType" : "String",
        "propertyName" : "name",
        "selected" : false,
        "title" : "name"
      }, {
        "colorRules" : null,
        "dataType" : "Real",
        "propertyName" : "lat",
        "selected" : false,
        "title" : "lat"
      }, {
        "colorRules" : null,
        "dataType" : "Real",
        "propertyName" : "lon",
        "selected" : false,
        "title" : "lon"
      }, {
        "colorRules" : null,
        "dataType" : "DateTime",
        "propertyName" : "updated_at",
        "selected" : false,
        "title" : "updated_at"
      } ],
      "columnSort" : true,
      "dataStreamGroupedByFiltersString" : "",
      "dataStreamUUID" : "39eb9449-e72f-4b75-a520-f7bab393ead1",
      "dataType" : null,
      "headerFontColor" : "default",
      "headerFontFace" : "inherit",
      "headerFontSize" : 14,
      "headerFontStyle" : "plain",
      "heightPolicy" : "naturalSize",
      "horzGravity" : "center",
      "name" : "DataTable22",
      "operation" : "insert",
      "row" : -1,
      "rowsPerPage" : 5,
      "showPaging" : true,
      "type" : "DataTable",
      "uuid" : "275cb2b6-464d-4ce6-82bf-a992c3fc0482",
      "v" : 17,
      "vertGravity" : "center",
      "w" : 697,
      "widthPolicy" : "explicit"
    }, {
      "binding" : "client.data.guards.name",
      "borderColor" : "Default",
      "borderRadius" : 4,
      "borderThickness" : 0,
      "column" : 1,
      "defaultValue" : "",
      "heightPolicy" : "naturalSize",
      "horzGravity" : "left",
      "inputType" : "text",
      "name" : "InputString3",
      "optional" : true,
      "placeholder" : "",
      "row" : 2,
      "type" : "InputString",
      "uuid" : "40238f3d-42af-4e10-8bd6-245499654709",
      "v" : 17,
      "vertGravity" : "center",
      "w" : 300,
      "widthPolicy" : "explicit"
    }, {
      "backgroundColor" : "default",
      "borderColor" : "Default",
      "borderRadius" : 4,
      "borderThickness" : 0,
      "children" : [ "8425ffb3-9101-4665-9e3c-b798549b003a", "afbc3aca-71c4-4112-8d94-a037ddc069b1" ],
      "column" : -1,
      "fontFace" : "inherit",
      "fontSize" : 16,
      "fontStyle" : "normal",
      "h" : 417,
      "heightPolicy" : "explicit",
      "horzGravity" : "center",
      "horzMargin" : 0,
      "name" : "TabbedLayout1",
      "row" : -1,
      "type" : "TabbedLayout",
      "uuid" : "41645cd6-7a13-4a81-9c72-2e171419a568",
      "v" : 17,
      "vertGravity" : "center",
      "vertMargin" : 0,
      "w" : 1190,
      "widthPolicy" : "explicit",
      "x" : 6,
      "y" : 0
    }, {
      "binding" : "client.data.guards.email",
      "borderColor" : "Default",
      "borderRadius" : 4,
      "borderThickness" : 0,
      "column" : 1,
      "defaultValue" : "",
      "heightPolicy" : "naturalSize",
      "horzGravity" : "left",
      "inputType" : "text",
      "name" : "InputString1",
      "optional" : true,
      "placeholder" : "",
      "row" : 1,
      "type" : "InputString",
      "uuid" : "5c0700bb-23fb-4d63-8575-074822d9797f",
      "v" : 17,
      "vertGravity" : "center",
      "w" : 300,
      "widthPolicy" : "explicit"
    }, {
      "borderColor" : "Default",
      "borderRadius" : 4,
      "borderThickness" : 1,
      "column" : -1,
      "dataStreamGroupedByFiltersString" : "",
      "dataStreamProperty" : "location",
      "dataStreamUUID" : "cd486320-5963-4fba-8461-2a377092a887",
      "dataType" : null,
      "fixedCenter" : true,
      "h" : 345,
      "heightPolicy" : "explicit",
      "horzGravity" : "center",
      "labelProperty" : "name",
      "markerHashKeyProperty" : "name",
      "name" : "DynamicMapViewer1",
      "naturalKey" : null,
      "operation" : "insert",
      "row" : -1,
      "type" : "DynamicMapViewer",
      "uuid" : "70701207-8659-46ea-84a9-7e9e1d8bdbbc",
      "v" : 17,
      "vertGravity" : "center",
      "w" : 477,
      "widthPolicy" : "explicit"
    }, {
      "borderColor" : "Default",
      "borderRadius" : 4,
      "borderThickness" : 1,
      "children" : [ "220ecbdd-fcd4-42d6-b48f-4d1f0026f425", "e4088f06-869d-4ec2-b362-a0a504fa1e5e", "a299fb78-e4e9-4ed0-8579-81c52d5d54dd", "5c0700bb-23fb-4d63-8575-074822d9797f", "cdbf02cb-c2c5-4100-9c9c-7119c1d2df9c", "40238f3d-42af-4e10-8bd6-245499654709" ],
      "column" : -1,
      "columns" : 2,
      "heightPolicy" : "naturalSize",
      "horzGravity" : "center",
      "innerMargin" : 20,
      "name" : "GridLayout1",
      "row" : -1,
      "rows" : 3,
      "type" : "GridLayout",
      "uuid" : "7b704226-3bd5-4976-9205-7e3e55e65678",
      "v" : 17,
      "vertGravity" : "center",
      "widthPolicy" : "naturalSize"
    }, {
      "backgroundColor" : "default",
      "borderColor" : "Default",
      "borderRadius" : 4,
      "borderThickness" : 1,
      "cellFontColor" : "default",
      "cellFontFace" : "inherit",
      "cellFontSize" : 14,
      "cellFontStyle" : "plain",
      "clearOnDataArrive" : true,
      "column" : -1,
      "columnDescriptors" : [ {
        "colorRules" : null,
        "dataType" : "String",
        "propertyName" : "guard_id",
        "selected" : false,
        "title" : "guard_id"
      }, {
        "colorRules" : null,
        "dataType" : "String",
        "propertyName" : "name",
        "selected" : false,
        "title" : "name"
      }, {
        "colorRules" : null,
        "dataType" : "String",
        "propertyName" : "email",
        "selected" : false,
        "title" : "email"
      } ],
      "columnSort" : false,
      "dataStreamGroupedByFiltersString" : "",
      "dataStreamUUID" : "ac164b71-4318-41fc-81b6-086b3b080497",
      "dataType" : null,
      "headerFontColor" : "default",
      "headerFontFace" : "inherit",
      "headerFontSize" : 14,
      "headerFontStyle" : "plain",
      "heightPolicy" : "naturalSize",
      "horzGravity" : "center",
      "name" : "DataTable1",
      "operation" : "insert",
      "row" : -1,
      "rowsPerPage" : 5,
      "showPaging" : true,
      "type" : "DataTable",
      "uuid" : "7d8a754e-097e-4b98-8d51-1ec311ad1f60",
      "v" : 17,
      "vertGravity" : "center",
      "w" : 500,
      "widthPolicy" : "explicit"
    }, {
      "backgroundColor" : "rgb(255, 255, 255)",
      "borderColor" : "Default",
      "borderThickness" : 0,
      "children" : [ "ef37e810-21c1-4751-8292-aa92a4615788" ],
      "heatmapConfig" : null,
      "heatmapOpacity" : 0.4,
      "heatmapRadius" : 40,
      "heightPolicy" : "sizeToCell",
      "horzGravity" : "center",
      "horzMargin" : 0,
      "name" : "FixedLayout1",
      "tabName" : "GuradInfo",
      "type" : "FixedLayout",
      "url" : null,
      "uuid" : "8425ffb3-9101-4665-9e3c-b798549b003a",
      "v" : 17,
      "vertGravity" : "center",
      "vertMargin" : 0,
      "widthPolicy" : "sizeToCell"
    }, {
      "borderColor" : "Default",
      "borderRadius" : 4,
      "borderThickness" : 0,
      "column" : -1,
      "fontFamily" : "inherit",
      "fontSize" : 20,
      "fontStyle" : "normal",
      "fontWeight" : "normal",
      "heightPolicy" : "naturalSize",
      "horzGravity" : "center",
      "name" : "StaticText173",
      "row" : 0,
      "text" : "警備員情報",
      "type" : "StaticText",
      "uuid" : "8e6500bf-42e9-4789-a2b4-5ef72c2cec40",
      "v" : 17,
      "vertGravity" : "center",
      "widthPolicy" : "naturalSize"
    }, {
      "borderColor" : "Default",
      "borderRadius" : 4,
      "borderThickness" : 0,
      "buttonBackgroundColor" : "default",
      "buttonLabel" : "更新",
      "buttonLabelColor" : "default",
      "buttonLabelSize" : 14,
      "buttonLabelStyle" : "bold",
      "column" : -1,
      "heightPolicy" : "naturalSize",
      "horzGravity" : "center",
      "name" : "Button3",
      "row" : -1,
      "submitValue" : 100,
      "type" : "Button",
      "uuid" : "90f6f9f3-ed2e-44d3-9238-884060e0be83",
      "v" : 17,
      "vertGravity" : "center",
      "widthPolicy" : "sizeToCell"
    }, {
      "borderColor" : "Default",
      "borderRadius" : 4,
      "borderThickness" : 0,
      "column" : 0,
      "fontFamily" : "inherit",
      "fontSize" : 20,
      "fontStyle" : "normal",
      "fontWeight" : "normal",
      "heightPolicy" : "naturalSize",
      "horzGravity" : "left",
      "name" : "StaticText10",
      "row" : 1,
      "text" : "email",
      "type" : "StaticText",
      "uuid" : "a299fb78-e4e9-4ed0-8579-81c52d5d54dd",
      "v" : 17,
      "vertGravity" : "center",
      "widthPolicy" : "naturalSize"
    }, {
      "backgroundColor" : "rgb(255, 255, 255)",
      "borderColor" : "Default",
      "borderThickness" : 0,
      "children" : [ "0f27b736-7c61-470f-861e-d73e38799bc8" ],
      "heatmapConfig" : null,
      "heatmapOpacity" : 0.4,
      "heatmapRadius" : 40,
      "heightPolicy" : "sizeToCell",
      "horzGravity" : "center",
      "horzMargin" : 0,
      "name" : "FixedLayout2",
      "tabName" : "GuardLocation",
      "type" : "FixedLayout",
      "url" : null,
      "uuid" : "afbc3aca-71c4-4112-8d94-a037ddc069b1",
      "v" : 17,
      "vertGravity" : "center",
      "vertMargin" : 0,
      "widthPolicy" : "sizeToCell"
    }, {
      "borderColor" : "Default",
      "borderRadius" : 4,
      "borderThickness" : 0,
      "column" : 0,
      "fontFamily" : "inherit",
      "fontSize" : 20,
      "fontStyle" : "normal",
      "fontWeight" : "normal",
      "heightPolicy" : "naturalSize",
      "horzGravity" : "left",
      "name" : "StaticText12",
      "row" : 2,
      "text" : "name",
      "type" : "StaticText",
      "uuid" : "cdbf02cb-c2c5-4100-9c9c-7119c1d2df9c",
      "v" : 17,
      "vertGravity" : "center",
      "widthPolicy" : "naturalSize"
    }, {
      "borderColor" : "Default",
      "borderRadius" : 4,
      "borderThickness" : 0,
      "column" : -1,
      "fontFamily" : "inherit",
      "fontSize" : 20,
      "fontStyle" : "normal",
      "fontWeight" : "normal",
      "heightPolicy" : "naturalSize",
      "horzGravity" : "center",
      "name" : "StaticText174",
      "row" : -1,
      "text" : "警備員ロケーション",
      "type" : "StaticText",
      "uuid" : "dc73fac8-db9d-4db3-8ab7-a49ed2adaae3",
      "v" : 17,
      "vertGravity" : "center",
      "widthPolicy" : "naturalSize"
    }, {
      "binding" : "client.data.guards.guard_id",
      "borderColor" : "Default",
      "borderRadius" : 4,
      "borderThickness" : 0,
      "column" : 1,
      "defaultValue" : "",
      "heightPolicy" : "naturalSize",
      "horzGravity" : "left",
      "inputType" : "text",
      "isReadOnly" : true,
      "name" : "InputString2",
      "optional" : true,
      "placeholder" : "",
      "row" : 0,
      "type" : "InputString",
      "uuid" : "e4088f06-869d-4ec2-b362-a0a504fa1e5e",
      "v" : 17,
      "vertGravity" : "center",
      "w" : 300,
      "widthPolicy" : "explicit"
    }, {
      "borderColor" : "Default",
      "borderRadius" : 4,
      "borderThickness" : 0,
      "children" : [ "8e6500bf-42e9-4789-a2b4-5ef72c2cec40", "7d8a754e-097e-4b98-8d51-1ec311ad1f60" ],
      "column" : -1,
      "heightPolicy" : "naturalSize",
      "horzGravity" : "center",
      "innerMargin" : 20,
      "name" : "VerticalLayout131",
      "row" : 0,
      "type" : "VerticalLayout",
      "uuid" : "e8fc2ee7-55ad-4d80-8bf7-566fd1072b0e",
      "v" : 17,
      "vertGravity" : "center",
      "widthPolicy" : "naturalSize"
    }, {
      "borderColor" : "Default",
      "borderRadius" : 4,
      "borderThickness" : 0,
      "children" : [ "dc73fac8-db9d-4db3-8ab7-a49ed2adaae3", "275cb2b6-464d-4ce6-82bf-a992c3fc0482" ],
      "column" : -1,
      "heightPolicy" : "naturalSize",
      "horzGravity" : "center",
      "innerMargin" : 20,
      "name" : "VerticalLayout132",
      "row" : 0,
      "type" : "VerticalLayout",
      "uuid" : "ee4c78a5-92b8-42a0-84c0-7199af1b30c2",
      "v" : 17,
      "vertGravity" : "center",
      "widthPolicy" : "naturalSize"
    }, {
      "borderColor" : "Default",
      "borderRadius" : 4,
      "borderThickness" : 0,
      "children" : [ "e8fc2ee7-55ad-4d80-8bf7-566fd1072b0e", "209a1bef-fdc8-41cb-8dda-c47ab2830306" ],
      "column" : -1,
      "heightPolicy" : "naturalSize",
      "horzGravity" : "center",
      "innerMargin" : 20,
      "name" : "HorizontalLayout67",
      "row" : -1,
      "type" : "HorizontalLayout",
      "uuid" : "ef37e810-21c1-4751-8292-aa92a4615788",
      "v" : 17,
      "vertGravity" : "center",
      "widthPolicy" : "naturalSize",
      "x" : 0,
      "y" : 0
    } ]
  },
  "data" : {
    "properties" : { }
  },
  "footerChildren" : [ ],
  "hasFooter" : false,
  "layoutType" : "browser",
  "responseTopic" : "/my/response/topic"
}