{
  "active" : true,
  "appType" : true,
  "ars_properties" : {
    "dataVersion" : 5,
    "graph" : {
      "lastZoomRequest" : 0,
      "scale" : 0.8151196633463708,
      "translate" : [ 401, 137.58085308722198 ]
    },
    "groupSettings" : {
      "appGroupOpenHash" : {
        "actions" : true,
        "filters" : true,
        "flowControl" : true,
        "modifiers" : true
      },
      "ctGroupOpenHash" : {
        "actions" : true,
        "mobile" : true
      },
      "ctServiceOpen" : false,
      "serviceGroupOpenHash" : { }
    },
    "paletteWidth" : 170,
    "propertyWidth" : 280
  },
  "ars_relationships" : [ ],
  "assembly" : {
    "GetRangeFromState" : {
      "configuration" : {
        "childStreams" : [ "PollWithRangeCondition" ],
        "parameters" : { },
        "parentStreams" : [ "ScheduledTrigger" ],
        "procedure" : "jp.co.vantiq.designpattern.PollingToStream.updateLastExecutionDate",
        "returnBehavior" : "Use Return Value as Outbound event"
      },
      "pattern" : "Procedure",
      "patternVersion" : 1,
      "uuid" : "b70def4f-5087-4a60-8075-63ae4b3a2f7c"
    },
    "PollWithRangeCondition" : {
      "configuration" : {
        "childStreams" : [ "Unwind" ],
        "parameters" : {
          "To" : "event.currentDate",
          "from" : "event.lastExecutionDate"
        },
        "parentStreams" : [ "GetRangeFromState" ],
        "procedure" : "jp.co.vantiq.designpattern.PollingToStream.polling",
        "returnBehavior" : "Use Return Value as Outbound event"
      },
      "pattern" : "Procedure",
      "patternVersion" : 1,
      "uuid" : "61006d91-165d-4920-8310-c17ef4db5085"
    },
    "PublishToTopic" : {
      "configuration" : {
        "parentStreams" : [ "Unwind" ],
        "topic" : "/jp.co.vantiq.designpattern.PollingToStream/pollingResult/outbound"
      },
      "pattern" : "PublishToTopic",
      "patternVersion" : 1,
      "uuid" : "d5328fe2-b8df-4b25-b8cc-aa2e771cb8d2"
    },
    "ScheduledTrigger" : {
      "configuration" : {
        "childStreams" : [ "GetRangeFromState" ],
        "inboundResource" : "topics",
        "inboundResourceId" : "/jp.co.vantiq.designpattern.PollingToStream/ScheduledTrigger/handler/inbound",
        "parentStreams" : [ ]
      },
      "pattern" : "EventStream",
      "patternVersion" : 1,
      "uuid" : "328ab7e9-b225-4545-bdfb-80bdf00ccb60"
    },
    "Unwind" : {
      "configuration" : {
        "childStreams" : [ "PublishToTopic" ],
        "parentStreams" : [ "PollWithRangeCondition" ]
      },
      "pattern" : "Unwind",
      "patternVersion" : 1,
      "uuid" : "9b8d1304-2952-4b43-871d-89ec174f503d"
    }
  },
  "boundService" : "jp.co.vantiq.designpattern.PollingToStream",
  "collaboratorRoles" : [ ],
  "disableBadging" : false,
  "entityRoles" : [ ],
  "isComponent" : false,
  "isEventHandler" : true,
  "keyTypes" : [ "system.collaborations" ],
  "name" : "jp.co.vantiq.designpattern.PollingToStream_ScheduledTrigger_EventHandler"
}