{
  "links" : [ {
    "source" : "topic//python/websocket/1",
    "target" : "subscription/sub_websocket_1"
  }, {
    "source" : "topic//python/rest/1",
    "target" : "subscription/sub_rest_1"
  }, {
    "source" : "topic//python/websocket/2",
    "target" : "subscription/sub_websocket_2"
  } ],
  "name" : "pythonintergration_template",
  "options" : {
    "description" : "",
    "dockCollapsed" : {
      "bottom" : false,
      "left" : false,
      "right" : false,
      "top" : false,
      "viewtabs" : false
    },
    "dockDimensions" : {
      "bottom" : 200,
      "debug" : [ 0, 0, 0 ],
      "left" : 210,
      "right" : 220,
      "top" : 0,
      "viewtabs" : 0
    },
    "dockSort" : 1,
    "exclusionList" : [ "source/AMQPTestSource" ],
    "filterBitArray" : "ffffffffffffffffffffffffffffffff",
    "isModeloProject" : true,
    "layoutStyle" : "tile",
    "openFolders" : [ "topic", "source", "subscription" ],
    "rootViewFlavor" : 1,
    "showGrid" : true,
    "tileColumns" : 2,
    "tileRows" : 2,
    "type" : "dev",
    "v" : 4,
    "viewUUID" : "MAINVIEW"
  },
  "resources" : [ {
    "label" : "/python/rest/1",
    "name" : "/python/rest/1",
    "resourceReference" : "/topics//python/rest/1",
    "type" : 10
  }, {
    "label" : "/python/websocket/1",
    "name" : "/python/websocket/1",
    "resourceReference" : "/topics//python/websocket/1",
    "type" : 10
  }, {
    "label" : "/python/websocket/2",
    "name" : "/python/websocket/2",
    "resourceReference" : "/topics//python/websocket/2",
    "type" : 10
  }, {
    "inventory" : {
      "clientHash" : [ ],
      "clients" : [ ],
      "collaborationHash" : [ ],
      "collaborations" : [ ],
      "eventstreamHash" : [ ],
      "eventstreams" : [ ],
      "procedureHash" : [ ],
      "procedures" : [ ],
      "sourceHash" : [ ],
      "sources" : [ ],
      "systemmodelHash" : [ ],
      "systemmodels" : [ ],
      "topicHash" : [ ],
      "topics" : [ ],
      "typeHash" : [ ],
      "types" : [ ]
    },
    "label" : "AmazonMQSource",
    "name" : "AmazonMQSource",
    "resourceReference" : "/sources/AmazonMQSource",
    "timestamp" : "2021-06-01T10:17:02.578Z",
    "type" : 4
  }, {
    "inventory" : {
      "clientHash" : [ ],
      "clients" : [ ],
      "collaborationHash" : [ ],
      "collaborations" : [ ],
      "eventstreamHash" : [ ],
      "eventstreams" : [ ],
      "procedureHash" : [ ],
      "procedures" : [ ],
      "sourceHash" : [ ],
      "sources" : [ ],
      "systemmodelHash" : [ ],
      "systemmodels" : [ ],
      "topicHash" : [ ],
      "topics" : [ ],
      "typeHash" : [ ],
      "types" : [ ]
    },
    "label" : "EventHubAMQPSource",
    "name" : "EventHubAMQPSource",
    "resourceReference" : "/sources/EventHubAMQPSource",
    "timestamp" : "2021-06-01T12:49:26.867Z",
    "type" : 4
  }, {
    "inventory" : {
      "clientHash" : [ ],
      "clients" : [ ],
      "collaborationHash" : [ ],
      "collaborations" : [ ],
      "eventstreamHash" : [ ],
      "eventstreams" : [ ],
      "procedureHash" : [ ],
      "procedures" : [ ],
      "sourceHash" : [ ],
      "sources" : [ ],
      "systemmodelHash" : [ ],
      "systemmodels" : [ ],
      "topicHash" : [ "in" ],
      "topics" : [ "/python/rest/1" ],
      "typeHash" : [ ],
      "types" : [ ]
    },
    "label" : "sub_rest_1",
    "name" : "sub_rest_1",
    "resourceReference" : "/ArsSubscribe/sub_rest_1",
    "timestamp" : "2021-06-01T08:00:06.625Z",
    "type" : 9
  }, {
    "inventory" : {
      "clientHash" : [ ],
      "clients" : [ ],
      "collaborationHash" : [ ],
      "collaborations" : [ ],
      "eventstreamHash" : [ ],
      "eventstreams" : [ ],
      "procedureHash" : [ ],
      "procedures" : [ ],
      "sourceHash" : [ ],
      "sources" : [ ],
      "systemmodelHash" : [ ],
      "systemmodels" : [ ],
      "topicHash" : [ "in" ],
      "topics" : [ "/python/websocket/1" ],
      "typeHash" : [ ],
      "types" : [ ]
    },
    "label" : "sub_websocket_1",
    "name" : "sub_websocket_1",
    "resourceReference" : "/ArsSubscribe/sub_websocket_1",
    "timestamp" : "2021-06-01T07:56:38.140Z",
    "type" : 9
  }, {
    "inventory" : {
      "clientHash" : [ ],
      "clients" : [ ],
      "collaborationHash" : [ ],
      "collaborations" : [ ],
      "eventstreamHash" : [ ],
      "eventstreams" : [ ],
      "procedureHash" : [ ],
      "procedures" : [ ],
      "sourceHash" : [ ],
      "sources" : [ ],
      "systemmodelHash" : [ ],
      "systemmodels" : [ ],
      "topicHash" : [ "in" ],
      "topics" : [ "/python/websocket/2" ],
      "typeHash" : [ ],
      "types" : [ ]
    },
    "name" : "sub_websocket_2",
    "resourceReference" : "/ArsSubscribe/sub_websocket_2",
    "timestamp" : "2021-06-02T03:49:41.976Z",
    "type" : 9
  } ],
  "tools" : [ {
    "isPinned" : false,
    "name" : "/python/rest/1",
    "pane" : {
      "c" : -1,
      "r" : -1
    },
    "resourceKey" : "topic//python/rest/1",
    "state" : 4,
    "type" : 8
  }, {
    "isPinned" : false,
    "name" : "/python/websocket/1",
    "pane" : {
      "c" : -1,
      "r" : -1
    },
    "resourceKey" : "topic//python/websocket/1",
    "state" : 4,
    "type" : 8
  }, {
    "isPinned" : false,
    "name" : "/python/websocket/1",
    "pane" : {
      "c" : -1,
      "r" : -1
    },
    "resourceKey" : "topic//python/websocket/1",
    "state" : 4,
    "type" : 11
  }, {
    "isPinned" : false,
    "name" : "/python/websocket/2",
    "pane" : {
      "c" : -1,
      "r" : -1
    },
    "resourceKey" : "topic//python/websocket/2",
    "state" : 4,
    "type" : 8
  }, {
    "isPinned" : false,
    "name" : "AmazonMQSource",
    "pane" : {
      "c" : -1,
      "r" : -1
    },
    "resourceKey" : "source/AmazonMQSource",
    "state" : 4,
    "type" : 5
  }, {
    "isPinned" : false,
    "name" : "AmazonMQSource",
    "pane" : {
      "c" : 1,
      "r" : 1
    },
    "resourceKey" : "source/AmazonMQSource",
    "state" : 2,
    "type" : 11
  }, {
    "isPinned" : false,
    "name" : "EventHubAMQPSource",
    "pane" : {
      "c" : 0,
      "r" : 1
    },
    "resourceKey" : "source/EventHubAMQPSource",
    "state" : 2,
    "type" : 5
  }, {
    "isPinned" : false,
    "name" : "Project Contents",
    "type" : 2
  }, {
    "isPinned" : false,
    "name" : "sub_rest_1",
    "pane" : {
      "c" : -1,
      "r" : -1
    },
    "resourceKey" : "subscription/sub_rest_1",
    "state" : 4,
    "type" : 7
  }, {
    "isPinned" : false,
    "name" : "sub_websocket_1",
    "pane" : {
      "c" : 0,
      "r" : 0
    },
    "resourceKey" : "subscription/sub_websocket_1",
    "state" : 2,
    "type" : 7
  }, {
    "isPinned" : false,
    "name" : "sub_websocket_2",
    "pane" : {
      "c" : 1,
      "r" : 0
    },
    "resourceKey" : "subscription/sub_websocket_2",
    "state" : 2,
    "type" : 7
  }, {
    "isPinned" : false,
    "name" : "アクセストークン",
    "pane" : {
      "c" : -1,
      "r" : -1
    },
    "state" : 4,
    "type" : 34
  }, {
    "isPinned" : false,
    "name" : "エラー",
    "type" : 13
  }, {
    "dockLocation" : "top",
    "isPinned" : false,
    "name" : "非アクティブ ペイン",
    "type" : 99
  } ],
  "type" : "dev",
  "views" : [ {
    "name" : "Project Contents",
    "projectToolKeys" : [ "subtopiceditor//python/rest/1", "subtopiceditor//python/websocket/1", "dataviewer//python/websocket/1", "subtopiceditor//python/websocket/2", "subsourceeditor/AmazonMQSource", "dataviewer/AmazonMQSource", "subsourceeditor/EventHubAMQPSource", "list/Project Contents", "subsubscribeeditor/sub_rest_1", "subsubscribeeditor/sub_websocket_1", "subsubscribeeditor/sub_websocket_2", "accesstokens/アクセストークン", "errorviewer/エラー", "tiledock/非アクティブ ペイン" ]
  } ]
}
