{
  "ars_relationships" : [ ],
  "links" : [ {
    "source" : "procedure/jp.co.vantiq.ws.datagen.CreateRPMScheduledEvents",
    "target" : "topic//jp.co.vantiq.ws.datagen/TrainingDataGen/Stop"
  }, {
    "source" : "procedure/jp.co.vantiq.ws.datagen.CreateScheduledEvents",
    "target" : "topic//jp.co.vantiq.ws.datagen/TrainingDataGen/Temp"
  }, {
    "source" : "procedure/jp.co.vantiq.ws.datagen.CreateScheduledEvents",
    "target" : "topic//jp.co.vantiq.ws.datagen/TrainingDataGen/Stop"
  }, {
    "source" : "procedure/jp.co.vantiq.ws.datagen.CreateRPMScheduledEvents",
    "target" : "procedure/jp.co.vantiq.ws.datagen.DeleteScheduledEvents"
  }, {
    "source" : "procedure/jp.co.vantiq.ws.datagen.CreateScheduledEvents",
    "target" : "topic//jp.co.vantiq.ws.datagen/TrainingDataGen/RPM"
  }, {
    "source" : "rule/jp.co.vantiq.ws.datagen.RPMDataGenerator",
    "target" : "topic//jp.co.vantiq.ws.datagen/DataGeneratorMonitor"
  }, {
    "source" : "topic//jp.co.vantiq.ws.datagen/TrainingDataGen/RPM",
    "target" : "rule/jp.co.vantiq.ws.datagen.RPMDataGenerator"
  }, {
    "source" : "topic//jp.co.vantiq.ws.datagen/TrainingDataGen/Temp",
    "target" : "rule/jp.co.vantiq.ws.datagen.TempDataGenerator"
  }, {
    "source" : "rule/jp.co.vantiq.ws.datagen.TempDataGenerator",
    "target" : "topic//jp.co.vantiq.ws.datagen/DataGeneratorMonitor"
  }, {
    "source" : "topic//jp.co.vantiq.ws.datagen/logs/scrubber",
    "target" : "rule/jp.co.vantiq.ws.datagen.logscrubber"
  }, {
    "source" : "rule/jp.co.vantiq.ws.datagen.onStopTrainingDataGen",
    "target" : "procedure/jp.co.vantiq.ws.datagen.DeleteScheduledEvents"
  }, {
    "source" : "topic//jp.co.vantiq.ws.datagen/TrainingDataGen/Stop",
    "target" : "rule/jp.co.vantiq.ws.datagen.onStopTrainingDataGen"
  }, {
    "source" : "client/jp.co.vantiq.ws.datagen.TrainingDataGeneratorClient",
    "target" : "topic//jp.co.vantiq.ws.datagen/my/response/topic"
  }, {
    "source" : "rule/jp.co.vantiq.ws.datagen.RPMDataGenerator",
    "target" : "type/jp.co.vantiq.ws.datagen.TrainingDataGenConfig"
  }, {
    "source" : "rule/jp.co.vantiq.ws.datagen.RPMDataGenerator",
    "target" : "type/jp.co.vantiq.ws.datagen.TrainingDataGenControl"
  }, {
    "source" : "rule/jp.co.vantiq.ws.datagen.RPMDataGenerator",
    "target" : "source/jp.co.vantiq.ws.datagen.TrainingDataGenMQTT"
  }, {
    "source" : "topic//jp.co.vantiq.ws.datagen/DataGeneratorMonitor",
    "target" : "client/jp.co.vantiq.ws.datagen.TrainingDataGeneratorClient"
  }, {
    "source" : "type/jp.co.vantiq.ws.datagen.TrainingDataGenControl",
    "target" : "client/jp.co.vantiq.ws.datagen.TrainingDataGeneratorClient"
  } ],
  "name" : "TrainingDataGen",
  "options" : {
    "description" : "このプロジェクトは、データジェネレータ用プロジェクトとなります。\nワークショップでの開発プロジェクトとは分けてご利用ください。\n\nVANTIQ Japan",
    "dockCollapsed" : {
      "bottom" : true,
      "left" : false,
      "right" : false,
      "top" : false,
      "viewtabs" : false
    },
    "dockDimensions" : {
      "bottom" : 200,
      "debug" : [ 0, 0, 0 ],
      "left" : 270,
      "right" : 220,
      "top" : 0,
      "viewtabs" : 0
    },
    "exclusionList" : [ "client/TrainingDataGeneratorClient", "procedure/CreateRPMSScheduledEvents", "procedure/CreateScheduledEvents", "procedure/DeleteScheduledEvents", "procedure/updateTrainingDataGenControl", "scheduledevent/LogScrubber", "source/TrainingDataGenMQTT", "topic//DataGeneratorMonitor", "topic//TrainingDataGen/RPMS", "topic//TrainingDataGen/Stop", "topic//TrainingDataGen/Temp", "topic//jp.co.vantiq.ws.datagen/TrainingDataGen/RPMS", "topic//logs/scrubber", "topic//my/response/topic", "type/TrainingDataGenConfig", "type/TrainingDataGenControl" ],
    "filterBitArray" : "ffffffffffffffffffffffffffffffff",
    "isModeloProject" : true,
    "layoutStyle" : "custom",
    "openFolders" : [ "jp.co.vantiq.ws.datagen", "jp.co.vantiq.ws.datagen/client", "jp.co.vantiq.ws.datagen/procedure", "jp.co.vantiq.ws.datagen/rule", "jp.co.vantiq.ws.datagen/scheduledevent", "jp.co.vantiq.ws.datagen/source", "jp.co.vantiq.ws.datagen/topic", "jp.co.vantiq.ws.datagen/type", "system", "system/type" ],
    "rootViewFlavor" : 5,
    "showGrid" : true,
    "type" : "dev",
    "v" : 5,
    "viewUUID" : "MAINVIEW"
  },
  "resources" : [ {
    "label" : "/jp.co.vantiq.ws.datagen/DataGeneratorMonitor",
    "name" : "/jp.co.vantiq.ws.datagen/DataGeneratorMonitor",
    "resourceReference" : "/topics//jp.co.vantiq.ws.datagen/DataGeneratorMonitor",
    "type" : 10
  }, {
    "label" : "/jp.co.vantiq.ws.datagen/TrainingDataGen/RPM",
    "name" : "/jp.co.vantiq.ws.datagen/TrainingDataGen/RPM",
    "resourceReference" : "/topics//jp.co.vantiq.ws.datagen/TrainingDataGen/RPM",
    "type" : 10
  }, {
    "label" : "/jp.co.vantiq.ws.datagen/TrainingDataGen/Stop",
    "name" : "/jp.co.vantiq.ws.datagen/TrainingDataGen/Stop",
    "resourceReference" : "/topics//jp.co.vantiq.ws.datagen/TrainingDataGen/Stop",
    "type" : 10
  }, {
    "label" : "/jp.co.vantiq.ws.datagen/TrainingDataGen/Temp",
    "name" : "/jp.co.vantiq.ws.datagen/TrainingDataGen/Temp",
    "resourceReference" : "/topics//jp.co.vantiq.ws.datagen/TrainingDataGen/Temp",
    "type" : 10
  }, {
    "label" : "/jp.co.vantiq.ws.datagen/logs/scrubber",
    "name" : "/jp.co.vantiq.ws.datagen/logs/scrubber",
    "resourceReference" : "/topics//jp.co.vantiq.ws.datagen/logs/scrubber",
    "type" : 10
  }, {
    "label" : "/jp.co.vantiq.ws.datagen/my/response/topic",
    "name" : "/jp.co.vantiq.ws.datagen/my/response/topic",
    "resourceReference" : "/topics//jp.co.vantiq.ws.datagen/my/response/topic",
    "type" : 10
  }, {
    "label" : "jp.co.vantiq.ws.datagen.CreateRPMScheduledEvents",
    "name" : "jp.co.vantiq.ws.datagen.CreateRPMScheduledEvents",
    "packageName" : "jp.co.vantiq.ws.datagen",
    "procedureName" : "CreateRPMScheduledEvents",
    "resourceReference" : "/procedures/jp.co.vantiq.ws.datagen.CreateRPMScheduledEvents",
    "timestamp" : "2023-04-07T10:04:54.036Z",
    "type" : 3
  }, {
    "label" : "jp.co.vantiq.ws.datagen.CreateScheduledEvents",
    "name" : "jp.co.vantiq.ws.datagen.CreateScheduledEvents",
    "packageName" : "jp.co.vantiq.ws.datagen",
    "procedureName" : "CreateScheduledEvents",
    "resourceReference" : "/procedures/jp.co.vantiq.ws.datagen.CreateScheduledEvents",
    "timestamp" : "2023-04-07T10:05:28.657Z",
    "type" : 3
  }, {
    "label" : "jp.co.vantiq.ws.datagen.DeleteScheduledEvents",
    "name" : "jp.co.vantiq.ws.datagen.DeleteScheduledEvents",
    "packageName" : "jp.co.vantiq.ws.datagen",
    "procedureName" : "DeleteScheduledEvents",
    "resourceReference" : "/procedures/jp.co.vantiq.ws.datagen.DeleteScheduledEvents",
    "timestamp" : "2023-04-07T10:05:56.522Z",
    "type" : 3
  }, {
    "label" : "jp.co.vantiq.ws.datagen.LogScrubber",
    "name" : "jp.co.vantiq.ws.datagen.LogScrubber",
    "resourceReference" : "/system.scheduledevents/jp.co.vantiq.ws.datagen.LogScrubber",
    "timestamp" : "2023-04-07T11:01:48.605Z",
    "type" : 17
  }, {
    "inventory" : { },
    "label" : "jp.co.vantiq.ws.datagen.RPMDataGenerator",
    "name" : "jp.co.vantiq.ws.datagen.RPMDataGenerator",
    "node" : {
      "x" : 177.3,
      "y" : 92.1
    },
    "resourceReference" : "/rules/jp.co.vantiq.ws.datagen.RPMDataGenerator",
    "timestamp" : "2023-04-07T12:47:43.104Z",
    "type" : 2
  }, {
    "inventory" : { },
    "label" : "jp.co.vantiq.ws.datagen.TempDataGenerator",
    "name" : "jp.co.vantiq.ws.datagen.TempDataGenerator",
    "node" : {
      "x" : 571.2,
      "y" : 28.7
    },
    "resourceReference" : "/rules/jp.co.vantiq.ws.datagen.TempDataGenerator",
    "timestamp" : "2023-04-07T10:56:08.835Z",
    "type" : 2
  }, {
    "label" : "jp.co.vantiq.ws.datagen.TrainingDataGenConfig",
    "name" : "jp.co.vantiq.ws.datagen.TrainingDataGenConfig",
    "resourceReference" : "/types/jp.co.vantiq.ws.datagen.TrainingDataGenConfig",
    "timestamp" : "2023-04-07T10:56:24.995Z",
    "type" : 1
  }, {
    "label" : "jp.co.vantiq.ws.datagen.TrainingDataGenControl",
    "name" : "jp.co.vantiq.ws.datagen.TrainingDataGenControl",
    "resourceReference" : "/types/jp.co.vantiq.ws.datagen.TrainingDataGenControl",
    "timestamp" : "2023-04-07T10:56:33.498Z",
    "type" : 1
  }, {
    "label" : "jp.co.vantiq.ws.datagen.TrainingDataGenMQTT",
    "name" : "jp.co.vantiq.ws.datagen.TrainingDataGenMQTT",
    "resourceReference" : "/sources/jp.co.vantiq.ws.datagen.TrainingDataGenMQTT",
    "timestamp" : "2023-04-07T10:58:06.471Z",
    "type" : 4
  }, {
    "label" : "jp.co.vantiq.ws.datagen.TrainingDataGeneratorClient",
    "name" : "jp.co.vantiq.ws.datagen.TrainingDataGeneratorClient",
    "resourceReference" : "/system.clients/jp.co.vantiq.ws.datagen.TrainingDataGeneratorClient",
    "timestamp" : "2023-04-07T11:19:26.757Z",
    "type" : 15
  }, {
    "inventory" : { },
    "label" : "jp.co.vantiq.ws.datagen.logscrubber",
    "name" : "jp.co.vantiq.ws.datagen.logscrubber",
    "node" : {
      "x" : 22.8,
      "y" : 19.3
    },
    "resourceReference" : "/rules/jp.co.vantiq.ws.datagen.logscrubber",
    "timestamp" : "2023-04-07T10:55:53.158Z",
    "type" : 2
  }, {
    "inventory" : { },
    "label" : "jp.co.vantiq.ws.datagen.onStopTrainingDataGen",
    "name" : "jp.co.vantiq.ws.datagen.onStopTrainingDataGen",
    "node" : {
      "x" : 635.2,
      "y" : 287.4
    },
    "resourceReference" : "/rules/jp.co.vantiq.ws.datagen.onStopTrainingDataGen",
    "timestamp" : "2023-04-07T10:57:39.334Z",
    "type" : 2
  }, {
    "label" : "jp.co.vantiq.ws.datagen.updateTrainingDataGenControl",
    "name" : "jp.co.vantiq.ws.datagen.updateTrainingDataGenControl",
    "packageName" : "jp.co.vantiq.ws.datagen",
    "procedureName" : "updateTrainingDataGenControl",
    "resourceReference" : "/procedures/jp.co.vantiq.ws.datagen.updateTrainingDataGenControl",
    "timestamp" : "2023-04-07T10:06:12.296Z",
    "type" : 3
  }, {
    "label" : "system.scheduledevents",
    "name" : "system.scheduledevents",
    "node" : {
      "x" : 414.3,
      "y" : 267.1
    },
    "resourceReference" : "/types/system.scheduledevents",
    "timestamp" : "2023-03-11T19:20:17.820Z",
    "type" : 1
  } ],
  "tools" : [ {
    "isPinned" : false,
    "name" : "/jp.co.vantiq.ws.datagen/TrainingDataGen/RPM",
    "pane" : {
      "h" : 400,
      "w" : 600,
      "x" : 20,
      "y" : 890
    },
    "resourceKey" : "topic//jp.co.vantiq.ws.datagen/TrainingDataGen/RPM",
    "state" : 3,
    "type" : 8
  }, {
    "isPinned" : false,
    "name" : "Errors",
    "type" : 13
  }, {
    "dockLocation" : "top",
    "isPinned" : false,
    "name" : "Inactive Panes",
    "type" : 99
  }, {
    "isPinned" : false,
    "name" : "Project Contents",
    "type" : 2
  }, {
    "isPinned" : false,
    "name" : "Project Description",
    "pane" : {
      "h" : 170,
      "w" : 450,
      "x" : 20,
      "y" : 20
    },
    "state" : 3,
    "type" : 82
  }, {
    "isPinned" : false,
    "name" : "jp.co.vantiq.ws.datagen.RPMDataGenerator",
    "pane" : {
      "h" : 400,
      "w" : 600,
      "x" : 20,
      "y" : 1300
    },
    "resourceKey" : "rule/jp.co.vantiq.ws.datagen.RPMDataGenerator",
    "state" : 3,
    "type" : 3
  }, {
    "isPinned" : false,
    "name" : "jp.co.vantiq.ws.datagen.TempDataGenerator",
    "pane" : {
      "h" : 400,
      "w" : 600,
      "x" : 20,
      "y" : 1710
    },
    "resourceKey" : "rule/jp.co.vantiq.ws.datagen.TempDataGenerator",
    "state" : 3,
    "type" : 3
  }, {
    "isPinned" : false,
    "name" : "jp.co.vantiq.ws.datagen.TrainingDataGenConfig",
    "pane" : {
      "h" : 400,
      "w" : 600,
      "x" : 20,
      "y" : 2120
    },
    "resourceKey" : "type/jp.co.vantiq.ws.datagen.TrainingDataGenConfig",
    "state" : 3,
    "type" : 6
  }, {
    "isPinned" : false,
    "name" : "jp.co.vantiq.ws.datagen.TrainingDataGenMQTT",
    "pane" : {
      "h" : 400,
      "w" : 600,
      "x" : 1020,
      "y" : 200
    },
    "resourceKey" : "source/jp.co.vantiq.ws.datagen.TrainingDataGenMQTT",
    "state" : 3,
    "type" : 5
  }, {
    "isPinned" : false,
    "name" : "jp.co.vantiq.ws.datagen.TrainingDataGeneratorClient",
    "pane" : {
      "h" : 680,
      "w" : 990,
      "x" : 20,
      "y" : 200
    },
    "resourceKey" : "client/jp.co.vantiq.ws.datagen.TrainingDataGeneratorClient",
    "state" : 3,
    "toolOptions" : {
      "isRunning" : true
    },
    "type" : 63
  } ],
  "type" : "dev",
  "views" : [ {
    "name" : "Project Contents",
    "projectToolKeys" : [ "subtopiceditor//jp.co.vantiq.ws.datagen/TrainingDataGen/RPM", "errorviewer/Errors", "tiledock/Inactive Panes", "list/Project Contents", "projectdescription/Project Description", "cmeditorrule/jp.co.vantiq.ws.datagen.RPMDataGenerator", "cmeditorrule/jp.co.vantiq.ws.datagen.TempDataGenerator", "subtypeeditor/jp.co.vantiq.ws.datagen.TrainingDataGenConfig", "subsourceeditor/jp.co.vantiq.ws.datagen.TrainingDataGenMQTT", "client/jp.co.vantiq.ws.datagen.TrainingDataGeneratorClient" ]
  } ]
}