{
  "activationConstraint" : "",
  "active" : true,
  "ars_properties" : null,
  "ars_relationships" : [ ],
  "config" : {
    "automaticReconnect" : true,
    "cleanSession" : true,
    "connectionTimeout" : 15,
    "contentType" : "application/json",
    "keepAliveInterval" : 15,
    "maxInflight" : 10,
    "password" : "vantiq123456",
    "passwordType" : "string",
    "qos" : "AT_LEAST_ONCE",
    "serverURIs" : [ "mqtts://b-3ee09a87-9ae5-4a91-b505-fb7d1d7c8748-1.mq.ap-northeast-1.amazonaws.com:8883" ],
    "topics" : [ "/guards/location" ],
    "username" : "vantiq"
  },
  "messageType" : null,
  "mockProcedures" : { },
  "name" : "GuardMqttBroker",
  "type" : "MQTT"
}