{
  "active" : true,
  "appType" : true,
  "ars_properties" : {
    "dataVersion" : 5,
    "graph" : {
      "lastZoomRequest" : 0,
      "scale" : 0.5733628651976421,
      "translate" : [ 245.5253811159818, 109.19645617628295 ]
    },
    "groupSettings" : {
      "appGroupOpenHash" : {
        "actions" : true,
        "filters" : true,
        "flowControl" : true,
        "modifiers" : true
      },
      "ctGroupOpenHash" : {
        "actions" : true,
        "mobile" : true
      },
      "ctServiceOpen" : false,
      "serviceGroupOpenHash" : { }
    },
    "paletteWidth" : 170,
    "propertyWidth" : 280
  },
  "ars_relationships" : [ ],
  "assembly" : {
    "GenerateTestData" : {
      "configuration" : {
        "childStreams" : [ "JoinProp1", "JoinProp2" ],
        "imports" : null,
        "parameters" : { },
        "parentStreams" : [ "initiate" ],
        "partitionKey" : "\"dummy\"",
        "procedure" : "jp.co.vantiq.designpattern.upsertstate.UpsertState.UpsertStateDummyData",
        "returnBehavior" : "Use Return Value as Outbound event",
        "returnProperty" : null,
        "schema" : null
      },
      "downstreamReferences" : { },
      "pattern" : "Procedure",
      "patternVersion" : 1,
      "uuid" : "b8c29ccb-ac17-4ba4-8c0a-327f75963752"
    },
    "JoinProp1" : {
      "configuration" : {
        "childStreams" : [ "LogStream" ],
        "imports" : null,
        "parameters" : {
          "keyName" : "\"id\"",
          "objList" : "event",
          "propName" : "\"prop1\""
        },
        "parentStreams" : [ "GenerateTestData" ],
        "partitionKey" : "",
        "procedure" : "jp.co.vantiq.designpattern.upsertstate.UpsertState.bulkUpsertState",
        "returnBehavior" : "Use Return Value as Outbound event",
        "returnProperty" : null,
        "schema" : null
      },
      "downstreamReferences" : { },
      "pattern" : "Procedure",
      "patternVersion" : 1,
      "uuid" : "21979d01-3cf9-4aa2-89fa-51a570867e22"
    },
    "JoinProp2" : {
      "configuration" : {
        "childStreams" : [ "LogStream1" ],
        "imports" : null,
        "parameters" : {
          "keyName" : "\"id\"",
          "objList" : "event",
          "propName" : null
        },
        "parentStreams" : [ "GenerateTestData" ],
        "partitionKey" : "",
        "procedure" : "jp.co.vantiq.designpattern.upsertstate.UpsertState.bulkUpsertState",
        "returnBehavior" : "Use Return Value as Outbound event",
        "returnProperty" : null,
        "schema" : null
      },
      "downstreamReferences" : { },
      "pattern" : "Procedure",
      "patternVersion" : 1,
      "uuid" : "77811937-2d8f-4a20-b4dc-653d7de7f19b"
    },
    "LogStream" : {
      "configuration" : {
        "level" : null,
        "parentStreams" : [ "JoinProp1" ]
      },
      "downstreamReferences" : { },
      "pattern" : "LogStream",
      "patternVersion" : 1,
      "uuid" : "c2e11d9a-8af3-466e-be9d-7dc4b9270b12"
    },
    "LogStream1" : {
      "configuration" : {
        "level" : null,
        "parentStreams" : [ "JoinProp2" ]
      },
      "downstreamReferences" : { },
      "pattern" : "LogStream",
      "patternVersion" : 1,
      "uuid" : "27ba8456-6066-433d-b4c5-7391835e993e"
    },
    "initiate" : {
      "configuration" : {
        "childStreams" : [ "GenerateTestData" ],
        "inboundResource" : "topics",
        "inboundResourceId" : "/jp.co.vantiq.designpattern.upsertstate.UpsertState/TestJoinedState/handler/inbound",
        "parentStreams" : [ ]
      },
      "downstreamReferences" : { },
      "pattern" : "EventStream",
      "patternVersion" : 1,
      "uuid" : "bd831b80-33e5-40b6-89e3-3ac098b9fc01"
    }
  },
  "boundService" : "jp.co.vantiq.designpattern.upsertstate.UpsertState",
  "collaboratorRoles" : [ ],
  "disableBadging" : false,
  "entityRoles" : [ ],
  "isComponent" : false,
  "isEventHandler" : true,
  "keyTypes" : [ "system.collaborations" ],
  "name" : "jp.co.vantiq.designpattern.upsertstate.TestJoinedState"
}