{
  "ars_relationships" : [ ],
  "links" : [ {
    "source" : "app/BoxSorter",
    "target" : "services/apps.services.BoxSorter"
  }, {
    "source" : "services/apps.services.BoxSorter",
    "target" : "app/BoxSorter"
  }, {
    "source" : "source/BoxInfoMqtt",
    "target" : "app/BoxSorter"
  }, {
    "source" : "app/BoxSorter",
    "target" : "source/SortingResultMqtt"
  }, {
    "source" : "app/BoxSorter",
    "target" : "type/sorting_condition"
  }, {
    "source" : "source/BoxInfoMqtt",
    "target" : "eventstream/apps.BoxSorter.ReceiveBoxInfo"
  }, {
    "source" : "services/apps.services.BoxSorter",
    "target" : "document/apps.services.BoxSorter.js"
  }, {
    "source" : "procedure/apps.services.BoxSorter.AttachConditionStateResetAll",
    "target" : "services/apps.services.BoxSorter"
  }, {
    "source" : "services/apps.services.BoxSorter",
    "target" : "procedure/apps.services.BoxSorter.AttachConditionStateResetAll"
  }, {
    "source" : "procedure/apps.services.BoxSorter.AttachConditionStateResetAll",
    "target" : "procedure/apps.services.BoxSorter.AttachConditionStateGet"
  }, {
    "source" : "app/BoxSorter",
    "target" : "procedure/apps.services.BoxSorter.AttachConditionStateGetForEvent"
  }, {
    "source" : "services/apps.services.BoxSorter",
    "target" : "procedure/apps.services.BoxSorter.AttachConditionStateGet"
  }, {
    "source" : "services/apps.services.BoxSorter",
    "target" : "procedure/apps.services.BoxSorter.AttachConditionStateReset"
  }, {
    "source" : "services/apps.services.BoxSorter",
    "target" : "procedure/apps.services.BoxSorter.AttachConditionStateGetForEvent"
  }, {
    "source" : "services/apps.services.BoxSorter",
    "target" : "type/apps.BoxSorter.PartitionedState"
  }, {
    "source" : "procedure/apps.services.BoxSorter.AttachConditionStateGetForEvent",
    "target" : "type/sorting_condition"
  }, {
    "source" : "procedure/apps.services.BoxSorter.AttachConditionStateGetForEvent",
    "target" : "services/apps.services.BoxSorter"
  }, {
    "source" : "procedure/apps.services.BoxSorter.AttachConditionStateReset",
    "target" : "services/apps.services.BoxSorter"
  }, {
    "source" : "procedure/apps.services.BoxSorter.AttachConditionStateGet",
    "target" : "services/apps.services.BoxSorter"
  } ],
  "name" : "BoxSorter",
  "options" : {
    "description" : "",
    "dockCollapsed" : {
      "bottom" : false,
      "left" : false,
      "right" : false,
      "top" : false,
      "viewtabs" : false
    },
    "dockDimensions" : {
      "bottom" : 305,
      "debug" : [ 163, 1754 ],
      "left" : 267,
      "right" : 220,
      "top" : 0,
      "viewtabs" : 0
    },
    "dockSort" : 1,
    "exclusionList" : [ "app/BoxSorter_sample", "document/apps.services.BoxSorter.js", "procedure/publishTestEvent", "services/system.ActivityPattern", "services/system.Utils", "source/IncomingMqtt", "source/InflowMqtt", "topic//apps.BoxSorter/debug", "type/apps.BoxSorter.PartitionedAppState", "type/sort_condition_sample" ],
    "filterBitArray" : "ffffffffffffffffffffffffffffffff",
    "isModeloProject" : true,
    "layoutStyle" : "tile",
    "openFolders" : [ "app", "apps.services/services", "source", "topic", "type" ],
    "rootViewFlavor" : 5,
    "showGrid" : true,
    "tileColumns" : 2,
    "tileRows" : 1,
    "type" : "dev",
    "v" : 5,
    "viewUUID" : "MAINVIEW"
  },
  "partitions" : [ ],
  "resources" : [ {
    "label" : "/BoxInfoApi",
    "name" : "/BoxInfoApi",
    "resourceReference" : "/topics//BoxInfoApi",
    "type" : 10
  }, {
    "label" : "BoxInfoMqtt",
    "name" : "BoxInfoMqtt",
    "resourceReference" : "/sources/BoxInfoMqtt",
    "timestamp" : "2023-11-27T01:54:48.077Z",
    "type" : 4
  }, {
    "label" : "BoxSorter",
    "name" : "BoxSorter",
    "resourceReference" : "/collaborationtypes/BoxSorter",
    "timestamp" : "2023-11-27T02:10:07.810Z",
    "type" : 12
  }, {
    "label" : "SortingResultMqtt",
    "name" : "SortingResultMqtt",
    "resourceReference" : "/sources/SortingResultMqtt",
    "timestamp" : "2023-11-27T01:54:48.077Z",
    "type" : 4
  }, {
    "name" : "apps.BoxSorter.PartitionedState",
    "resourceReference" : "/types/apps.BoxSorter.PartitionedState",
    "timestamp" : "2023-11-27T02:10:10.649Z",
    "type" : 1
  }, {
    "label" : "apps.BoxSorter.ReceiveBoxInfo",
    "name" : "apps.BoxSorter.ReceiveBoxInfo",
    "resourceReference" : "/system.eventstreams/apps.BoxSorter.ReceiveBoxInfo",
    "timestamp" : "2023-11-27T02:09:12.395Z",
    "type" : 14
  }, {
    "label" : "apps.services.BoxSorter",
    "name" : "apps.services.BoxSorter",
    "resourceReference" : "/system.services/apps.services.BoxSorter",
    "timestamp" : "2023-11-27T01:54:49.898Z",
    "type" : 63
  }, {
    "name" : "apps.services.BoxSorter.AttachConditionStateGet",
    "packageName" : "apps.services",
    "procedureName" : "AttachConditionStateGet",
    "resourceReference" : "/procedures/apps.services.BoxSorter.AttachConditionStateGet",
    "serviceName" : "BoxSorter",
    "timestamp" : "2023-11-27T02:10:11.607Z",
    "type" : 3
  }, {
    "name" : "apps.services.BoxSorter.AttachConditionStateGetForEvent",
    "packageName" : "apps.services",
    "procedureName" : "AttachConditionStateGetForEvent",
    "resourceReference" : "/procedures/apps.services.BoxSorter.AttachConditionStateGetForEvent",
    "serviceName" : "BoxSorter",
    "timestamp" : "2023-11-27T02:10:11.043Z",
    "type" : 3
  }, {
    "name" : "apps.services.BoxSorter.AttachConditionStateReset",
    "packageName" : "apps.services",
    "procedureName" : "AttachConditionStateReset",
    "resourceReference" : "/procedures/apps.services.BoxSorter.AttachConditionStateReset",
    "serviceName" : "BoxSorter",
    "timestamp" : "2023-11-27T02:10:12.074Z",
    "type" : 3
  }, {
    "name" : "apps.services.BoxSorter.AttachConditionStateResetAll",
    "packageName" : "apps.services",
    "procedureName" : "AttachConditionStateResetAll",
    "resourceReference" : "/procedures/apps.services.BoxSorter.AttachConditionStateResetAll",
    "serviceName" : "BoxSorter",
    "timestamp" : "2023-11-27T02:10:12.556Z",
    "type" : 3
  }, {
    "name" : "apps.services.BoxSorter.js",
    "resourceReference" : "/documents/apps.services.BoxSorter.js",
    "timestamp" : "2023-11-27T01:54:49.375Z",
    "type" : 19
  }, {
    "label" : "sorting_condition",
    "name" : "sorting_condition",
    "resourceReference" : "/types/sorting_condition",
    "timestamp" : "2023-11-27T01:54:46.914Z",
    "type" : 1
  } ],
  "tools" : [ {
    "isPinned" : false,
    "name" : "BoxSorter",
    "pane" : {
      "c" : 0,
      "r" : 0
    },
    "resourceKey" : "app/BoxSorter",
    "state" : 2,
    "toolOptions" : { },
    "type" : 15
  }, {
    "isPinned" : false,
    "name" : "Errors",
    "type" : 13
  }, {
    "isPinned" : false,
    "name" : "Log メッセージ",
    "type" : 12
  }, {
    "isPinned" : false,
    "name" : "Project Contents",
    "type" : 2
  }, {
    "isPinned" : false,
    "name" : "sorting_condition",
    "pane" : {
      "c" : -1,
      "r" : -1
    },
    "resourceKey" : "type/sorting_condition",
    "state" : 4,
    "type" : 6
  }, {
    "dockLocation" : "top",
    "isPinned" : false,
    "name" : "非アクティブ ペイン",
    "type" : 99
  } ],
  "type" : "dev",
  "views" : [ {
    "name" : "Project Contents",
    "projectToolKeys" : [ "app/BoxSorter", "errorviewer/Errors", "logviewer/Log メッセージ", "list/Project Contents", "subtypeeditor/sorting_condition", "tiledock/非アクティブ ペイン" ]
  } ]
}