{
  "links" : [ {
    "source" : "procedure/mqtt_pub",
    "target" : "source/MQTT_MQ"
  }, {
    "source" : "procedure/amqp_pub",
    "target" : "source/AMQP_MQ"
  }, {
    "source" : "source/AMQP_MQ",
    "target" : "app/MQ_App"
  }, {
    "source" : "source/MQTT_MQ",
    "target" : "app/MQ_App"
  } ],
  "name" : "extConnAWS",
  "options" : {
    "description" : "このプロジェクトはドキュメントの内容に基づいて実装されたサンプルです。\n\n以下の部分をご自分の環境に合わせて書き換えてください。\n空欄だとエラーになるので、あえてダミーデータを定義しています。\n\n編集する場合 Properties タブを選択して Edit COnfig as JSON にチェックを入れると\n編集しやすくなります。\n\nそれぞれの Source を保存するときは Keep Active チャックボックスをチェックして\nSource がアクティブになることを確認します。\n\nSource: AMQP_MQ\nserverURLs: <amqps://amazonaws.com:8883>   # amqps:// に変更\nusername: <username>\npassword: <password>\n\nSource: MQTT_MQ\nusername: <username>\npassword: <password>\nserverURLs: <mqtts://amazonaws.com:8883>\t# mqtts:// 変更\n\n上記の設定が終了したら接続テストをしてください。結果は下にスクロールして確認して\nください。\n\nAMQP の接続テスト: 右の Procedure の amqp_pub を実行する\nMQTT の接続テスト: 右の Procedure の mqtt_pub を実行する\n\n",
    "dockCollapsed" : {
      "bottom" : true,
      "left" : false,
      "right" : false,
      "top" : false,
      "viewtabs" : false
    },
    "dockDimensions" : {
      "bottom" : 200,
      "debug" : [ 0, 0, 0 ],
      "left" : 165,
      "right" : 220,
      "top" : 0,
      "viewtabs" : 0
    },
    "exclusionList" : [ "procedure/mq_amqp_pub", "procedure/mq_mqtt_pub", "source/MQ_AMQP_PUBSUB", "source/MQ_MQTT_PUBSUB" ],
    "filterBitArray" : "ffffffffffffffffffffffffffffffff",
    "isModeloProject" : true,
    "layoutStyle" : "custom",
    "openFolders" : [ "source", "procedure" ],
    "rootViewFlavor" : 1,
    "showGrid" : true,
    "type" : "dev",
    "v" : 4,
    "viewUUID" : "MAINVIEW"
  },
  "resources" : [ {
    "inventory" : {
      "clientHash" : [ ],
      "clients" : [ ],
      "collaborationHash" : [ ],
      "collaborations" : [ ],
      "eventstreamHash" : [ ],
      "eventstreams" : [ ],
      "procedureHash" : [ ],
      "procedures" : [ ],
      "sourceHash" : [ ],
      "sources" : [ ],
      "systemmodelHash" : [ ],
      "systemmodels" : [ ],
      "topicHash" : [ ],
      "topics" : [ ],
      "typeHash" : [ ],
      "types" : [ ]
    },
    "name" : "AMQP_MQ",
    "resourceReference" : "/sources/AMQP_MQ",
    "timestamp" : "2021-09-03T08:13:17.241Z",
    "type" : 4
  }, {
    "inventory" : {
      "clientHash" : [ ],
      "clients" : [ ],
      "collaborationHash" : [ ],
      "collaborations" : [ ],
      "eventstreamHash" : [ ],
      "eventstreams" : [ ],
      "procedureHash" : [ ],
      "procedures" : [ ],
      "sourceHash" : [ ],
      "sources" : [ ],
      "systemmodelHash" : [ ],
      "systemmodels" : [ ],
      "topicHash" : [ ],
      "topics" : [ ],
      "typeHash" : [ ],
      "types" : [ ]
    },
    "name" : "MQTT_MQ",
    "resourceReference" : "/sources/MQTT_MQ",
    "timestamp" : "2021-09-03T08:16:52.409Z",
    "type" : 4
  }, {
    "inventory" : {
      "clientHash" : [ ],
      "clients" : [ ],
      "collaborationHash" : [ ],
      "collaborations" : [ ],
      "eventstreamHash" : [ ],
      "eventstreams" : [ ],
      "procedureHash" : [ ],
      "procedures" : [ ],
      "sourceHash" : [ "in", "in" ],
      "sources" : [ "AMQP_MQ", "MQTT_MQ" ],
      "systemmodelHash" : [ ],
      "systemmodels" : [ ],
      "topicHash" : [ ],
      "topics" : [ ],
      "typeHash" : [ ],
      "types" : [ ]
    },
    "name" : "MQ_App",
    "resourceReference" : "/collaborationtypes/MQ_App",
    "timestamp" : "2021-09-03T07:03:27.177Z",
    "type" : 12
  }, {
    "inventory" : {
      "clientHash" : [ ],
      "clients" : [ ],
      "collaborationHash" : [ ],
      "collaborations" : [ ],
      "eventstreamHash" : [ ],
      "eventstreams" : [ ],
      "procedureHash" : [ ],
      "procedures" : [ ],
      "sourceHash" : [ "out" ],
      "sources" : [ "AMQP_MQ" ],
      "systemmodelHash" : [ ],
      "systemmodels" : [ ],
      "topicHash" : [ ],
      "topics" : [ ],
      "typeHash" : [ ],
      "types" : [ ]
    },
    "name" : "amqp_pub",
    "procedureName" : "amqp_pub",
    "resourceReference" : "/procedures/amqp_pub",
    "timestamp" : "2021-09-03T06:48:45.572Z",
    "type" : 3
  }, {
    "inventory" : {
      "clientHash" : [ ],
      "clients" : [ ],
      "collaborationHash" : [ ],
      "collaborations" : [ ],
      "eventstreamHash" : [ ],
      "eventstreams" : [ ],
      "procedureHash" : [ ],
      "procedures" : [ ],
      "sourceHash" : [ "out" ],
      "sources" : [ "MQTT_MQ" ],
      "systemmodelHash" : [ ],
      "systemmodels" : [ ],
      "topicHash" : [ ],
      "topics" : [ ],
      "typeHash" : [ ],
      "types" : [ ]
    },
    "name" : "mqtt_pub",
    "procedureName" : "mqtt_pub",
    "resourceReference" : "/procedures/mqtt_pub",
    "timestamp" : "2021-09-03T06:48:43.855Z",
    "type" : 3
  } ],
  "tools" : [ {
    "isPinned" : false,
    "name" : "AMQP_MQ",
    "pane" : {
      "h" : 590,
      "w" : 650,
      "x" : 10,
      "y" : 420
    },
    "resourceKey" : "source/AMQP_MQ",
    "state" : 3,
    "type" : 5
  }, {
    "isPinned" : false,
    "name" : "Errors",
    "type" : 13
  }, {
    "dockLocation" : "top",
    "isPinned" : false,
    "name" : "Inactive Panes",
    "type" : 99
  }, {
    "isPinned" : false,
    "name" : "MQTT_MQ",
    "pane" : {
      "h" : 730,
      "w" : 670,
      "x" : 670,
      "y" : 420
    },
    "resourceKey" : "source/MQTT_MQ",
    "state" : 3,
    "type" : 5
  }, {
    "isPinned" : false,
    "name" : "MQ_App",
    "pane" : {
      "h" : 290,
      "w" : 650,
      "x" : 10,
      "y" : 1020
    },
    "resourceKey" : "app/MQ_App",
    "state" : 3,
    "toolOptions" : { },
    "type" : 15
  }, {
    "isPinned" : false,
    "name" : "Project Contents",
    "type" : 2
  }, {
    "isPinned" : false,
    "name" : "Project Description",
    "pane" : {
      "h" : 400,
      "w" : 650,
      "x" : 10,
      "y" : 10
    },
    "state" : 3,
    "type" : 82
  }, {
    "isPinned" : false,
    "name" : "amqp_pub",
    "pane" : {
      "h" : 200,
      "w" : 670,
      "x" : 670,
      "y" : 210
    },
    "resourceKey" : "procedure/amqp_pub",
    "state" : 3,
    "type" : 24
  }, {
    "isPinned" : false,
    "name" : "mqtt_pub",
    "pane" : {
      "h" : 190,
      "w" : 820,
      "x" : 670,
      "y" : 10
    },
    "resourceKey" : "procedure/mqtt_pub",
    "state" : 3,
    "type" : 24
  } ],
  "type" : "dev",
  "views" : [ {
    "name" : "Project Contents",
    "projectToolKeys" : [ "subsourceeditor/AMQP_MQ", "errorviewer/Errors", "tiledock/Inactive Panes", "subsourceeditor/MQTT_MQ", "app/MQ_App", "list/Project Contents", "projectdescription/Project Description", "cmeditorprocedure/amqp_pub", "cmeditorprocedure/mqtt_pub" ]
  } ]
}