{
  "active" : true,
  "ars_relationships" : [ ],
  "description" : null,
  "eventTypes" : {
    "initiate" : {
      "description" : "Triggers the batch execution",
      "direction" : "INBOUND",
      "implementingResource" : "/collaborationtypes/jp.co.vantiq.designpattern.LoopWhileBatch_initiate_EventHandler/Initiate"
    },
    "notifyComplete" : {
      "direction" : "OUTBOUND",
      "implementingEventPath" : "/topics//jp.co.vantiq.designpattern.LoopWhileBatch/notifyComplete/outbound",
      "isReliable" : false
    }
  },
  "globalType" : null,
  "interface" : [ {
    "name" : "LoopWhileBatch_initiate_EventHandler_LoopWhileStateGet",
    "parameters" : [ {
      "default" : null,
      "description" : null,
      "multi" : false,
      "name" : "partitionKey",
      "required" : false,
      "type" : "String"
    } ]
  }, {
    "name" : "LoopWhileBatch_initiate_EventHandler_LoopWhileStateReset",
    "parameters" : [ {
      "default" : null,
      "description" : null,
      "multi" : false,
      "name" : "partitionKey",
      "required" : false,
      "type" : "String"
    } ]
  }, {
    "name" : "LoopWhileBatch_initiate_EventHandler_LoopWhileStateUpdate",
    "parameters" : [ {
      "default" : null,
      "description" : null,
      "multi" : false,
      "name" : "partitionKey",
      "required" : false,
      "type" : "String"
    }, {
      "default" : null,
      "description" : null,
      "multi" : false,
      "name" : "event",
      "required" : false,
      "type" : "Object"
    } ]
  } ],
  "name" : "jp.co.vantiq.designpattern.LoopWhileBatch",
  "partitionedType" : "jp.co.vantiq.designpattern.LoopWhileBatch.PartitionedAppState",
  "replicationFactor" : 1,
  "scheduledProcedures" : { }
}