{
  "ars_relationships" : [ ],
  "links" : [ {
    "source" : "topic//cameras/suspicious_person",
    "target" : "app/SuspiciousPersonDetection"
  }, {
    "source" : "source/GuardMqttBroker",
    "target" : "app/SuspiciousPersonDetection"
  }, {
    "source" : "procedure/findNearestGuard",
    "target" : "procedure/calcDistance"
  }, {
    "source" : "app/SuspiciousPersonDetection",
    "target" : "procedure/findNearestGuard"
  }, {
    "source" : "procedure/sendEmail",
    "target" : "source/MailServer"
  }, {
    "source" : "app/SuspiciousPersonDetection",
    "target" : "procedure/sendEmail"
  }, {
    "source" : "app/SuspiciousPersonDetection",
    "target" : "type/ai_cameras"
  }, {
    "source" : "app/SuspiciousPersonDetection",
    "target" : "type/guards"
  }, {
    "source" : "app/SuspiciousPersonDetection",
    "target" : "services/apps.services.SuspiciousPersonDetection"
  }, {
    "source" : "services/apps.services.SuspiciousPersonDetection",
    "target" : "app/SuspiciousPersonDetection"
  }, {
    "source" : "source/GuardMqttBroker",
    "target" : "services/apps.services.SuspiciousPersonDetection"
  }, {
    "source" : "topic//cameras/suspicious_person",
    "target" : "services/apps.services.SuspiciousPersonDetection"
  }, {
    "source" : "source/AICameraMqttBroker",
    "target" : "services/apps.services.SuspiciousPersonDetection"
  }, {
    "source" : "source/AICameraMqttBroker",
    "target" : "app/SuspiciousPersonDetection"
  }, {
    "source" : "procedure/reverseGeoCoding",
    "target" : "source/ReverseGeoCoding"
  }, {
    "source" : "procedure/reverseGeoCoding",
    "target" : "procedure/coalesce"
  }, {
    "source" : "client/MonitorClient",
    "target" : "topic//my/response/topic"
  }, {
    "source" : "app/SuspiciousPersonDetection",
    "target" : "type/guard_status"
  }, {
    "source" : "procedure/findNearestGuard",
    "target" : "type/guard_status"
  }, {
    "source" : "type/guard_status",
    "target" : "client/MonitorClient"
  }, {
    "source" : "procedure/generateAdhocEvent",
    "target" : "topic//cameras/suspicious_person"
  } ],
  "name" : "suspicious_person_detection",
  "options" : {
    "description" : "#　AI カメラを使った警備員への通知システム\n\n広い公園において、AI カメラを使って不審者を検出し、一番近い警備員に通知を行う\n\n➡️ 不審者を検出した AI カメラの位置情報 と 全警備員の位置情報 を比較して最も距離が近い警備員に通知する\n\n\n# 前提条件\n- AIカメラは不審者の特徴を学習済み\n- 画角内に不審者が映った場合、JSONのデータをMQTT経由で送信する\n- 不審者検知イベントは event_type: \"notice_001\"で識別される\n",
    "dockCollapsed" : {
      "bottom" : true,
      "left" : false,
      "right" : false,
      "top" : false,
      "viewtabs" : false
    },
    "dockDimensions" : {
      "bottom" : 200,
      "debug" : [ 0, 0, 0 ],
      "left" : 242,
      "right" : 220,
      "top" : 0,
      "viewtabs" : 0
    },
    "dockSort" : 1,
    "exclusionList" : [ "source/GuardsLocationMqttBroker", "source/MqttBroker", "source/guardsLocationMqttBroker", "type/gurd_status" ],
    "filterBitArray" : "ffffffffffffffffffffffffffffffff",
    "isModeloProject" : true,
    "layoutStyle" : "tile",
    "openFolders" : [ "source", "type", "services", "app", "procedure", "client", "topic" ],
    "rootViewFlavor" : 1,
    "showGrid" : true,
    "tileColumns" : 2,
    "tileRows" : 2,
    "type" : "dev",
    "v" : 5,
    "viewUUID" : "MAINVIEW"
  },
  "resources" : [ {
    "label" : "/cameras/suspicious_person",
    "name" : "/cameras/suspicious_person",
    "resourceReference" : "/topics//cameras/suspicious_person",
    "type" : 10
  }, {
    "label" : "/my/response/topic",
    "name" : "/my/response/topic",
    "resourceReference" : "/topics//my/response/topic",
    "type" : 10
  }, {
    "label" : "AICameraMqttBroker",
    "name" : "AICameraMqttBroker",
    "resourceReference" : "/sources/AICameraMqttBroker",
    "timestamp" : "2022-03-28T05:09:13.429Z",
    "type" : 4
  }, {
    "inventory" : {
      "clientHash" : [ ],
      "clients" : [ ],
      "collaborationHash" : [ ],
      "collaborations" : [ ],
      "eventstreamHash" : [ ],
      "eventstreams" : [ ],
      "procedureHash" : [ ],
      "procedures" : [ ],
      "sourceHash" : [ ],
      "sources" : [ ],
      "systemmodelHash" : [ ],
      "systemmodels" : [ ],
      "topicHash" : [ ],
      "topics" : [ ],
      "typeHash" : [ ],
      "types" : [ ]
    },
    "label" : "GuardMqttBroker",
    "name" : "GuardMqttBroker",
    "resourceReference" : "/sources/GuardMqttBroker",
    "timestamp" : "2022-03-24T06:11:18.431Z",
    "type" : 4
  }, {
    "inventory" : {
      "clientHash" : [ ],
      "clients" : [ ],
      "collaborationHash" : [ ],
      "collaborations" : [ ],
      "eventstreamHash" : [ ],
      "eventstreams" : [ ],
      "procedureHash" : [ ],
      "procedures" : [ ],
      "sourceHash" : [ ],
      "sources" : [ ],
      "systemmodelHash" : [ ],
      "systemmodels" : [ ],
      "topicHash" : [ ],
      "topics" : [ ],
      "typeHash" : [ ],
      "types" : [ ]
    },
    "label" : "MailServer",
    "name" : "MailServer",
    "resourceReference" : "/sources/MailServer",
    "timestamp" : "2022-03-28T03:00:38.650Z",
    "type" : 4
  }, {
    "label" : "MonitorClient",
    "name" : "MonitorClient",
    "resourceReference" : "/system.clients/MonitorClient",
    "timestamp" : "2022-03-28T10:25:07.587Z",
    "type" : 15
  }, {
    "label" : "ReverseGeoCoding",
    "name" : "ReverseGeoCoding",
    "resourceReference" : "/sources/ReverseGeoCoding",
    "timestamp" : "2022-03-26T10:00:27.624Z",
    "type" : 4
  }, {
    "inventory" : {
      "clientHash" : [ ],
      "clients" : [ ],
      "collaborationHash" : [ ],
      "collaborations" : [ ],
      "eventstreamHash" : [ ],
      "eventstreams" : [ ],
      "procedureHash" : [ "out", "out" ],
      "procedures" : [ "findNearestGuard", "sendEmail" ],
      "sourceHash" : [ "in" ],
      "sources" : [ "GuardMqttBroker" ],
      "systemmodelHash" : [ ],
      "systemmodels" : [ ],
      "topicHash" : [ "in" ],
      "topics" : [ "/cameras/suspicious_person" ],
      "typeHash" : [ "in", "in", "out" ],
      "types" : [ "ai_cameras", "guards", "guard_status" ]
    },
    "label" : "SuspiciousPersonDetection",
    "name" : "SuspiciousPersonDetection",
    "resourceReference" : "/collaborationtypes/SuspiciousPersonDetection",
    "timestamp" : "2022-03-29T01:06:45.289Z",
    "type" : 12
  }, {
    "label" : "ai_cameras",
    "name" : "ai_cameras",
    "resourceReference" : "/types/ai_cameras",
    "timestamp" : "2022-03-24T02:16:18.128Z",
    "type" : 1
  }, {
    "label" : "apps.services.SuspiciousPersonDetection",
    "name" : "apps.services.SuspiciousPersonDetection",
    "resourceReference" : "/system.services/apps.services.SuspiciousPersonDetection",
    "timestamp" : "2022-03-29T01:06:51.918Z",
    "type" : 63
  }, {
    "inventory" : {
      "clientHash" : [ ],
      "clients" : [ ],
      "collaborationHash" : [ ],
      "collaborations" : [ ],
      "eventstreamHash" : [ ],
      "eventstreams" : [ ],
      "procedureHash" : [ "out", "out" ],
      "procedures" : [ "Math.PI", "Math.acos" ],
      "sourceHash" : [ ],
      "sources" : [ ],
      "systemmodelHash" : [ ],
      "systemmodels" : [ ],
      "topicHash" : [ ],
      "topics" : [ ],
      "typeHash" : [ ],
      "types" : [ ]
    },
    "label" : "calcDistance",
    "name" : "calcDistance",
    "procedureName" : "calcDistance",
    "resourceReference" : "/procedures/calcDistance",
    "timestamp" : "2022-03-24T02:16:19.320Z",
    "type" : 3
  }, {
    "label" : "coalesce",
    "name" : "coalesce",
    "procedureName" : "coalesce",
    "resourceReference" : "/procedures/coalesce",
    "timestamp" : "2022-03-26T13:37:29.997Z",
    "type" : 3
  }, {
    "inventory" : {
      "clientHash" : [ ],
      "clients" : [ ],
      "collaborationHash" : [ ],
      "collaborations" : [ ],
      "eventstreamHash" : [ ],
      "eventstreams" : [ ],
      "procedureHash" : [ "out" ],
      "procedures" : [ "calcDistance" ],
      "sourceHash" : [ ],
      "sources" : [ ],
      "systemmodelHash" : [ ],
      "systemmodels" : [ ],
      "topicHash" : [ ],
      "topics" : [ ],
      "typeHash" : [ "in" ],
      "types" : [ "guard_status" ]
    },
    "label" : "findNearestGuard",
    "name" : "findNearestGuard",
    "procedureName" : "findNearestGuard",
    "resourceReference" : "/procedures/findNearestGuard",
    "timestamp" : "2022-03-28T02:41:37.649Z",
    "type" : 3
  }, {
    "label" : "generateAdhocEvent",
    "name" : "generateAdhocEvent",
    "procedureName" : "generateAdhocEvent",
    "resourceReference" : "/procedures/generateAdhocEvent",
    "timestamp" : "2022-03-28T05:18:23.981Z",
    "type" : 3
  }, {
    "label" : "guard_status",
    "name" : "guard_status",
    "resourceReference" : "/types/guard_status",
    "timestamp" : "2022-03-26T14:43:23.260Z",
    "type" : 1
  }, {
    "label" : "guards",
    "name" : "guards",
    "resourceReference" : "/types/guards",
    "timestamp" : "2022-03-24T02:16:18.129Z",
    "type" : 1
  }, {
    "label" : "reverseGeoCoding",
    "name" : "reverseGeoCoding",
    "procedureName" : "reverseGeoCoding",
    "resourceReference" : "/procedures/reverseGeoCoding",
    "timestamp" : "2022-03-28T05:14:26.810Z",
    "type" : 3
  }, {
    "inventory" : {
      "clientHash" : [ ],
      "clients" : [ ],
      "collaborationHash" : [ ],
      "collaborations" : [ ],
      "eventstreamHash" : [ ],
      "eventstreams" : [ ],
      "procedureHash" : [ "out" ],
      "procedures" : [ "Math.round" ],
      "sourceHash" : [ "out" ],
      "sources" : [ "MailServer" ],
      "systemmodelHash" : [ ],
      "systemmodels" : [ ],
      "topicHash" : [ ],
      "topics" : [ ],
      "typeHash" : [ ],
      "types" : [ ]
    },
    "label" : "sendEmail",
    "name" : "sendEmail",
    "procedureName" : "sendEmail",
    "resourceReference" : "/procedures/sendEmail",
    "timestamp" : "2022-03-28T03:11:04.499Z",
    "type" : 3
  } ],
  "tools" : [ {
    "isPinned" : false,
    "name" : "AICameraMqttBroker",
    "pane" : {
      "c" : 1,
      "r" : 1
    },
    "resourceKey" : "source/AICameraMqttBroker",
    "state" : 2,
    "type" : 5
  }, {
    "isPinned" : false,
    "name" : "MonitorClient",
    "pane" : {
      "c" : 1,
      "r" : 0
    },
    "resourceKey" : "client/MonitorClient",
    "state" : 2,
    "toolOptions" : {
      "isRunning" : false
    },
    "type" : 63
  }, {
    "isPinned" : false,
    "name" : "Project Contents",
    "type" : 2
  }, {
    "isPinned" : false,
    "name" : "SuspiciousPersonDetection",
    "pane" : {
      "c" : 0,
      "r" : 1
    },
    "resourceKey" : "app/SuspiciousPersonDetection",
    "state" : 2,
    "toolOptions" : { },
    "type" : 15
  }, {
    "isPinned" : false,
    "name" : "エラー",
    "type" : 13
  }, {
    "isPinned" : false,
    "name" : "プロジェクトの説明",
    "pane" : {
      "c" : 0,
      "r" : 0
    },
    "state" : 2,
    "type" : 82
  }, {
    "dockLocation" : "top",
    "isPinned" : false,
    "name" : "非アクティブ ペイン",
    "type" : 99
  } ],
  "type" : "dev",
  "views" : [ {
    "name" : "Project Contents",
    "projectToolKeys" : [ "subsourceeditor/AICameraMqttBroker", "client/MonitorClient", "list/Project Contents", "app/SuspiciousPersonDetection", "errorviewer/エラー", "projectdescription/プロジェクトの説明", "tiledock/非アクティブ ペイン" ]
  } ]
}