{
  "ars_relationships" : [ ],
  "links" : [ {
    "source" : "scheduledevent/jp.co.vantiq.test.websocket.ScheduledEvent",
    "target" : "topic//jp.co.vantiq.test.websocket/scheduledevent/websocket_trigger"
  }, {
    "source" : "topic//jp.co.vantiq.test.websocket/scheduledevent/websocket_trigger",
    "target" : "services/jp.co.vantiq.test.websocket.WebSocketPublisherApp"
  }, {
    "source" : "topic//jp.co.vantiq.test.websocket/WebSocketPublisherApp/outbound",
    "target" : "services/jp.co.vantiq.test.websocket.WebSocketPublisherApp"
  }, {
    "source" : "app/jp.co.vantiq.test.websocket.WebSocketPublisherApp",
    "target" : "topic//jp.co.vantiq.test.websocket/WebSocketPublisherApp/outbound"
  }, {
    "source" : "topic//jp.co.vantiq.test.websocket/scheduledevent/websocket_trigger",
    "target" : "app/jp.co.vantiq.test.websocket.WebSocketPublisherApp"
  }, {
    "source" : "app/jp.co.vantiq.test.websocket.WebSocketPublisherApp",
    "target" : "services/jp.co.vantiq.test.websocket.WebSocketPublisherApp"
  }, {
    "source" : "services/jp.co.vantiq.test.websocket.WebSocketPublisherApp",
    "target" : "app/jp.co.vantiq.test.websocket.WebSocketPublisherApp"
  } ],
  "name" : "WebSocket_Server",
  "options" : {
    "description" : "# WebSocket pattern\nLet web browser client to subscribe to Vantiq Topic via WebSocket.\n\n### How to run\n\nIn WebSocket Client\n- Set the valid Access token\n- SEt the Topic Name to subscribe\n\nIn WebSocket Server side\nStart the ScheduledEvent jp.co.vantiq.test.websocket.ScheduledEvent\n",
    "dockCollapsed" : {
      "bottom" : false,
      "left" : false,
      "right" : false,
      "top" : false,
      "viewtabs" : false
    },
    "dockDimensions" : {
      "bottom" : 200,
      "debug" : [ 0, 0, 0 ],
      "left" : 210,
      "right" : 220,
      "top" : 0,
      "viewtabs" : 0
    },
    "dockSort" : 1,
    "filterBitArray" : "ffffffffffffffffffffffffffffffff",
    "isModeloProject" : true,
    "layoutStyle" : "tile",
    "openFolders" : [ "jp.co.vantiq.test.websocket", "jp.co.vantiq.test.websocket/app", "jp.co.vantiq.test.websocket/scheduledevent", "jp.co.vantiq.test.websocket/topic" ],
    "rootViewFlavor" : 5,
    "showGrid" : true,
    "tileColumns" : 2,
    "tileRows" : 2,
    "type" : "dev",
    "v" : 5,
    "viewUUID" : "MAINVIEW"
  },
  "resources" : [ {
    "label" : "/jp.co.vantiq.test.websocket/WebSocketPublisherApp/outbound",
    "name" : "/jp.co.vantiq.test.websocket/WebSocketPublisherApp/outbound",
    "resourceReference" : "/topics//jp.co.vantiq.test.websocket/WebSocketPublisherApp/outbound",
    "type" : 10
  }, {
    "label" : "/jp.co.vantiq.test.websocket/scheduledevent/websocket_trigger",
    "name" : "/jp.co.vantiq.test.websocket/scheduledevent/websocket_trigger",
    "resourceReference" : "/topics//jp.co.vantiq.test.websocket/scheduledevent/websocket_trigger",
    "type" : 10
  }, {
    "label" : "jp.co.vantiq.test.websocket.ScheduledEvent",
    "name" : "jp.co.vantiq.test.websocket.ScheduledEvent",
    "resourceReference" : "/system.scheduledevents/jp.co.vantiq.test.websocket.ScheduledEvent",
    "timestamp" : "2022-08-30T05:50:28.004Z",
    "type" : 17
  }, {
    "label" : "jp.co.vantiq.test.websocket.WebSocketPublisherApp",
    "name" : "jp.co.vantiq.test.websocket.WebSocketPublisherApp",
    "resourceReference" : "/collaborationtypes/jp.co.vantiq.test.websocket.WebSocketPublisherApp",
    "timestamp" : "2022-07-15T02:55:59.495Z",
    "type" : 12
  }, {
    "label" : "jp.co.vantiq.test.websocket.WebSocketPublisherApp",
    "name" : "jp.co.vantiq.test.websocket.WebSocketPublisherApp",
    "resourceReference" : "/system.services/jp.co.vantiq.test.websocket.WebSocketPublisherApp",
    "timestamp" : "2022-07-15T02:55:59.988Z",
    "type" : 63
  } ],
  "tools" : [ {
    "isPinned" : false,
    "name" : "Access Token",
    "pane" : {
      "c" : 1,
      "r" : 1
    },
    "state" : 2,
    "type" : 34
  }, {
    "isPinned" : false,
    "name" : "Errors",
    "type" : 13
  }, {
    "isPinned" : false,
    "name" : "Project Contents",
    "type" : 2
  }, {
    "isPinned" : false,
    "name" : "Project を説明",
    "pane" : {
      "c" : 0,
      "r" : 0
    },
    "state" : 2,
    "type" : 82
  }, {
    "isPinned" : false,
    "name" : "jp.co.vantiq.test.websocket.ScheduledEvent",
    "pane" : {
      "c" : 1,
      "r" : 0
    },
    "resourceKey" : "scheduledevent/jp.co.vantiq.test.websocket.ScheduledEvent",
    "state" : 2,
    "type" : 21
  }, {
    "isPinned" : false,
    "name" : "jp.co.vantiq.test.websocket.WebSocketPublisherApp",
    "pane" : {
      "c" : 0,
      "r" : 1
    },
    "resourceKey" : "app/jp.co.vantiq.test.websocket.WebSocketPublisherApp",
    "state" : 2,
    "toolOptions" : { },
    "type" : 15
  }, {
    "isPinned" : false,
    "name" : "クイックスタート",
    "pane" : {
      "c" : -1,
      "r" : -1
    },
    "state" : 4,
    "type" : 36
  }, {
    "dockLocation" : "top",
    "isPinned" : false,
    "name" : "非アクティブ ペイン",
    "type" : 99
  } ],
  "type" : "dev",
  "views" : [ {
    "name" : "Project Contents",
    "projectToolKeys" : [ "accesstokens/Access Token", "errorviewer/Errors", "list/Project Contents", "projectdescription/Project を説明", "scheduledeventeditor/jp.co.vantiq.test.websocket.ScheduledEvent", "app/jp.co.vantiq.test.websocket.WebSocketPublisherApp", "quickstartdev/クイックスタート", "tiledock/非アクティブ ペイン" ]
  } ]
}