{
  "ars_relationships" : [ ],
  "links" : [ {
    "source" : "services/com.example.BoxSorter",
    "target" : "document/com.example.BoxSorter.js"
  }, {
    "source" : "services/com.example.BoxSorter",
    "target" : "app/com.example.BoxSorter.ReceiveBoxInfo"
  }, {
    "source" : "app/com.example.BoxSorter.ReceiveBoxInfo",
    "target" : "type/com.example.sorting_condition"
  }, {
    "source" : "app/com.example.BoxSorter.ReceiveBoxInfo",
    "target" : "services/com.example.BoxSorter"
  }, {
    "source" : "procedure/com.example.BoxSorter.Transformation_ReceiveBoxInfo",
    "target" : "services/com.example.BoxSorter"
  }, {
    "source" : "services/com.example.BoxSorter",
    "target" : "procedure/com.example.BoxSorter.Transformation_ReceiveBoxInfo"
  } ],
  "name" : "BoxSorter",
  "options" : {
    "description" : "",
    "dockCollapsed" : {
      "bottom" : false,
      "left" : true,
      "right" : false,
      "top" : false,
      "viewtabs" : false
    },
    "dockDimensions" : {
      "bottom" : 200,
      "debug" : [ 548, 1369 ],
      "left" : 248,
      "right" : 220,
      "top" : 0,
      "viewtabs" : 0
    },
    "exclusionList" : [ "app/BoxSorter", "app/BoxSorter_sample", "app/com.example.BoxSorter.Mqqt", "document/apps.services.BoxSorter.js", "procedure/publishTestEvent", "services/system.ActivityPattern", "services/system.Utils", "source/BoxInfoMqtt", "source/IncomingMqtt", "source/InflowMqtt", "source/SortingResultMqtt", "topic//BoxInfoApi", "topic//apps.BoxSorter/debug", "topic//test", "type/apps.BoxSorter.PartitionedAppState", "type/sort_condition_sample", "type/sorting_condition" ],
    "filterBitArray" : "ffffffffffffffffffffffffffffffff",
    "isModeloProject" : true,
    "layoutStyle" : "flex",
    "openFolders" : [ "com.example", "com.example/services", "com.example/type", "services/com.example.BoxSorter" ],
    "partitionsSettings" : { },
    "rootViewFlavor" : 5,
    "showGrid" : true,
    "structure" : {
      "fraction" : 1,
      "type" : "R[1]"
    },
    "type" : "dev",
    "v" : 5,
    "viewUUID" : "MAINVIEW"
  },
  "partitions" : [ ],
  "resources" : [ {
    "label" : "com.example.BoxSorter",
    "name" : "com.example.BoxSorter",
    "resourceReference" : "/system.services/com.example.BoxSorter",
    "timestamp" : "2024-08-05T09:21:11.575Z",
    "type" : 63
  }, {
    "label" : "com.example.BoxSorter.ReceiveBoxInfo",
    "name" : "com.example.BoxSorter.ReceiveBoxInfo",
    "resourceReference" : "/collaborationtypes/com.example.BoxSorter.ReceiveBoxInfo",
    "timestamp" : "2024-08-06T05:09:11.923Z",
    "type" : 12
  }, {
    "label" : "com.example.BoxSorter.js",
    "name" : "com.example.BoxSorter.js",
    "resourceReference" : "/documents/com.example.BoxSorter.js",
    "timestamp" : "2024-08-05T09:21:11.900Z",
    "type" : 19
  }, {
    "label" : "com.example.sorting_condition",
    "name" : "com.example.sorting_condition",
    "resourceReference" : "/types/com.example.sorting_condition",
    "timestamp" : "2024-08-05T09:21:10.304Z",
    "type" : 1
  } ],
  "tools" : [ {
    "isPinned" : false,
    "name" : "Errors",
    "type" : 13
  }, {
    "isPinned" : false,
    "name" : "Log メッセージ",
    "type" : 12
  }, {
    "isPinned" : false,
    "name" : "Project Contents",
    "type" : 2
  }, {
    "isPinned" : false,
    "name" : "com.example.BoxSorter",
    "pane" : {
      "address" : "R[0]",
      "isActive" : true,
      "isActiveTool" : true
    },
    "resourceKey" : "services/com.example.BoxSorter",
    "state" : 8,
    "type" : 109
  }, {
    "dockLocation" : "top",
    "isPinned" : false,
    "name" : "非アクティブ ペイン",
    "type" : 99
  } ],
  "type" : "dev",
  "views" : [ {
    "name" : "Project Contents",
    "projectToolKeys" : [ "errorviewer/Errors", "logviewer/Log メッセージ", "list/Project Contents", "services/com.example.BoxSorter", "tiledock/非アクティブ ペイン" ]
  } ]
}