{
  "ars_relationships" : [ ],
  "links" : [ {
    "source" : "app/jp.co.vantiq.designpattern.AsyncAPI_async_proc_event_EventHandler",
    "target" : "topic//jp.co.vantiq.designpattern.AsyncAPI/AsyncResult/outbound"
  }, {
    "source" : "topic//jp.co.vantiq.designpattern.AsyncAPI/async_proc_event/handler/inbound",
    "target" : "app/jp.co.vantiq.designpattern.AsyncAPI_async_proc_event_EventHandler"
  }, {
    "source" : "app/jp.co.vantiq.designpattern.AsyncAPI_async_proc_event_EventHandler",
    "target" : "procedure/jp.co.vantiq.designpattern.AsyncAPI.some_proc"
  }, {
    "source" : "app/jp.co.vantiq.designpattern.AsyncAPI_async_proc_event_EventHandler",
    "target" : "services/jp.co.vantiq.designpattern.AsyncAPI"
  }, {
    "source" : "procedure/jp.co.vantiq.designpattern.AsyncAPI.some_proc",
    "target" : "services/jp.co.vantiq.designpattern.AsyncAPI"
  }, {
    "source" : "services/jp.co.vantiq.designpattern.AsyncAPI",
    "target" : "procedure/jp.co.vantiq.designpattern.AsyncAPI.some_proc"
  }, {
    "source" : "topic//jp.co.vantiq.designpattern.AsyncAPI/AsyncResult/outbound",
    "target" : "services/jp.co.vantiq.designpattern.AsyncAPI"
  }, {
    "source" : "services/jp.co.vantiq.designpattern.AsyncAPI",
    "target" : "procedure/jp.co.vantiq.designpattern.AsyncAPI.AsyncProc"
  }, {
    "source" : "services/jp.co.vantiq.designpattern.AsyncAPI",
    "target" : "document/jp.co.vantiq.designpattern.AsyncAPI.js"
  }, {
    "source" : "procedure/jp.co.vantiq.designpattern.AsyncAPI.AsyncProc",
    "target" : "topic//jp.co.vantiq.designpattern.AsyncAPI/async_proc_event/handler/inbound"
  }, {
    "source" : "procedure/jp.co.vantiq.designpattern.AsyncAPI.AsyncProc",
    "target" : "services/jp.co.vantiq.designpattern.AsyncAPI"
  }, {
    "source" : "procedure/jp.co.vantiq.designpattern.test.AsyncAPITest",
    "target" : "procedure/jp.co.vantiq.designpattern.AsyncAPI.AsyncProc"
  }, {
    "source" : "procedure/jp.co.vantiq.designpattern.test.AsyncAPITest",
    "target" : "services/jp.co.vantiq.designpattern.AsyncAPI"
  } ],
  "name" : "AsyncAPI",
  "options" : {
    "description" : "# Async API Pattern\n\nInvoke a synchronous procedure to get the round trip request/response, and also execute some process asynchronously by publishing a derived event.\n\n## How to test\n\nRun jp.co.vantiq.designpattern.test.AsyncAPITest()\n\nor \n\nUsing Curl, invoke\n\ncurl -X POST \\\n  https://internal.vantiq.com/api/v1/resources/procedures/jp.co.vantiq.designpattern.AsyncAPI.AsyncProc \\\n  -H 'authorization: Bearer 9EbThOODvetTd-zyYNLdfbZkcIQSL-XXXXXXXXXXXX' \\\n  -H 'content-type: application/json' \\\n  -H 'postman-token: ffa965ea-89d7-cf9b-2346-40e49d141e33' \\\n  -d '{}'",
    "dockCollapsed" : {
      "bottom" : false,
      "left" : false,
      "right" : false,
      "top" : false,
      "viewtabs" : false
    },
    "dockDimensions" : {
      "bottom" : 200,
      "debug" : [ 0, 0, 0 ],
      "left" : 271,
      "right" : 220,
      "top" : 0,
      "viewtabs" : 0
    },
    "dockSort" : 1,
    "filterBitArray" : "ffffffffffffffffffffffffffffffff",
    "isModeloProject" : true,
    "layoutStyle" : "tile",
    "openFolders" : [ "jp.co.vantiq.designpattern", "jp.co.vantiq.designpattern/services", "jp.co.vantiq.designpattern/app", "jp.co.vantiq.designpattern.test", "jp.co.vantiq.designpattern.test/procedure" ],
    "rootViewFlavor" : 5,
    "showGrid" : true,
    "tileColumns" : 2,
    "tileRows" : 2,
    "type" : "dev",
    "v" : 5,
    "viewUUID" : "MAINVIEW"
  },
  "resources" : [ {
    "name" : "/jp.co.vantiq.designpattern.AsyncAPI/AsyncResult/outbound",
    "resourceReference" : "/topics//jp.co.vantiq.designpattern.AsyncAPI/AsyncResult/outbound",
    "type" : 10
  }, {
    "name" : "/jp.co.vantiq.designpattern.AsyncAPI/async_proc_event/handler/inbound",
    "resourceReference" : "/topics//jp.co.vantiq.designpattern.AsyncAPI/async_proc_event/handler/inbound",
    "type" : 10
  }, {
    "name" : "jp.co.vantiq.designpattern.AsyncAPI",
    "resourceReference" : "/system.services/jp.co.vantiq.designpattern.AsyncAPI",
    "timestamp" : "2022-07-05T00:08:22.782Z",
    "type" : 63
  }, {
    "name" : "jp.co.vantiq.designpattern.AsyncAPI.AsyncProc",
    "packageName" : "jp.co.vantiq.designpattern",
    "procedureName" : "AsyncProc",
    "resourceReference" : "/procedures/jp.co.vantiq.designpattern.AsyncAPI.AsyncProc",
    "serviceName" : "AsyncAPI",
    "timestamp" : "2022-07-05T00:28:20.698Z",
    "type" : 3
  }, {
    "name" : "jp.co.vantiq.designpattern.AsyncAPI.js",
    "resourceReference" : "/documents/jp.co.vantiq.designpattern.AsyncAPI.js",
    "timestamp" : "2022-07-05T00:08:23.523Z",
    "type" : 19
  }, {
    "name" : "jp.co.vantiq.designpattern.AsyncAPI.some_proc",
    "packageName" : "jp.co.vantiq.designpattern",
    "procedureName" : "some_proc",
    "resourceReference" : "/procedures/jp.co.vantiq.designpattern.AsyncAPI.some_proc",
    "serviceName" : "AsyncAPI",
    "timestamp" : "2022-07-11T13:17:21.236Z",
    "type" : 3
  }, {
    "name" : "jp.co.vantiq.designpattern.AsyncAPI_async_proc_event_EventHandler",
    "resourceReference" : "/collaborationtypes/jp.co.vantiq.designpattern.AsyncAPI_async_proc_event_EventHandler",
    "timestamp" : "2022-07-05T00:43:33.046Z",
    "type" : 12
  }, {
    "name" : "jp.co.vantiq.designpattern.test.AsyncAPITest",
    "packageName" : "jp.co.vantiq.designpattern.test",
    "procedureName" : "AsyncAPITest",
    "resourceReference" : "/procedures/jp.co.vantiq.designpattern.test.AsyncAPITest",
    "timestamp" : "2022-07-11T13:19:07.386Z",
    "type" : 3
  } ],
  "tools" : [ {
    "isPinned" : false,
    "name" : "Project Contents",
    "type" : 2
  }, {
    "isPinned" : false,
    "name" : "Project の説明",
    "pane" : {
      "c" : 0,
      "r" : 0
    },
    "state" : 2,
    "type" : 82
  }, {
    "isPinned" : false,
    "name" : "jp.co.vantiq.designpattern.AsyncAPI.AsyncProc",
    "pane" : {
      "c" : -1,
      "r" : -1
    },
    "resourceKey" : "procedure/jp.co.vantiq.designpattern.AsyncAPI.AsyncProc",
    "state" : 4,
    "type" : 24
  }, {
    "isPinned" : false,
    "name" : "jp.co.vantiq.designpattern.AsyncAPI.some_proc",
    "pane" : {
      "c" : 1,
      "r" : 0
    },
    "resourceKey" : "procedure/jp.co.vantiq.designpattern.AsyncAPI.some_proc",
    "state" : 2,
    "type" : 24
  }, {
    "isPinned" : false,
    "name" : "jp.co.vantiq.designpattern.AsyncAPI_async_proc_event_EventHandler",
    "pane" : {
      "c" : 0,
      "r" : 1
    },
    "resourceKey" : "app/jp.co.vantiq.designpattern.AsyncAPI_async_proc_event_EventHandler",
    "state" : 2,
    "toolOptions" : { },
    "type" : 15
  }, {
    "isPinned" : false,
    "name" : "jp.co.vantiq.designpattern.test.AsyncAPITest",
    "pane" : {
      "c" : 1,
      "r" : 1
    },
    "resourceKey" : "procedure/jp.co.vantiq.designpattern.test.AsyncAPITest",
    "state" : 2,
    "type" : 24
  }, {
    "isPinned" : false,
    "name" : "アクセストークン",
    "pane" : {
      "c" : -1,
      "r" : -1
    },
    "state" : 4,
    "type" : 34
  }, {
    "isPinned" : false,
    "name" : "エラー",
    "type" : 13
  }, {
    "dockLocation" : "top",
    "isPinned" : false,
    "name" : "非アクティブ ペイン",
    "type" : 99
  } ],
  "type" : "dev",
  "views" : [ {
    "name" : "Project Contents",
    "projectToolKeys" : [ "list/Project Contents", "projectdescription/Project の説明", "cmeditorprocedure/jp.co.vantiq.designpattern.AsyncAPI.AsyncProc", "cmeditorprocedure/jp.co.vantiq.designpattern.AsyncAPI.some_proc", "app/jp.co.vantiq.designpattern.AsyncAPI_async_proc_event_EventHandler", "cmeditorprocedure/jp.co.vantiq.designpattern.test.AsyncAPITest", "accesstokens/アクセストークン", "errorviewer/エラー", "tiledock/非アクティブ ペイン" ]
  } ]
}