{
  "active" : true,
  "appType" : true,
  "ars_properties" : {
    "dataVersion" : 5,
    "graph" : {
      "lastZoomRequest" : 0,
      "scale" : 1.880759463054783,
      "translate" : [ 121.5, 209 ]
    },
    "groupSettings" : {
      "appGroupOpenHash" : {
        "actions" : true,
        "filters" : true,
        "flowControl" : true
      },
      "ctGroupOpenHash" : {
        "actions" : true,
        "mobile" : true
      },
      "ctServiceOpen" : false,
      "serviceGroupOpenHash" : { }
    }
  },
  "assembly" : {
    "GOOGLE" : {
      "configuration" : {
        "condition" : "",
        "inboundResource" : "sources",
        "inboundResourceId" : "GOOGLE",
        "parentStreams" : [ ],
        "upsert" : false
      },
      "pattern" : "EventStream",
      "uuid" : "2d4dbb69-4f24-4bb8-8897-2a64020e1812"
    }
  },
  "collaboratorRoles" : [ ],
  "compilerOCC" : 1,
  "currentState" : {
    "code" : "success"
  },
  "description" : "false",
  "disableBadging" : false,
  "entityRoles" : [ ],
  "isComponent" : false,
  "keyTypes" : [ "system.collaborations" ],
  "name" : "GOOGLE_App",
  "resourceBinding" : {
    "optionalResources" : [ ],
    "requiredResources" : [ {
      "resource" : "system.eventstreams",
      "resourceId" : "apps.GOOGLE_App.GOOGLE"
    }, {
      "resource" : "rules",
      "resourceId" : "apps.GOOGLE_App.GOOGLE"
    } ]
  }
}