{
  "active" : true,
  "appType" : true,
  "ars_properties" : {
    "dataVersion" : 5,
    "graph" : {
      "coordinates" : {
        "060e941d-56f2-4f6b-9dbe-8f42f00456b9" : {
          "x" : 14.652610778808594,
          "y" : 320
        },
        "1598c87f-0206-44a1-8124-ba338f97103f" : {
          "x" : 0,
          "y" : 80
        },
        "1ee0a6d4-c217-4548-8294-d98b6aca6dd6" : {
          "x" : 9.768407185872391,
          "y" : 400
        },
        "2c3e404a-3c81-40a5-8e80-29d816b25dd3" : {
          "x" : -168.1462173461914,
          "y" : 320
        },
        "351d292b-0e24-451d-b72c-342b92816e00" : {
          "x" : 182.798828125,
          "y" : 400
        },
        "69c30d87-4e93-47b9-ab0f-bbe97ff92dd6" : {
          "x" : 0,
          "y" : 240
        },
        "6d5f0eff-b617-4fcd-8a1b-957b30134ded" : {
          "x" : 0,
          "y" : 160
        },
        "6deafe31-fcde-4b2d-8df8-89fbf70bb262" : {
          "x" : 182.798828125,
          "y" : 320
        },
        "cc962236-aed1-4285-8ee2-711d82e903ec" : {
          "x" : -205.58740156124802,
          "y" : 400
        },
        "ffffa466-b0ad-49e8-928f-65cbced49af5" : {
          "x" : 0,
          "y" : 0
        }
      },
      "lastZoomRequest" : 0,
      "scale" : 0.870550563296124,
      "translate" : [ 593.3886469391107, 92.0777331902236 ]
    },
    "groupSettings" : {
      "appGroupOpenHash" : {
        "serviceevents" : true
      },
      "ctGroupOpenHash" : {
        "actions" : true,
        "mobile" : true
      },
      "ctServiceOpen" : false,
      "serviceGroupOpenHash" : { }
    },
    "isHidden" : false,
    "paletteWidth" : 170,
    "propertyWidth" : 280
  },
  "ars_relationships" : [ ],
  "assembly" : {
    "Enrich" : {
      "configuration" : {
        "associatedType" : "com.example.sorting_condition",
        "childStreams" : [ "Transformation" ],
        "foreignKeys" : {
          "code" : {
            "expression" : "event.code",
            "type" : "expression"
          }
        },
        "outboundResource" : null,
        "outboundResourceConfig" : null,
        "outboundResourceId" : null,
        "parentStreams" : [ "EventStream" ],
        "upsert" : false
      },
      "downstreamReferences" : { },
      "name" : "Enrich",
      "pattern" : "Enrich",
      "patternVersion" : 5,
      "uuid" : "1598c87f-0206-44a1-8124-ba338f97103f"
    },
    "EventStream" : {
      "configuration" : {
        "childStreams" : [ "Enrich" ],
        "condition" : null,
        "eventTypeName" : "ReceiveBoxInfo",
        "inboundResource" : "sources",
        "inboundResourceId" : "com.example.BoxInfoMqtt",
        "op" : null,
        "outboundResource" : null,
        "outboundResourceConfig" : null,
        "outboundResourceId" : null,
        "parentStreams" : [ ],
        "schema" : null,
        "upsert" : false
      },
      "downstreamReferences" : { },
      "name" : "EventStream",
      "pattern" : "EventStream",
      "patternVersion" : 5,
      "uuid" : "ffffa466-b0ad-49e8-928f-65cbced49af5"
    },
    "ExtractToKanagawa" : {
      "configuration" : {
        "childStreams" : [ "PublishToKanagawa" ],
        "condition" : "event.message.center_id == 2",
        "imports" : null,
        "outboundResource" : null,
        "outboundResourceConfig" : null,
        "outboundResourceId" : null,
        "parentStreams" : [ "TransformForMqtt" ],
        "upsert" : false
      },
      "downstreamReferences" : { },
      "name" : "ExtractToKanagawa",
      "pattern" : "Filter",
      "patternVersion" : 5,
      "uuid" : "2c3e404a-3c81-40a5-8e80-29d816b25dd3"
    },
    "ExtractToSaitama" : {
      "configuration" : {
        "childStreams" : [ "PublishToSaitama" ],
        "condition" : "event.message.center_id == 3",
        "imports" : null,
        "outboundResource" : null,
        "outboundResourceConfig" : null,
        "outboundResourceId" : null,
        "parentStreams" : [ "TransformForMqtt" ],
        "upsert" : false
      },
      "downstreamReferences" : { },
      "name" : "ExtractToSaitama",
      "pattern" : "Filter",
      "patternVersion" : 5,
      "uuid" : "060e941d-56f2-4f6b-9dbe-8f42f00456b9"
    },
    "ExtractToTokyo" : {
      "configuration" : {
        "childStreams" : [ "PublishToTokyo" ],
        "condition" : "event.message.center_id == 1",
        "imports" : null,
        "outboundResource" : null,
        "outboundResourceConfig" : null,
        "outboundResourceId" : null,
        "parentStreams" : [ "TransformForMqtt" ],
        "upsert" : false
      },
      "downstreamReferences" : { },
      "name" : "ExtractToTokyo",
      "pattern" : "Filter",
      "patternVersion" : 5,
      "uuid" : "6deafe31-fcde-4b2d-8df8-89fbf70bb262"
    },
    "PublishToKanagawa" : {
      "configuration" : {
        "childStreams" : null,
        "parentStreams" : [ "ExtractToKanagawa" ],
        "redeliverOnError" : null,
        "retries" : null,
        "source" : "com.example.SortingResultMqtt",
        "sourceConfig" : "{\"topic\": \"/center/kanagawa/yourname\"}"
      },
      "downstreamReferences" : { },
      "name" : "PublishToKanagawa",
      "pattern" : "PublishToSource",
      "patternVersion" : 5,
      "uuid" : "cc962236-aed1-4285-8ee2-711d82e903ec"
    },
    "PublishToSaitama" : {
      "configuration" : {
        "childStreams" : null,
        "parentStreams" : [ "ExtractToSaitama" ],
        "redeliverOnError" : null,
        "retries" : null,
        "source" : "com.example.SortingResultMqtt",
        "sourceConfig" : "{\"topic\": \"/center/saitama/yourname\"}"
      },
      "downstreamReferences" : { },
      "name" : "PublishToSaitama",
      "pattern" : "PublishToSource",
      "patternVersion" : 5,
      "uuid" : "1ee0a6d4-c217-4548-8294-d98b6aca6dd6"
    },
    "PublishToTokyo" : {
      "configuration" : {
        "childStreams" : null,
        "parentStreams" : [ "ExtractToTokyo" ],
        "redeliverOnError" : null,
        "retries" : null,
        "source" : "com.example.SortingResultMqtt",
        "sourceConfig" : "{\"topic\": \"/center/tokyo/yourname\"}"
      },
      "downstreamReferences" : { },
      "name" : "PublishToTokyo",
      "pattern" : "PublishToSource",
      "patternVersion" : 5,
      "uuid" : "351d292b-0e24-451d-b72c-342b92816e00"
    },
    "TransformForMqtt" : {
      "configuration" : {
        "childStreams" : [ "ExtractToKanagawa", "ExtractToSaitama", "ExtractToTokyo" ],
        "imports" : null,
        "outboundResource" : null,
        "outboundResourceConfig" : null,
        "outboundResourceId" : null,
        "parentStreams" : [ "Transformation" ],
        "schema" : null,
        "transformInPlace" : false,
        "transformation" : {
          "message" : {
            "expression" : "event",
            "type" : "expression"
          }
        },
        "upsert" : false
      },
      "downstreamReferences" : { },
      "name" : "TransformForMqtt",
      "pattern" : "Transformation",
      "patternVersion" : 5,
      "uuid" : "69c30d87-4e93-47b9-ab0f-bbe97ff92dd6"
    },
    "Transformation" : {
      "configuration" : {
        "childStreams" : [ "TransformForMqtt" ],
        "imports" : null,
        "outboundResource" : null,
        "outboundResourceConfig" : null,
        "outboundResourceId" : null,
        "parentStreams" : [ "Enrich" ],
        "schema" : null,
        "transformInPlace" : false,
        "transformation" : {
          "center_id" : {
            "expression" : "event.sorting_condition.center_id",
            "type" : "expression"
          },
          "center_name" : {
            "expression" : "event.sorting_condition.center_name",
            "type" : "expression"
          },
          "code" : {
            "expression" : "event.code",
            "type" : "expression"
          },
          "name" : {
            "expression" : "event.name",
            "type" : "expression"
          },
          "time" : {
            "expression" : "event.time",
            "type" : "expression"
          }
        },
        "upsert" : false
      },
      "downstreamReferences" : { },
      "name" : "Transformation",
      "pattern" : "Transformation",
      "patternVersion" : 5,
      "uuid" : "6d5f0eff-b617-4fcd-8a1b-957b30134ded"
    }
  },
  "contextualizedAssembly" : { },
  "disableBadging" : false,
  "isComponent" : false,
  "isEventHandler" : true,
  "keyTypes" : [ "system.collaborations" ],
  "name" : "com.example.BoxSorter.ReceiveBoxInfoMqtt"
}