{
  "ars_relationships" : [ ],
  "links" : [ {
    "source" : "source/jp.co.vantiq.designpattern.MQTTSource",
    "target" : "app/jp.co.vantiq.designpattern.EchoPattern_Echo_EventHandler"
  }, {
    "source" : "source/jp.co.vantiq.designpattern.MQTTSource",
    "target" : "app/jp.co.vantiq.designpattern.EchoPattern_InputStream_EventHandler"
  }, {
    "source" : "app/jp.co.vantiq.designpattern.EchoPattern_InputStream_EventHandler",
    "target" : "services/jp.co.vantiq.designpattern.EchoPattern"
  }, {
    "source" : "services/jp.co.vantiq.designpattern.EchoPattern",
    "target" : "document/jp.co.vantiq.designpattern.EchoPattern.js"
  }, {
    "source" : "app/jp.co.vantiq.designpattern.EchoPattern_Echo_EventHandler",
    "target" : "source/jp.co.vantiq.designpattern.MQTTEchoBackMonitorSource"
  } ],
  "name" : "EchoBack",
  "options" : {
    "description" : "# Echo Back pattern\n\nTake the data ingested through an external broker, and send it back to the broker as it is.\n\n## How to run the sample\n\nopen jp.co.vantiq.designpattern.MQTTSource, publish the following message\n\n{\n    \"message\": { \"message\": \"Hello World!\"},\n    \"topic\": \"/jp.co.vantiq.designpattern/echoback/inbound\"\n}",
    "dockCollapsed" : {
      "bottom" : false,
      "left" : false,
      "right" : false,
      "top" : false,
      "viewtabs" : false
    },
    "dockDimensions" : {
      "bottom" : 200,
      "debug" : [ 0, 0, 0 ],
      "left" : 228,
      "right" : 220,
      "top" : 0,
      "viewtabs" : 0
    },
    "dockSort" : 1,
    "exclusionList" : [ "source/jp.co.vantiq.designpattern.MQTTSourceEchoBackMonitorSource" ],
    "filterBitArray" : "ffffffffffffffffffffffffffffffff",
    "isModeloProject" : true,
    "layoutStyle" : "tile",
    "openFolders" : [ "jp.co.vantiq.designpattern", "jp.co.vantiq.designpattern/source", "jp.co.vantiq.designpattern/app" ],
    "rootViewFlavor" : 5,
    "showGrid" : true,
    "tileColumns" : 2,
    "tileRows" : 3,
    "type" : "dev",
    "v" : 5,
    "viewUUID" : "MAINVIEW"
  },
  "resources" : [ {
    "name" : "jp.co.vantiq.designpattern.EchoPattern",
    "resourceReference" : "/system.services/jp.co.vantiq.designpattern.EchoPattern",
    "timestamp" : "2022-07-05T02:05:04.870Z",
    "type" : 63
  }, {
    "name" : "jp.co.vantiq.designpattern.EchoPattern.js",
    "resourceReference" : "/documents/jp.co.vantiq.designpattern.EchoPattern.js",
    "timestamp" : "2022-07-05T02:05:04.951Z",
    "type" : 19
  }, {
    "name" : "jp.co.vantiq.designpattern.EchoPattern_Echo_EventHandler",
    "resourceReference" : "/collaborationtypes/jp.co.vantiq.designpattern.EchoPattern_Echo_EventHandler",
    "timestamp" : "2022-07-11T13:30:25.468Z",
    "type" : 12
  }, {
    "name" : "jp.co.vantiq.designpattern.EchoPattern_InputStream_EventHandler",
    "resourceReference" : "/collaborationtypes/jp.co.vantiq.designpattern.EchoPattern_InputStream_EventHandler",
    "timestamp" : "2022-07-05T02:09:36.380Z",
    "type" : 12
  }, {
    "name" : "jp.co.vantiq.designpattern.MQTTEchoBackMonitorSource",
    "resourceReference" : "/sources/jp.co.vantiq.designpattern.MQTTEchoBackMonitorSource",
    "timestamp" : "2022-07-11T13:30:07.437Z",
    "type" : 4
  }, {
    "name" : "jp.co.vantiq.designpattern.MQTTSource",
    "resourceReference" : "/sources/jp.co.vantiq.designpattern.MQTTSource",
    "timestamp" : "2022-07-11T13:26:41.474Z",
    "type" : 4
  } ],
  "tools" : [ {
    "isPinned" : false,
    "name" : "Project Contents",
    "type" : 2
  }, {
    "isPinned" : false,
    "name" : "Project の説明",
    "pane" : {
      "c" : 0,
      "r" : 0
    },
    "state" : 2,
    "type" : 82
  }, {
    "isPinned" : false,
    "name" : "jp.co.vantiq.designpattern.EchoPattern_Echo_EventHandler",
    "pane" : {
      "c" : 0,
      "r" : 1
    },
    "resourceKey" : "app/jp.co.vantiq.designpattern.EchoPattern_Echo_EventHandler",
    "state" : 2,
    "toolOptions" : { },
    "type" : 15
  }, {
    "isPinned" : false,
    "name" : "jp.co.vantiq.designpattern.EchoPattern_InputStream_EventHandler",
    "pane" : {
      "c" : 0,
      "r" : 2
    },
    "resourceKey" : "app/jp.co.vantiq.designpattern.EchoPattern_InputStream_EventHandler",
    "state" : 2,
    "toolOptions" : { },
    "type" : 15
  }, {
    "isPinned" : false,
    "name" : "jp.co.vantiq.designpattern.MQTTEchoBackMonitorSource",
    "pane" : {
      "c" : 1,
      "r" : 1
    },
    "resourceKey" : "source/jp.co.vantiq.designpattern.MQTTEchoBackMonitorSource",
    "state" : 2,
    "type" : 5
  }, {
    "isPinned" : false,
    "name" : "jp.co.vantiq.designpattern.MQTTEchoBackMonitorSource",
    "pane" : {
      "c" : 1,
      "r" : 2
    },
    "resourceKey" : "source/jp.co.vantiq.designpattern.MQTTEchoBackMonitorSource",
    "state" : 2,
    "type" : 11
  }, {
    "isPinned" : false,
    "name" : "jp.co.vantiq.designpattern.MQTTSource",
    "pane" : {
      "c" : 1,
      "r" : 0
    },
    "resourceKey" : "source/jp.co.vantiq.designpattern.MQTTSource",
    "state" : 2,
    "type" : 5
  }, {
    "isPinned" : false,
    "name" : "エラー",
    "type" : 13
  }, {
    "dockLocation" : "top",
    "isPinned" : false,
    "name" : "非アクティブ ペイン",
    "type" : 99
  } ],
  "type" : "dev",
  "views" : [ {
    "name" : "Project Contents",
    "projectToolKeys" : [ "list/Project Contents", "projectdescription/Project の説明", "app/jp.co.vantiq.designpattern.EchoPattern_Echo_EventHandler", "app/jp.co.vantiq.designpattern.EchoPattern_InputStream_EventHandler", "subsourceeditor/jp.co.vantiq.designpattern.MQTTEchoBackMonitorSource", "dataviewer/jp.co.vantiq.designpattern.MQTTEchoBackMonitorSource", "subsourceeditor/jp.co.vantiq.designpattern.MQTTSource", "errorviewer/エラー", "tiledock/非アクティブ ペイン" ]
  } ]
}