{
  "links" : [ {
    "source" : "source/GOOGLE",
    "target" : "app/GOOGLE_App"
  }, {
    "source" : "procedure/google_publish",
    "target" : "source/GOOGLE"
  } ],
  "name" : "extConnGCPS",
  "options" : {
    "description" : "このプロジェクトはドキュメントの内容に基づいて実装されたサンプルです。\n\n以下の部分をご自分の環境に合わせて書き換えてください。\n空欄だとエラーになるので、あえてダミーデータを定義しています。\n\n編集する場合 Properties タブを選択して Edit COnfig as JSON にチェックを入れると\n編集しやすくなります。\n\nそれぞれの Source を保存するときは Keep Active チャックボックスをチェックして\nSource がアクティブになることを確認します。\n\nSource: GOOGLE\nprojectID: <projectID>\ngooglekey: JSON の中身をそのままコピー＆ペースト\n\n上記の設定が終了したら接続テストをしてください。\n\nGOOGLE の接続テスト: 右の Procedure の google_publish を実行する\n\n",
    "dockCollapsed" : {
      "bottom" : true,
      "left" : false,
      "right" : false,
      "top" : false,
      "viewtabs" : false
    },
    "dockDimensions" : {
      "bottom" : 200,
      "debug" : [ 0, 0, 0 ],
      "left" : 210,
      "right" : 220,
      "top" : 0,
      "viewtabs" : 0
    },
    "exclusionList" : [ "procedure/google_pub", "source/GOOGLE_PUBSUB" ],
    "filterBitArray" : "ffffffffffffffffffffffffffffffff",
    "isModeloProject" : true,
    "layoutStyle" : "custom",
    "openFolders" : [ "source", "procedure" ],
    "rootViewFlavor" : 1,
    "showGrid" : true,
    "type" : "dev",
    "v" : 4,
    "viewUUID" : "MAINVIEW"
  },
  "resources" : [ {
    "inventory" : {
      "clientHash" : [ ],
      "clients" : [ ],
      "collaborationHash" : [ ],
      "collaborations" : [ ],
      "eventstreamHash" : [ ],
      "eventstreams" : [ ],
      "procedureHash" : [ ],
      "procedures" : [ ],
      "sourceHash" : [ ],
      "sources" : [ ],
      "systemmodelHash" : [ ],
      "systemmodels" : [ ],
      "topicHash" : [ ],
      "topics" : [ ],
      "typeHash" : [ ],
      "types" : [ ]
    },
    "label" : "GOOGLE",
    "name" : "GOOGLE",
    "resourceReference" : "/sources/GOOGLE",
    "timestamp" : "2021-09-03T08:56:09.629Z",
    "type" : 4
  }, {
    "inventory" : {
      "clientHash" : [ ],
      "clients" : [ ],
      "collaborationHash" : [ ],
      "collaborations" : [ ],
      "eventstreamHash" : [ ],
      "eventstreams" : [ ],
      "procedureHash" : [ ],
      "procedures" : [ ],
      "sourceHash" : [ "in" ],
      "sources" : [ "GOOGLE" ],
      "systemmodelHash" : [ ],
      "systemmodels" : [ ],
      "topicHash" : [ ],
      "topics" : [ ],
      "typeHash" : [ ],
      "types" : [ ]
    },
    "name" : "GOOGLE_App",
    "resourceReference" : "/collaborationtypes/GOOGLE_App",
    "timestamp" : "2021-09-03T08:55:38.230Z",
    "type" : 12
  }, {
    "inventory" : {
      "clientHash" : [ ],
      "clients" : [ ],
      "collaborationHash" : [ ],
      "collaborations" : [ ],
      "eventstreamHash" : [ ],
      "eventstreams" : [ ],
      "procedureHash" : [ ],
      "procedures" : [ ],
      "sourceHash" : [ "out" ],
      "sources" : [ "GOOGLE" ],
      "systemmodelHash" : [ ],
      "systemmodels" : [ ],
      "topicHash" : [ ],
      "topics" : [ ],
      "typeHash" : [ ],
      "types" : [ ]
    },
    "label" : "google_publish",
    "name" : "google_publish",
    "procedureName" : "google_publish",
    "resourceReference" : "/procedures/google_publish",
    "timestamp" : "2021-09-03T08:57:25.687Z",
    "type" : 3
  } ],
  "tools" : [ {
    "isPinned" : false,
    "name" : "Errors",
    "type" : 13
  }, {
    "isPinned" : false,
    "name" : "GOOGLE",
    "pane" : {
      "h" : 510,
      "w" : 650,
      "x" : 10,
      "y" : 420
    },
    "resourceKey" : "source/GOOGLE",
    "state" : 3,
    "type" : 5
  }, {
    "isPinned" : false,
    "name" : "GOOGLE_App",
    "pane" : {
      "h" : 500,
      "w" : 700,
      "x" : 670,
      "y" : 420.00001525878906
    },
    "resourceKey" : "app/GOOGLE_App",
    "state" : 3,
    "toolOptions" : { },
    "type" : 15
  }, {
    "dockLocation" : "top",
    "isPinned" : false,
    "name" : "Inactive Panes",
    "type" : 99
  }, {
    "isPinned" : false,
    "name" : "Project Contents",
    "type" : 2
  }, {
    "isPinned" : false,
    "name" : "Project Description",
    "pane" : {
      "h" : 400,
      "w" : 650,
      "x" : 10,
      "y" : 10
    },
    "state" : 3,
    "type" : 82
  }, {
    "isPinned" : false,
    "name" : "google_publish",
    "pane" : {
      "h" : 400,
      "w" : 700,
      "x" : 670,
      "y" : 10
    },
    "resourceKey" : "procedure/google_publish",
    "state" : 3,
    "type" : 24
  } ],
  "type" : "dev",
  "views" : [ {
    "name" : "Project Contents",
    "projectToolKeys" : [ "errorviewer/Errors", "subsourceeditor/GOOGLE", "app/GOOGLE_App", "tiledock/Inactive Panes", "list/Project Contents", "projectdescription/Project Description", "cmeditorprocedure/google_publish" ]
  } ]
}