{
  "ars_relationships" : [ ],
  "links" : [ {
    "source" : "services/jp.co.vantiq.designpattern.PollingToStream",
    "target" : "type/jp.co.vantiq.designpattern.PollingToStream_Global"
  }, {
    "source" : "topic//jp.co.vantiq.designpattern.PollingToStream/pollingResult/outbound",
    "target" : "services/jp.co.vantiq.designpattern.PollingToStream"
  }, {
    "source" : "services/jp.co.vantiq.designpattern.PollingToStream",
    "target" : "procedure/jp.co.vantiq.designpattern.PollingToStream.updateLastExecutionDate"
  }, {
    "source" : "app/jp.co.vantiq.designpattern.PollingToStream_ScheduledTrigger_EventHandler",
    "target" : "services/jp.co.vantiq.designpattern.PollingToStream"
  }, {
    "source" : "services/jp.co.vantiq.designpattern.PollingToStream",
    "target" : "document/jp.co.vantiq.designpattern.PollingToStream.js"
  }, {
    "source" : "topic//jp.co.vantiq.designpattern.PollingToStream/ScheduledTrigger/handler/inbound",
    "target" : "app/jp.co.vantiq.designpattern.PollingToStream_ScheduledTrigger_EventHandler"
  }, {
    "source" : "app/jp.co.vantiq.designpattern.PollingToStream_ScheduledTrigger_EventHandler",
    "target" : "topic//jp.co.vantiq.designpattern.PollingToStream/pollingResult/outbound"
  }, {
    "source" : "app/jp.co.vantiq.designpattern.PollingToStream_ScheduledTrigger_EventHandler",
    "target" : "procedure/jp.co.vantiq.designpattern.PollingToStream.updateLastExecutionDate"
  }, {
    "source" : "procedure/jp.co.vantiq.designpattern.PollingToStream.updateLastExecutionDate",
    "target" : "services/jp.co.vantiq.designpattern.PollingToStream"
  }, {
    "source" : "scheduledevent/jp.co.vantiq.designpattern.PollingToStreamTrigger",
    "target" : "topic//jp.co.vantiq.designpattern.PollingToStream/ScheduledTrigger/handler/inbound"
  }, {
    "source" : "procedure/jp.co.vantiq.designpattern.PollingToStream.polling",
    "target" : "source/jp.co.vantiq.designpattern.CovidStats"
  }, {
    "source" : "procedure/jp.co.vantiq.designpattern.PollingToStream.polling",
    "target" : "services/jp.co.vantiq.designpattern.PollingToStream"
  }, {
    "source" : "services/jp.co.vantiq.designpattern.PollingToStream",
    "target" : "procedure/jp.co.vantiq.designpattern.PollingToStream.polling"
  }, {
    "source" : "app/jp.co.vantiq.designpattern.PollingToStream_ScheduledTrigger_EventHandler",
    "target" : "procedure/jp.co.vantiq.designpattern.PollingToStream.polling"
  } ],
  "name" : "PollingToStream",
  "options" : {
    "description" : "# Polling-To-Stream\n\nPeriodically polls the data with the moving time window range. \nConvert the array into a stream data.\n\n\n## How to tes run\nConfigure the PollingToStreamTrigger event or Publish an event to topic /jp.co.vantiq.designpattern.PollingToStream/ScheduledTrigger/handler/inbound",
    "dockCollapsed" : {
      "bottom" : false,
      "left" : false,
      "right" : false,
      "top" : false,
      "viewtabs" : false
    },
    "dockDimensions" : {
      "bottom" : 383,
      "debug" : [ 696.9688926005982, 1096.0311073994017 ],
      "left" : 210,
      "right" : 220,
      "top" : 0,
      "viewtabs" : 0
    },
    "dockSort" : 1,
    "filterBitArray" : "ffffffffffffffffffffffffffffffff",
    "isModeloProject" : true,
    "layoutStyle" : "tile",
    "openFolders" : [ "jp.co.vantiq.designpattern", "jp.co.vantiq.designpattern/app", "jp.co.vantiq.designpattern/services", "jp.co.vantiq.designpattern/source", "jp.co.vantiq.designpattern/type", "jp.co.vantiq.designpattern.PollingToStream", "jp.co.vantiq.designpattern.PollingToStream/topic", "VIEWROOT/jp.co.vantiq.designpattern/services", "VIEWROOT/jp.co.vantiq.designpattern.PollingToStream", "VIEWROOT/jp.co.vantiq.designpattern/app", "VIEWROOT/jp.co.vantiq.designpattern/scheduledevent" ],
    "rootViewFlavor" : 5,
    "showGrid" : true,
    "tileColumns" : 2,
    "tileRows" : 2,
    "type" : "dev",
    "v" : 5,
    "viewUUID" : "MAINVIEW"
  },
  "resources" : [ {
    "label" : "/jp.co.vantiq.designpattern.PollingToStream/ScheduledTrigger/handler/inbound",
    "name" : "/jp.co.vantiq.designpattern.PollingToStream/ScheduledTrigger/handler/inbound",
    "resourceReference" : "/topics//jp.co.vantiq.designpattern.PollingToStream/ScheduledTrigger/handler/inbound",
    "type" : 10
  }, {
    "label" : "/jp.co.vantiq.designpattern.PollingToStream/pollingResult/outbound",
    "name" : "/jp.co.vantiq.designpattern.PollingToStream/pollingResult/outbound",
    "resourceReference" : "/topics//jp.co.vantiq.designpattern.PollingToStream/pollingResult/outbound",
    "type" : 10
  }, {
    "label" : "jp.co.vantiq.designpattern.CovidStats",
    "name" : "jp.co.vantiq.designpattern.CovidStats",
    "resourceReference" : "/sources/jp.co.vantiq.designpattern.CovidStats",
    "timestamp" : "2022-07-11T05:49:28.875Z",
    "type" : 4
  }, {
    "label" : "jp.co.vantiq.designpattern.JapanCovidPositiveStatsSource",
    "name" : "jp.co.vantiq.designpattern.JapanCovidPositiveStatsSource",
    "resourceReference" : "/sources/jp.co.vantiq.designpattern.JapanCovidPositiveStatsSource",
    "timestamp" : "2022-07-11T05:41:13.598Z",
    "type" : 4
  }, {
    "label" : "jp.co.vantiq.designpattern.PollingToStream",
    "name" : "jp.co.vantiq.designpattern.PollingToStream",
    "resourceReference" : "/system.services/jp.co.vantiq.designpattern.PollingToStream",
    "timestamp" : "2022-07-11T05:30:23.605Z",
    "type" : 63
  }, {
    "label" : "jp.co.vantiq.designpattern.PollingToStream.js",
    "name" : "jp.co.vantiq.designpattern.PollingToStream.js",
    "resourceReference" : "/documents/jp.co.vantiq.designpattern.PollingToStream.js",
    "timestamp" : "2022-07-11T05:30:23.917Z",
    "type" : 19
  }, {
    "name" : "jp.co.vantiq.designpattern.PollingToStream.polling",
    "packageName" : "jp.co.vantiq.designpattern",
    "procedureName" : "polling",
    "resourceReference" : "/procedures/jp.co.vantiq.designpattern.PollingToStream.polling",
    "serviceName" : "PollingToStream",
    "timestamp" : "2022-07-11T07:17:28.930Z",
    "type" : 3
  }, {
    "label" : "jp.co.vantiq.designpattern.PollingToStream.updateLastExecutionDate",
    "name" : "jp.co.vantiq.designpattern.PollingToStream.updateLastExecutionDate",
    "packageName" : "jp.co.vantiq.designpattern",
    "procedureName" : "updateLastExecutionDate",
    "resourceReference" : "/procedures/jp.co.vantiq.designpattern.PollingToStream.updateLastExecutionDate",
    "serviceName" : "PollingToStream",
    "timestamp" : "2022-07-04T09:49:58.772Z",
    "type" : 3
  }, {
    "label" : "jp.co.vantiq.designpattern.PollingToStreamTrigger",
    "name" : "jp.co.vantiq.designpattern.PollingToStreamTrigger",
    "resourceReference" : "/system.scheduledevents/jp.co.vantiq.designpattern.PollingToStreamTrigger",
    "timestamp" : "2022-07-11T06:56:05.447Z",
    "type" : 17
  }, {
    "label" : "jp.co.vantiq.designpattern.PollingToStream_Global",
    "name" : "jp.co.vantiq.designpattern.PollingToStream_Global",
    "resourceReference" : "/types/jp.co.vantiq.designpattern.PollingToStream_Global",
    "timestamp" : "2022-07-04T09:26:42.255Z",
    "type" : 1
  }, {
    "label" : "jp.co.vantiq.designpattern.PollingToStream_ScheduledTrigger_EventHandler",
    "name" : "jp.co.vantiq.designpattern.PollingToStream_ScheduledTrigger_EventHandler",
    "resourceReference" : "/collaborationtypes/jp.co.vantiq.designpattern.PollingToStream_ScheduledTrigger_EventHandler",
    "timestamp" : "2022-07-11T07:17:31.330Z",
    "type" : 12
  } ],
  "tools" : [ {
    "isPinned" : false,
    "name" : "/jp.co.vantiq.designpattern.PollingToStream/ScheduledTrigger/handler/inbound",
    "pane" : {
      "c" : 0,
      "r" : 1
    },
    "resourceKey" : "topic//jp.co.vantiq.designpattern.PollingToStream/ScheduledTrigger/handler/inbound",
    "state" : 2,
    "type" : 8
  }, {
    "isPinned" : false,
    "name" : "Project Contents",
    "type" : 2
  }, {
    "isPinned" : false,
    "name" : "Project の説明",
    "pane" : {
      "c" : 0,
      "r" : 0
    },
    "state" : 2,
    "type" : 82
  }, {
    "isPinned" : false,
    "name" : "jp.co.vantiq.designpattern.CovidStats",
    "pane" : {
      "c" : -1,
      "r" : -1
    },
    "resourceKey" : "source/jp.co.vantiq.designpattern.CovidStats",
    "state" : 4,
    "type" : 5
  }, {
    "isPinned" : false,
    "name" : "jp.co.vantiq.designpattern.JapanCovidPositiveStatsSource",
    "pane" : {
      "c" : -1,
      "r" : -1
    },
    "resourceKey" : "source/jp.co.vantiq.designpattern.JapanCovidPositiveStatsSource",
    "state" : 4,
    "type" : 5
  }, {
    "isPinned" : false,
    "name" : "jp.co.vantiq.designpattern.PollingToStream",
    "pane" : {
      "c" : -1,
      "r" : -1
    },
    "resourceKey" : "services/jp.co.vantiq.designpattern.PollingToStream",
    "state" : 4,
    "type" : 109
  }, {
    "isPinned" : false,
    "name" : "jp.co.vantiq.designpattern.PollingToStream.updateLastExecutionDate",
    "pane" : {
      "c" : -1,
      "r" : -1
    },
    "resourceKey" : "procedure/jp.co.vantiq.designpattern.PollingToStream.updateLastExecutionDate",
    "state" : 4,
    "type" : 24
  }, {
    "isPinned" : false,
    "name" : "jp.co.vantiq.designpattern.PollingToStream_ScheduledTrigger_EventHandler",
    "pane" : {
      "c" : 1,
      "r" : 0
    },
    "resourceKey" : "app/jp.co.vantiq.designpattern.PollingToStream_ScheduledTrigger_EventHandler",
    "state" : 2,
    "toolOptions" : { },
    "type" : 15
  }, {
    "isPinned" : false,
    "name" : "エラー",
    "type" : 13
  }, {
    "isPinned" : false,
    "name" : "ログメッセージ",
    "type" : 12
  }, {
    "dockLocation" : "top",
    "isPinned" : false,
    "name" : "非アクティブ ペイン",
    "type" : 99
  } ],
  "type" : "dev",
  "views" : [ {
    "name" : "Project Contents",
    "projectToolKeys" : [ "subtopiceditor//jp.co.vantiq.designpattern.PollingToStream/ScheduledTrigger/handler/inbound", "list/Project Contents", "projectdescription/Project の説明", "subsourceeditor/jp.co.vantiq.designpattern.CovidStats", "subsourceeditor/jp.co.vantiq.designpattern.JapanCovidPositiveStatsSource", "services/jp.co.vantiq.designpattern.PollingToStream", "cmeditorprocedure/jp.co.vantiq.designpattern.PollingToStream.updateLastExecutionDate", "app/jp.co.vantiq.designpattern.PollingToStream_ScheduledTrigger_EventHandler", "errorviewer/エラー", "logviewer/ログメッセージ", "tiledock/非アクティブ ペイン" ]
  } ]
}