{
  "active" : true,
  "ars_properties" : {
    "filterPrivateGenerated" : false,
    "filterPublicGenerated" : false,
    "fragmentList" : [ ]
  },
  "ars_relationships" : [ ],
  "description" : null,
  "eventTypes" : {
    "ReceiveBoxInfo" : {
      "direction" : "INBOUND",
      "implementingResource" : "/collaborationtypes/com.example.BoxSorter.ReceiveBoxInfo/EventStream",
      "isReliable" : false
    }
  },
  "globalType" : null,
  "interface" : [ ],
  "internalEventHandlers" : [ ],
  "isAgent" : false,
  "name" : "com.example.BoxSorter",
  "partitionedType" : null,
  "replicationFactor" : 1,
  "scheduledProcedures" : { }
}