{
  "rootObj" : "21ee0e68-d9b7-4aaa-8aaf-344ea7317b00",
  "widgets" : [ {
    "backgroundColor" : "#eeeeee",
    "borderColor" : "Default",
    "borderThickness" : 0,
    "children" : [ "29a627cc-a9dd-4a13-84d7-5bda61e08996", "97828ec3-a5d3-4227-832c-669d4276129a" ],
    "heightPolicy" : "naturalSize",
    "horzGravity" : "center",
    "horzMargin" : 5,
    "innerMargin" : 10,
    "name" : "_Topbar_",
    "packTight" : true,
    "type" : "HorizontalLayout",
    "uuid" : "21ee0e68-d9b7-4aaa-8aaf-344ea7317b00",
    "v" : 17,
    "vertGravity" : "center",
    "vertMargin" : 5,
    "vertWeight" : 1,
    "widthPolicy" : "sizeToCell"
  }, {
    "borderColor" : "Default",
    "borderRadius" : 4,
    "borderThickness" : 0,
    "column" : -1,
    "fontFace" : "inherit",
    "fontSize" : 28,
    "fontStyle" : "normal",
    "fontWeight" : "normal",
    "glyphIcon" : "glyphicon-home",
    "heightPolicy" : "naturalSize",
    "horzGravity" : "left",
    "name" : "MenuButton1",
    "row" : -1,
    "text" : "Data Generator",
    "type" : "MenuButton",
    "uuid" : "29a627cc-a9dd-4a13-84d7-5bda61e08996",
    "v" : 17,
    "vertGravity" : "center",
    "widthPolicy" : "naturalSize"
  }, {
    "borderColor" : "Default",
    "borderRadius" : 4,
    "borderThickness" : 0,
    "column" : -1,
    "fontFace" : "inherit",
    "fontSize" : 28,
    "fontStyle" : "normal",
    "fontWeight" : "normal",
    "glyphIcon" : "glyphicon-cog",
    "heightPolicy" : "naturalSize",
    "horzGravity" : "left",
    "name" : "MenuButton2",
    "row" : -1,
    "text" : "Setup",
    "type" : "MenuButton",
    "uuid" : "97828ec3-a5d3-4227-832c-669d4276129a",
    "v" : 17,
    "vertGravity" : "center",
    "widthPolicy" : "naturalSize"
  } ]
}