{
  "active" : true,
  "ars_properties" : {
    "isGenerated" : false
  },
  "ars_relationships" : [ ],
  "eventTypes" : {
    "PublishToKanagawa" : {
      "direction" : "OUTBOUND",
      "implementingEventPath" : "/sources/SortingResultMqtt",
      "isGenerated" : true
    },
    "PublishToSaitama" : {
      "direction" : "OUTBOUND",
      "implementingEventPath" : "/sources/SortingResultMqtt",
      "isGenerated" : true
    },
    "PublishToTokyo" : {
      "direction" : "OUTBOUND",
      "implementingEventPath" : "/sources/SortingResultMqtt",
      "isGenerated" : true
    },
    "ReceiveBoxInfo" : {
      "direction" : "INBOUND",
      "implementingEventPath" : "/sources/BoxInfoMqtt",
      "isGenerated" : true
    }
  },
  "name" : "apps.services.BoxSorter",
  "partitionedType" : "apps.BoxSorter.PartitionedAppState",
  "replicationFactor" : 1
}