{
  "active" : true,
  "appType" : true,
  "ars_properties" : {
    "dataVersion" : 5,
    "graph" : {
      "coordinates" : {
        "120548cc-f4c2-4f02-8c76-b720cc241307" : {
          "x" : 0,
          "y" : 0
        },
        "1be36800-5cf4-40b1-b1bf-4d3b264365b4" : {
          "x" : 97.5,
          "y" : 80
        },
        "22ac8274-005a-4f90-bb8a-5c044f9bd263" : {
          "x" : -97.5,
          "y" : 240
        },
        "239dd4bb-448b-4f5a-9cb7-95b33bd2165b" : {
          "x" : -97.5,
          "y" : 560
        },
        "2459705d-aa74-4a98-8a42-93e486e0c723" : {
          "x" : -97.5,
          "y" : 400
        },
        "397d5fdf-cfac-44b8-96e2-8464620e45e6" : {
          "x" : -97.5,
          "y" : 320
        },
        "54696c17-c635-496f-8c5a-bb5788e962e6" : {
          "x" : -292.5,
          "y" : 480
        },
        "690f3627-1e02-45fd-a2b5-efc9571fd5d3" : {
          "x" : -97.5,
          "y" : 160
        },
        "b48e787c-57bb-4880-8359-0034d476e364" : {
          "x" : -97.5,
          "y" : 80
        },
        "b4fa287d-c639-4727-81b9-d71ac6062955" : {
          "x" : 97.5,
          "y" : 480
        },
        "c0fe8d5c-5588-42d7-9df1-3647bec29763" : {
          "x" : -292.5,
          "y" : 560
        },
        "e6b4588e-2695-48ac-be61-054a9f4a38af" : {
          "x" : 97.5,
          "y" : 560
        },
        "f63c3d6e-7ee6-4272-9199-42dc41cdacb1" : {
          "x" : -97.5,
          "y" : 480
        }
      },
      "lastZoomRequest" : 0,
      "scale" : 0.7080251387310122,
      "translate" : [ 330.6096867086024, 41.50298731406966 ]
    },
    "groupSettings" : {
      "appGroupOpenHash" : {
        "filters" : true
      },
      "ctGroupOpenHash" : {
        "actions" : true,
        "mobile" : true
      },
      "ctServiceOpen" : false,
      "serviceGroupOpenHash" : { }
    },
    "propertyWidth" : 300
  },
  "ars_relationships" : [ ],
  "assembly" : {
    "Array" : {
      "configuration" : {
        "childStreams" : [ "Unwind" ],
        "condition" : "has(event, \"items\") == true",
        "imports" : null,
        "outboundResource" : null,
        "outboundResourceConfig" : null,
        "outboundResourceId" : null,
        "parentStreams" : [ "ReceiveBoxInfo" ],
        "upsert" : false
      },
      "downstreamReferences" : { },
      "name" : "Array",
      "pattern" : "Filter",
      "patternVersion" : 4,
      "uuid" : "b48e787c-57bb-4880-8359-0034d476e364"
    },
    "AttachCondition" : {
      "configuration" : {
        "associatedType" : "sorting_condition",
        "childStreams" : [ "Transformation" ],
        "foreignKeys" : {
          "code" : {
            "expression" : "event.code",
            "type" : "expression"
          }
        },
        "outboundResource" : null,
        "outboundResourceConfig" : null,
        "outboundResourceId" : null,
        "parentStreams" : [ "Unwind", "NotArray" ],
        "upsert" : false
      },
      "downstreamReferences" : { },
      "name" : "AttachCondition",
      "pattern" : "Enrich",
      "patternVersion" : 4,
      "uuid" : "22ac8274-005a-4f90-bb8a-5c044f9bd263"
    },
    "ExtractToKanagawa" : {
      "configuration" : {
        "childStreams" : [ "PublishToKanagawa" ],
        "condition" : "event.message.center_id == 2",
        "imports" : null,
        "outboundResource" : null,
        "outboundResourceConfig" : null,
        "outboundResourceId" : null,
        "parentStreams" : [ "TransformForMqtt" ],
        "upsert" : false
      },
      "downstreamReferences" : { },
      "name" : "ExtractToKanagawa",
      "pattern" : "Filter",
      "patternVersion" : 4,
      "uuid" : "54696c17-c635-496f-8c5a-bb5788e962e6"
    },
    "ExtractToSaitama" : {
      "configuration" : {
        "childStreams" : [ "PublishToSaitama" ],
        "condition" : "event.message.center_id == 3",
        "imports" : null,
        "outboundResource" : null,
        "outboundResourceConfig" : null,
        "outboundResourceId" : null,
        "parentStreams" : [ "TransformForMqtt" ],
        "upsert" : false
      },
      "downstreamReferences" : { },
      "name" : "ExtractToSaitama",
      "pattern" : "Filter",
      "patternVersion" : 4,
      "uuid" : "f63c3d6e-7ee6-4272-9199-42dc41cdacb1"
    },
    "ExtractToTokyo" : {
      "configuration" : {
        "childStreams" : [ "PublishToTokyo" ],
        "condition" : "event.message.center_id == 1",
        "imports" : null,
        "outboundResource" : null,
        "outboundResourceConfig" : null,
        "outboundResourceId" : null,
        "parentStreams" : [ "TransformForMqtt" ],
        "upsert" : false
      },
      "downstreamReferences" : { },
      "name" : "ExtractToTokyo",
      "pattern" : "Filter",
      "patternVersion" : 4,
      "uuid" : "b4fa287d-c639-4727-81b9-d71ac6062955"
    },
    "NotArray" : {
      "configuration" : {
        "childStreams" : [ "AttachCondition" ],
        "condition" : "has(event, \"items\") == false",
        "imports" : null,
        "outboundResource" : null,
        "outboundResourceConfig" : null,
        "outboundResourceId" : null,
        "parentStreams" : [ "ReceiveBoxInfo" ],
        "upsert" : false
      },
      "downstreamReferences" : { },
      "name" : "NotArray",
      "pattern" : "Filter",
      "patternVersion" : 4,
      "uuid" : "1be36800-5cf4-40b1-b1bf-4d3b264365b4"
    },
    "PublishToKanagawa" : {
      "configuration" : {
        "childStreams" : null,
        "parentStreams" : [ "ExtractToKanagawa" ],
        "redeliverOnError" : null,
        "retries" : null,
        "source" : "SortingResultMqtt",
        "sourceConfig" : "{\"topic\": \"/center/kanagawa/yourname\"}"
      },
      "downstreamReferences" : { },
      "name" : "PublishToKanagawa",
      "pattern" : "PublishToSource",
      "patternVersion" : 3,
      "uuid" : "c0fe8d5c-5588-42d7-9df1-3647bec29763"
    },
    "PublishToSaitama" : {
      "configuration" : {
        "childStreams" : null,
        "parentStreams" : [ "ExtractToSaitama" ],
        "redeliverOnError" : null,
        "retries" : null,
        "source" : "SortingResultMqtt",
        "sourceConfig" : "{\"topic\": \"/center/saitama/yourname\"}"
      },
      "downstreamReferences" : { },
      "name" : "PublishToSaitama",
      "pattern" : "PublishToSource",
      "patternVersion" : 3,
      "uuid" : "239dd4bb-448b-4f5a-9cb7-95b33bd2165b"
    },
    "PublishToTokyo" : {
      "configuration" : {
        "childStreams" : null,
        "parentStreams" : [ "ExtractToTokyo" ],
        "redeliverOnError" : null,
        "retries" : null,
        "source" : "SortingResultMqtt",
        "sourceConfig" : "{\"topic\": \"/center/tokyo/yourname\"}"
      },
      "downstreamReferences" : { },
      "name" : "PublishToTokyo",
      "pattern" : "PublishToSource",
      "patternVersion" : 3,
      "uuid" : "e6b4588e-2695-48ac-be61-054a9f4a38af"
    },
    "ReceiveBoxInfo" : {
      "configuration" : {
        "childStreams" : [ "Array", "NotArray" ],
        "condition" : null,
        "eventTypeName" : null,
        "inboundResource" : "sources",
        "inboundResourceId" : "BoxInfoMqtt",
        "op" : null,
        "outboundResource" : null,
        "outboundResourceConfig" : null,
        "outboundResourceId" : null,
        "parentStreams" : [ ],
        "schema" : null,
        "upsert" : false
      },
      "downstreamReferences" : { },
      "name" : "ReceiveBoxInfo",
      "pattern" : "EventStream",
      "patternVersion" : 4,
      "uuid" : "120548cc-f4c2-4f02-8c76-b720cc241307"
    },
    "TransformForMqtt" : {
      "configuration" : {
        "childStreams" : [ "ExtractToSaitama", "ExtractToKanagawa", "ExtractToTokyo" ],
        "imports" : null,
        "outboundResource" : null,
        "outboundResourceConfig" : null,
        "outboundResourceId" : null,
        "parentStreams" : [ "Transformation" ],
        "schema" : null,
        "transformInPlace" : false,
        "transformation" : {
          "message" : {
            "expression" : "event",
            "type" : "expression"
          }
        },
        "upsert" : false
      },
      "downstreamReferences" : { },
      "name" : "TransformForMqtt",
      "pattern" : "Transformation",
      "patternVersion" : 4,
      "uuid" : "2459705d-aa74-4a98-8a42-93e486e0c723"
    },
    "Transformation" : {
      "configuration" : {
        "childStreams" : [ "TransformForMqtt" ],
        "imports" : null,
        "outboundResource" : null,
        "outboundResourceConfig" : null,
        "outboundResourceId" : null,
        "parentStreams" : [ "AttachCondition" ],
        "schema" : null,
        "transformInPlace" : false,
        "transformation" : {
          "center_id" : {
            "expression" : "event.sorting_condition.center_id",
            "type" : "expression"
          },
          "center_name" : {
            "expression" : "event.sorting_condition.center_name",
            "type" : "expression"
          },
          "code" : {
            "expression" : "event.code",
            "type" : "expression"
          },
          "name" : {
            "expression" : "event.name",
            "type" : "expression"
          },
          "time" : {
            "expression" : "event.time",
            "type" : "expression"
          }
        },
        "upsert" : false
      },
      "downstreamReferences" : { },
      "name" : "Transformation",
      "pattern" : "Transformation",
      "patternVersion" : 4,
      "uuid" : "397d5fdf-cfac-44b8-96e2-8464620e45e6"
    },
    "Unwind" : {
      "configuration" : {
        "childStreams" : [ "AttachCondition" ],
        "outboundProperty" : null,
        "outboundResource" : null,
        "outboundResourceConfig" : null,
        "outboundResourceId" : null,
        "parentStreams" : [ "Array" ],
        "unwindProperty" : "items",
        "upsert" : false
      },
      "downstreamReferences" : { },
      "name" : "Unwind",
      "pattern" : "Unwind",
      "patternVersion" : 5,
      "uuid" : "690f3627-1e02-45fd-a2b5-efc9571fd5d3"
    }
  },
  "collaboratorRoles" : [ ],
  "contextualizedAssembly" : { },
  "conversationNames" : [ ],
  "disableBadging" : false,
  "entityRoles" : [ ],
  "isComponent" : false,
  "isEventHandler" : false,
  "keyTypes" : [ "system.collaborations" ],
  "name" : "BoxSorter"
}