{
  "ars_properties" : {
    "tags" : [ "#launchable" ]
  },
  "ars_public" : false,
  "ars_relationships" : [ ],
  "controllers" : {
    "client" : {
      "onAssetsLoaded" : "RELOCATED to controllers/client/onAssetsLoaded.js"
    },
    "dataStream" : {
      "GuardInfoQuery" : { },
      "GuardLocationDataStream" : { },
      "GuardStatusTimedQuery" : { }
    },
    "page" : {
      "Start" : {
        "widgets" : {
          "Button3" : {
            "onClick" : "RELOCATED to controllers/page/Start/widgets/Button3/onClick.js"
          },
          "DataTable1" : {
            "onSelect" : "RELOCATED to controllers/page/Start/widgets/DataTable1/onSelect.js"
          },
          "TabbedLayout1" : {
            "onPageChanged" : "RELOCATED to controllers/page/Start/widgets/TabbedLayout1/onPageChanged.js"
          }
        }
      }
    }
  },
  "isComponent" : false,
  "isLaunchable" : true,
  "models" : {
    "dataObjects" : {
      "__GLOBAL__" : {
        "properties" : {
          "guards" : {
            "defaultLabel" : "guards",
            "type" : "TypedObject",
            "typedObject" : {
              "properties" : {
                "email" : {
                  "defaultLabel" : "email",
                  "defaultValue" : "",
                  "type" : "String"
                },
                "guard_id" : {
                  "defaultLabel" : "guard_id",
                  "defaultValue" : "",
                  "type" : "String"
                },
                "name" : {
                  "defaultLabel" : "name",
                  "defaultValue" : "",
                  "type" : "String"
                }
              },
              "type" : "guards"
            }
          }
        }
      },
      "__PARAMETERS__" : {
        "properties" : { }
      }
    },
    "dataStreams" : [ {
      "advancedWhereClause" : null,
      "basicQueryElement" : [ ],
      "dataObjectName" : null,
      "dataTypeList" : [ {
        "label" : null,
        "type" : "guards"
      } ],
      "isAdvancedQuery" : false,
      "isDeleteOp" : false,
      "isInsertOp" : false,
      "isUpdateOp" : false,
      "maxRecords" : 0,
      "name" : "GuardInfoQuery",
      "pauseAtStartup" : false,
      "property" : null,
      "sortByProperty" : "guard_id",
      "sortDescending" : false,
      "type" : 7,
      "updateInterval" : 60,
      "uuid" : "ac164b71-4318-41fc-81b6-086b3b080497",
      "v" : 1
    }, {
      "advancedWhereClause" : null,
      "dataObjectName" : null,
      "dataTypeList" : [ {
        "label" : null,
        "type" : "guard_status"
      } ],
      "isDeleteOp" : false,
      "isInsertOp" : true,
      "isUpdateOp" : true,
      "maxRecords" : 0,
      "name" : "GuardLocationDataStream",
      "pauseAtStartup" : false,
      "property" : null,
      "sortByProperty" : null,
      "sortDescending" : false,
      "type" : 1,
      "updateInterval" : 60,
      "uuid" : "cd486320-5963-4fba-8461-2a377092a887",
      "v" : 1
    }, {
      "advancedWhereClause" : null,
      "basicQueryElement" : [ ],
      "dataObjectName" : null,
      "dataTypeList" : [ {
        "label" : null,
        "type" : "guard_status"
      } ],
      "isDeleteOp" : false,
      "isInsertOp" : false,
      "isUpdateOp" : false,
      "maxRecords" : 5,
      "name" : "GuardStatusTimedQuery",
      "pauseAtStartup" : false,
      "property" : null,
      "sortByProperty" : "guard_id",
      "sortDescending" : false,
      "type" : 4,
      "updateInterval" : 5,
      "uuid" : "39eb9449-e72f-4b75-a520-f7bab393ead1",
      "v" : 1
    } ]
  },
  "name" : "MonitorClient",
  "options" : {
    "RELOCATE" : [ {
      "path" : "controllers",
      "type" : "js"
    }, {
      "path" : "views",
      "type" : "json"
    } ],
    "activeTab" : "edit",
    "badgeCount" : 0,
    "componentConfiguration" : {
      "configurationProperties" : [ ]
    },
    "description" : "",
    "docAssets" : [ ],
    "productV" : "7.8f",
    "showCategoryButtons" : true,
    "showCategoryDataDisplay" : true,
    "showCategoryDataInput" : true,
    "showCategoryLayout" : true,
    "showGridWhileEditing" : false,
    "theme" : {
      "backgroundColor" : "#ffffff",
      "borderColor" : "#8b572a",
      "cardAccentColor" : "#8b572a",
      "cardColor" : "#fee3b7",
      "dataDisplayColor" : "#ffffff",
      "dataDisplayColors" : [ "#3cbce1", "#996db8", "#86d557", "#ff9800", "#425b71", "#cc467c", "#01aa93", "#ffca28", "#f583a9", "#1c84d4", "#ff6767", "#4caf50" ],
      "dataInputColor" : "#ffffff",
      "foregroundColor" : "#8b572a",
      "label" : "Custom",
      "name" : "custom",
      "titleBarColor" : "#fee3b7",
      "titleForegroundColor" : "#1f1d17",
      "v" : 3
    },
    "v" : 5
  },
  "resourceBinding" : {
    "requiredResources" : [ {
      "resource" : "topics",
      "resourceId" : "/my/response/topic",
      "type" : "publishes"
    }, {
      "resource" : "types",
      "resourceId" : "guard_status",
      "type" : "subscribes_to"
    } ]
  },
  "targetDevice" : "all",
  "userList" : [ ],
  "views" : {
    "Start" : "RELOCATED to views/Start.json"
  }
}