{
  "bodyChildren" : {
    "rootArray" : [ "de83d228-73f1-4e59-8b4e-27d10ea71142", "9052808e-8f8f-4912-880e-2d9363a41ab9", "97ca7413-f764-4c96-8e3b-972b06d8bf7c", "d6b76972-c528-4e0a-8199-68099c29c3dc", "a82985c9-b4c8-4545-8956-a0c199e2b8a0", "5a54782d-25d9-4913-a68c-ea2277165a34" ],
    "widgets" : [ {
      "borderColor" : "Default",
      "borderRadius" : 4,
      "borderThickness" : 0,
      "column" : 0,
      "fontFamily" : "inherit",
      "fontSize" : 20,
      "fontStyle" : "normal",
      "fontWeight" : "normal",
      "heightPolicy" : "naturalSize",
      "horzGravity" : "left",
      "name" : "StaticText51",
      "row" : 1,
      "text" : "TempSensorTopic",
      "type" : "StaticText",
      "uuid" : "590c893f-864d-42eb-97c7-ce432dcc044a",
      "v" : 17,
      "vertGravity" : "center",
      "widthPolicy" : "naturalSize"
    }, {
      "borderColor" : "Default",
      "borderRadius" : 4,
      "borderThickness" : 0,
      "buttonBackgroundColor" : "platform",
      "buttonLabel" : "Update Topics",
      "buttonLabelColor" : "platform",
      "buttonLabelSize" : 18,
      "buttonLabelStyle" : "plain",
      "heightPolicy" : "naturalSize",
      "horzGravity" : "center",
      "labelAlign" : "center",
      "labelColor" : "#000000",
      "labelSize" : 14,
      "labelStyle" : "plain",
      "name" : "Button11",
      "submitValue" : 100,
      "type" : "Button",
      "uuid" : "5a54782d-25d9-4913-a68c-ea2277165a34",
      "v" : 17,
      "vertGravity" : "center",
      "widthPolicy" : "sizeToCell",
      "x" : 790.328125,
      "y" : 384.796875
    }, {
      "backgroundColor" : "default",
      "borderColor" : "Default",
      "borderRadius" : 4,
      "borderThickness" : 2,
      "cellFontColor" : "#000000",
      "cellFontFace" : "inherit",
      "cellFontSize" : 14,
      "cellFontStyle" : "plain",
      "clearOnDataArrive" : true,
      "columnDescriptors" : [ {
        "colorRules" : null,
        "dataType" : "Integer",
        "propertyName" : "PumpNo",
        "selected" : false,
        "title" : "PumpNo"
      }, {
        "colorRules" : null,
        "dataType" : "Integer",
        "propertyName" : "Status",
        "selected" : false,
        "title" : "Status"
      } ],
      "columnSort" : true,
      "dataStreamGroupedByFiltersString" : "",
      "dataStreamUUID" : "d9846e5a-84ec-448e-885f-1139dd9a5d47",
      "dataType" : null,
      "headerFontColor" : "#000000",
      "headerFontFace" : "inherit",
      "headerFontSize" : 14,
      "headerFontStyle" : "plain",
      "heightPolicy" : "naturalSize",
      "horzGravity" : "center",
      "name" : "DataTable1",
      "operation" : "insert",
      "rowsPerPage" : 5,
      "showPaging" : true,
      "type" : "DataTable",
      "uuid" : "9052808e-8f8f-4912-880e-2d9363a41ab9",
      "v" : 17,
      "vertGravity" : "center",
      "w" : 500,
      "widthPolicy" : "explicit",
      "x" : 82.65625250339508,
      "y" : 56.788177490234375
    }, {
      "binding" : "page.data.NewPumpNo",
      "borderColor" : "Default",
      "borderRadius" : 4,
      "borderThickness" : 0,
      "defaultValue" : 5,
      "flavor" : "text",
      "heightPolicy" : "naturalSize",
      "horzGravity" : "center",
      "labelAlign" : "center",
      "labelColor" : "#000000",
      "labelSize" : 14,
      "labelStyle" : "plain",
      "maxValue" : 100,
      "minValue" : 0,
      "name" : "InputInteger3",
      "optional" : true,
      "placeholder" : "",
      "type" : "InputInteger",
      "units" : "",
      "uuid" : "97ca7413-f764-4c96-8e3b-972b06d8bf7c",
      "v" : 17,
      "vertGravity" : "center",
      "w" : 120,
      "widthPolicy" : "explicit",
      "x" : 589,
      "y" : 47.78125
    }, {
      "binding" : "page.data.TrainingDataGenConfig.TempSensorTopic",
      "borderColor" : "Default",
      "borderRadius" : 4,
      "borderThickness" : 0,
      "column" : 1,
      "defaultValue" : "",
      "heightPolicy" : "naturalSize",
      "horzGravity" : "left",
      "labelAlign" : "center",
      "labelColor" : "#000000",
      "labelSize" : 14,
      "labelStyle" : "plain",
      "name" : "InputString2",
      "optional" : true,
      "placeholder" : "",
      "row" : 1,
      "type" : "InputString",
      "uuid" : "9e380804-24f5-4446-8741-86373ba1e450",
      "v" : 17,
      "vertGravity" : "center",
      "widthPolicy" : "sizeToCell"
    }, {
      "borderColor" : "Default",
      "borderRadius" : 4,
      "borderThickness" : 2,
      "children" : [ "aeceaf20-c3b0-4e52-8f11-43852b0d7950", "e2abb4bc-34dc-4b92-8af4-c6699797e353", "590c893f-864d-42eb-97c7-ce432dcc044a", "9e380804-24f5-4446-8741-86373ba1e450" ],
      "columns" : 2,
      "heightPolicy" : "naturalSize",
      "horzGravity" : "center",
      "innerMargin" : 20,
      "name" : "GridLayout1",
      "rows" : 2,
      "type" : "GridLayout",
      "uuid" : "a82985c9-b4c8-4545-8956-a0c199e2b8a0",
      "v" : 17,
      "vertGravity" : "center",
      "widthPolicy" : "naturalSize",
      "x" : 78.97569525241852,
      "y" : 393.9757080078125
    }, {
      "borderColor" : "Default",
      "borderRadius" : 4,
      "borderThickness" : 0,
      "column" : 0,
      "fontFamily" : "inherit",
      "fontSize" : 20,
      "fontStyle" : "normal",
      "fontWeight" : "normal",
      "heightPolicy" : "naturalSize",
      "horzGravity" : "left",
      "name" : "StaticText50",
      "row" : 0,
      "text" : "RPMSSensorTopic",
      "type" : "StaticText",
      "uuid" : "aeceaf20-c3b0-4e52-8f11-43852b0d7950",
      "v" : 17,
      "vertGravity" : "center",
      "widthPolicy" : "naturalSize"
    }, {
      "borderColor" : "Default",
      "borderRadius" : 4,
      "borderThickness" : 0,
      "buttonBackgroundColor" : "platform",
      "buttonLabel" : "Update Number Pumps",
      "buttonLabelColor" : "platform",
      "buttonLabelSize" : 18,
      "buttonLabelStyle" : "plain",
      "heightPolicy" : "naturalSize",
      "horzGravity" : "center",
      "labelAlign" : "center",
      "labelColor" : "#000000",
      "labelSize" : 14,
      "labelStyle" : "plain",
      "name" : "Button4",
      "submitValue" : 100,
      "type" : "Button",
      "uuid" : "d6b76972-c528-4e0a-8199-68099c29c3dc",
      "v" : 17,
      "vertGravity" : "center",
      "widthPolicy" : "sizeToCell",
      "x" : 591.296875,
      "y" : 94.703125
    }, {
      "borderColor" : "Default",
      "borderRadius" : 4,
      "borderThickness" : 0,
      "fontFamily" : "inherit",
      "fontSize" : 20,
      "fontStyle" : "normal",
      "fontWeight" : "normal",
      "heightPolicy" : "naturalSize",
      "horzGravity" : "center",
      "name" : "StaticText9",
      "text" : "Current Pumps and Status",
      "type" : "StaticText",
      "uuid" : "de83d228-73f1-4e59-8b4e-27d10ea71142",
      "v" : 17,
      "vertGravity" : "center",
      "widthPolicy" : "naturalSize",
      "x" : 81.64930975437164,
      "y" : 26.736114501953125
    }, {
      "binding" : "page.data.TrainingDataGenConfig.RPMSSensorTopic",
      "borderColor" : "Default",
      "borderRadius" : 4,
      "borderThickness" : 0,
      "column" : 1,
      "defaultValue" : "",
      "heightPolicy" : "naturalSize",
      "horzGravity" : "left",
      "labelAlign" : "center",
      "labelColor" : "#000000",
      "labelSize" : 14,
      "labelStyle" : "plain",
      "name" : "InputString1",
      "optional" : true,
      "placeholder" : "",
      "row" : 0,
      "type" : "InputString",
      "uuid" : "e2abb4bc-34dc-4b92-8af4-c6699797e353",
      "v" : 17,
      "vertGravity" : "center",
      "w" : 485,
      "widthPolicy" : "explicit"
    } ]
  },
  "data" : {
    "properties" : {
      "NewPumpNo" : {
        "defaultLabel" : "NewPumpNo",
        "defaultValue" : 0,
        "type" : "Integer"
      },
      "TDConfigid" : {
        "defaultLabel" : "TDConfigid",
        "type" : "String"
      },
      "TrainingDataGenConfig" : {
        "defaultLabel" : "TrainingDataGenConfig",
        "type" : "TypedObject",
        "typedObject" : {
          "properties" : {
            "RPMSSensorTopic" : {
              "defaultLabel" : "RPMSSensorTopic",
              "type" : "String"
            },
            "TempSensorTopic" : {
              "defaultLabel" : "TempSensorTopic",
              "type" : "String"
            }
          },
          "type" : "TrainingDataGenConfig"
        }
      }
    }
  },
  "footerChildren" : [ ],
  "hasFooter" : false,
  "layoutType" : "browser"
}