{
  "bodyChildren" : {
    "rootArray" : [ "766fe2eb-dcb0-48a1-ac10-14a051e4b52a", "8652e058-03a6-4d5a-8549-4786b033528f", "cde9a50d-8c45-4e26-85e8-9f0cd2e17d16", "8722b57b-f9be-49cb-831a-90b8d1a83e0f", "60b07317-6957-4f52-8689-ce40e5ecc690", "5f91c10e-bb8c-4a1e-8be8-dd8cf3ded864", "607a4c10-6c6b-4c84-8233-7c28cad76a27", "9e78c687-6338-445b-a384-f8c7ca07cfcf", "c8d3db61-1d4a-49d9-99b0-aed7db7927b8", "878a5d62-5a7b-4a02-9f65-b8b5a398422c" ],
    "widgets" : [ {
      "binding" : "client.data.LastMessageData",
      "borderColor" : "Default",
      "borderRadius" : 4,
      "borderThickness" : 0,
      "defaultValue" : "",
      "heightPolicy" : "naturalSize",
      "horzGravity" : "center",
      "labelAlign" : "center",
      "labelColor" : "#000000",
      "labelSize" : 14,
      "labelStyle" : "plain",
      "name" : "LastMessage",
      "optional" : true,
      "placeholder" : "",
      "rows" : 7,
      "type" : "MultilineInput",
      "uuid" : "5f91c10e-bb8c-4a1e-8be8-dd8cf3ded864",
      "v" : 16,
      "vertGravity" : "center",
      "w" : 338,
      "widthPolicy" : "explicit",
      "wordwrap" : true,
      "x" : 97.95138549804688,
      "y" : 149.670166015625
    }, {
      "borderColor" : "Default",
      "borderRadius" : 4,
      "borderThickness" : 0,
      "fontFamily" : "inherit",
      "fontSize" : 20,
      "fontStyle" : "normal",
      "fontWeight" : "normal",
      "heightPolicy" : "naturalSize",
      "horzGravity" : "center",
      "name" : "StaticText21",
      "text" : "Set Status of Pump",
      "type" : "StaticText",
      "uuid" : "607a4c10-6c6b-4c84-8233-7c28cad76a27",
      "v" : 16,
      "vertGravity" : "center",
      "widthPolicy" : "naturalSize",
      "x" : 114.65278625488281,
      "y" : 366.7535095214844
    }, {
      "borderColor" : "Default",
      "borderRadius" : 4,
      "borderThickness" : 0,
      "fontFamily" : "inherit",
      "fontSize" : 20,
      "fontStyle" : "normal",
      "fontWeight" : "normal",
      "heightPolicy" : "naturalSize",
      "horzGravity" : "center",
      "name" : "StaticText7",
      "text" : "Last Message",
      "type" : "StaticText",
      "uuid" : "60b07317-6957-4f52-8689-ce40e5ecc690",
      "v" : 16,
      "vertGravity" : "center",
      "widthPolicy" : "naturalSize",
      "x" : 110.65972900390625,
      "y" : 127.77780151367188
    }, {
      "borderColor" : "Default",
      "borderRadius" : 4,
      "borderThickness" : 0,
      "buttonBackgroundColor" : "platform",
      "buttonLabel" : "Start Generator",
      "buttonLabelColor" : "platform",
      "buttonLabelSize" : 18,
      "buttonLabelStyle" : "plain",
      "heightPolicy" : "naturalSize",
      "horzGravity" : "center",
      "labelAlign" : "center",
      "labelColor" : "#000000",
      "labelSize" : 14,
      "labelStyle" : "plain",
      "name" : "Button2",
      "submitValue" : 100,
      "type" : "Button",
      "uuid" : "766fe2eb-dcb0-48a1-ac10-14a051e4b52a",
      "v" : 16,
      "vertGravity" : "center",
      "widthPolicy" : "sizeToCell",
      "x" : 93.33333837985992,
      "y" : 13.784698486328125
    }, {
      "borderColor" : "Default",
      "borderRadius" : 4,
      "borderThickness" : 0,
      "buttonBackgroundColor" : "#ff0000",
      "buttonLabel" : "Stop Generator",
      "buttonLabelColor" : "platform",
      "buttonLabelSize" : 18,
      "buttonLabelStyle" : "plain",
      "heightPolicy" : "naturalSize",
      "horzGravity" : "center",
      "labelAlign" : "center",
      "labelColor" : "#000000",
      "labelSize" : 14,
      "labelStyle" : "plain",
      "name" : "Button3",
      "submitValue" : 100,
      "type" : "Button",
      "uuid" : "8652e058-03a6-4d5a-8549-4786b033528f",
      "v" : 16,
      "vertGravity" : "center",
      "widthPolicy" : "sizeToCell",
      "x" : 269.34028112888336,
      "y" : 11.77081298828125
    }, {
      "borderColor" : "Default",
      "borderRadius" : 4,
      "borderThickness" : 2,
      "defaultMinimumHeight" : 300,
      "defaultMinimumWidth" : 200,
      "h" : 271,
      "heightPolicy" : "explicit",
      "horzGravity" : "center",
      "horzizontalScrollPolicy" : "none",
      "html" : "参考情報<br />\n<ul>\n<li>データジェネレータは、開始後10分経過すると、自動的に停止します。</li>\n<li>Dwellは、条件を超過した状態を検出すると、再度条件を下回るJSONを受信しない限り、再検出しません。都度、正常値に戻してテストを実行してください。</li>\n<li>Set Status of Pumpの項目を選択する際、稀にステータスデータがnullとなることがあります。この場合、出力値もnullとなるため、ご注意ください。</li>\n<li>データジェネレータの回転数と温度のMQTTトピック設定時は、/&lt;フルネーム&gt;/pump/RPMSなどと設定してください。</li>\n</ul>",
      "name" : "StaticHtml1",
      "type" : "StaticHtml",
      "uuid" : "8722b57b-f9be-49cb-831a-90b8d1a83e0f",
      "v" : 16,
      "vertGravity" : "center",
      "verticalScrollPolicy" : "none",
      "w" : 383,
      "widthPolicy" : "explicit",
      "x" : 455.9895935058594,
      "y" : 81.99655151367188
    }, {
      "binding" : "page.data.SelectedStatus",
      "borderColor" : "Default",
      "borderRadius" : 4,
      "borderThickness" : 0,
      "default" : 1,
      "enumeratedList" : [ {
        "label" : "Normal",
        "value" : 1
      }, {
        "label" : "High Temp",
        "value" : 2
      }, {
        "label" : "High RPMS",
        "value" : 3
      }, {
        "label" : "High Temp & RPMS",
        "value" : 4
      } ],
      "heightPolicy" : "naturalSize",
      "horzGravity" : "center",
      "labelAlign" : "center",
      "labelColor" : "#000000",
      "labelSize" : 14,
      "labelStyle" : "plain",
      "name" : "StatusDropList",
      "type" : "Droplist",
      "uuid" : "878a5d62-5a7b-4a02-9f65-b8b5a398422c",
      "v" : 16,
      "vertGravity" : "center",
      "w" : 248,
      "widthPolicy" : "explicit",
      "x" : 104.98263549804688,
      "y" : 450.7812805175781
    }, {
      "binding" : "page.data.SelectedPumpID",
      "borderColor" : "Default",
      "borderRadius" : 4,
      "borderThickness" : 0,
      "default" : null,
      "enumeratedList" : [ ],
      "heightPolicy" : "naturalSize",
      "horzGravity" : "center",
      "labelAlign" : "center",
      "labelColor" : "#000000",
      "labelSize" : 14,
      "labelStyle" : "plain",
      "name" : "PumpDroplist",
      "type" : "Droplist",
      "uuid" : "9e78c687-6338-445b-a384-f8c7ca07cfcf",
      "v" : 16,
      "vertGravity" : "center",
      "w" : 252,
      "widthPolicy" : "explicit",
      "x" : 103.99305725097656,
      "y" : 392.7778015136719
    }, {
      "borderColor" : "Default",
      "borderRadius" : 4,
      "borderThickness" : 0,
      "buttonBackgroundColor" : "platform",
      "buttonLabel" : "Update Pump Status",
      "buttonLabelColor" : "platform",
      "buttonLabelSize" : 18,
      "buttonLabelStyle" : "plain",
      "heightPolicy" : "naturalSize",
      "horzGravity" : "center",
      "labelAlign" : "center",
      "labelColor" : "#000000",
      "labelSize" : 14,
      "labelStyle" : "plain",
      "name" : "Button52",
      "submitValue" : 100,
      "type" : "Button",
      "uuid" : "c8d3db61-1d4a-49d9-99b0-aed7db7927b8",
      "v" : 16,
      "vertGravity" : "center",
      "widthPolicy" : "sizeToCell",
      "x" : 356.3194580078125,
      "y" : 422.8993225097656
    }, {
      "borderColor" : "Default",
      "borderRadius" : 4,
      "borderThickness" : 0,
      "buttonBackgroundColor" : "#1a9948",
      "buttonLabel" : "Start RPMS Only",
      "buttonLabelColor" : "platform",
      "buttonLabelSize" : 18,
      "buttonLabelStyle" : "plain",
      "heightPolicy" : "naturalSize",
      "horzGravity" : "center",
      "labelAlign" : "center",
      "labelColor" : "#000000",
      "labelSize" : 14,
      "labelStyle" : "plain",
      "name" : "Button5",
      "submitValue" : 100,
      "type" : "Button",
      "uuid" : "cde9a50d-8c45-4e26-85e8-9f0cd2e17d16",
      "v" : 16,
      "vertGravity" : "center",
      "widthPolicy" : "sizeToCell",
      "x" : 92.29167175292969,
      "y" : 66.75347900390625
    } ]
  },
  "data" : {
    "properties" : {
      "SelectedPumpID" : {
        "defaultLabel" : "SelectedPumpID",
        "type" : "String"
      },
      "SelectedStatus" : {
        "defaultLabel" : "SelectedStatus",
        "type" : "Integer"
      }
    }
  },
  "footerChildren" : [ ],
  "hasFooter" : false,
  "layoutType" : "browser",
  "responseTopic" : "/my/response/topic"
}