{
  "active" : true,
  "ars_properties" : {
    "dataVersion" : 5,
    "graph" : {
      "coordinates" : {
        "0cbd282a-abb0-4223-91a2-e1584a178b0b" : {
          "x" : -15.037063598632812,
          "y" : 240
        },
        "1c76d8ef-a8c4-423b-8eb3-faa03ec4b21d" : {
          "x" : 169.0126838684082,
          "y" : 240
        },
        "2494df5d-7d8b-4e66-82c6-b1e12c191597" : {
          "x" : 0,
          "y" : 160
        },
        "2ecdb91b-0923-46dc-9035-8bd6b0d6629a" : {
          "x" : 0,
          "y" : 0
        },
        "5bf749bd-a9ca-4135-83e1-642a9c4ddd0e" : {
          "x" : 169.0126838684082,
          "y" : 320
        },
        "cd05fbd2-ff7b-445e-90cb-8ce56b91a8cb" : {
          "x" : -10.024709065755204,
          "y" : 320
        },
        "cd34b867-084d-4596-83f3-9e6b824cb141" : {
          "x" : -184.04974746704102,
          "y" : 240
        },
        "e9974654-ea6b-4e9e-a83c-c8162bfc34a1" : {
          "x" : -184.04974746704102,
          "y" : 320
        },
        "fca88b59-031c-49c9-8701-b53aa6ff7eba" : {
          "x" : 0,
          "y" : 80
        }
      },
      "lastZoomRequest" : 0,
      "scale" : 0.5680239920682902,
      "translate" : [ 242.56699306776392, 152.7517819730058 ]
    },
    "groupSettings" : {
      "appGroupOpenHash" : {
        "actions" : true,
        "filters" : true,
        "flowControl" : true,
        "modifiers" : true
      },
      "ctGroupOpenHash" : {
        "actions" : true,
        "mobile" : true
      },
      "ctServiceOpen" : false,
      "serviceGroupOpenHash" : { }
    },
    "paletteWidth" : 170,
    "propertyWidth" : 280
  },
  "ars_relationships" : [ ],
  "assembly" : {
    "Enrich" : {
      "configuration" : {
        "associatedType" : "com.example.sorting_condition",
        "childStreams" : [ "Transformation" ],
        "foreignKeys" : {
          "code" : {
            "expression" : "event.code",
            "type" : "expression"
          }
        },
        "outboundResource" : null,
        "outboundResourceConfig" : null,
        "outboundResourceId" : null,
        "parentStreams" : [ "EventStream" ],
        "upsert" : false
      },
      "downstreamReferences" : { },
      "name" : "Enrich",
      "pattern" : "Enrich",
      "patternVersion" : 5,
      "uuid" : "fca88b59-031c-49c9-8701-b53aa6ff7eba"
    },
    "EventStream" : {
      "configuration" : {
        "childStreams" : [ "Enrich" ],
        "eventTypeName" : "ReceiveBoxInfo",
        "inboundResource" : "services",
        "inboundResourceId" : "com.example.BoxSorter",
        "parentStreams" : [ ]
      },
      "downstreamReferences" : { },
      "name" : "EventStream",
      "pattern" : "EventStream",
      "patternVersion" : 5,
      "uuid" : "2ecdb91b-0923-46dc-9035-8bd6b0d6629a"
    },
    "ExtractToKanagawa" : {
      "configuration" : {
        "childStreams" : [ "LogToKanagawa" ],
        "condition" : "event.center_id == 2",
        "imports" : null,
        "outboundResource" : null,
        "outboundResourceConfig" : null,
        "outboundResourceId" : null,
        "parentStreams" : [ "Transformation" ],
        "upsert" : false
      },
      "downstreamReferences" : { },
      "name" : "ExtractToKanagawa",
      "pattern" : "Filter",
      "patternVersion" : 5,
      "uuid" : "1c76d8ef-a8c4-423b-8eb3-faa03ec4b21d"
    },
    "ExtractToSaitama" : {
      "configuration" : {
        "childStreams" : [ "LogToSaitama" ],
        "condition" : "event.center_id == 3",
        "imports" : null,
        "outboundResource" : null,
        "outboundResourceConfig" : null,
        "outboundResourceId" : null,
        "parentStreams" : [ "Transformation" ],
        "upsert" : false
      },
      "downstreamReferences" : { },
      "name" : "ExtractToSaitama",
      "pattern" : "Filter",
      "patternVersion" : 5,
      "uuid" : "0cbd282a-abb0-4223-91a2-e1584a178b0b"
    },
    "ExtractToTokyo" : {
      "configuration" : {
        "childStreams" : [ "LogToTokyo" ],
        "condition" : "event.center_id == 1",
        "imports" : null,
        "outboundResource" : null,
        "outboundResourceConfig" : null,
        "outboundResourceId" : null,
        "parentStreams" : [ "Transformation" ],
        "upsert" : false
      },
      "downstreamReferences" : { },
      "name" : "ExtractToTokyo",
      "pattern" : "Filter",
      "patternVersion" : 5,
      "uuid" : "cd34b867-084d-4596-83f3-9e6b824cb141"
    },
    "LogToKanagawa" : {
      "configuration" : {
        "level" : null,
        "parentStreams" : [ "ExtractToKanagawa" ]
      },
      "downstreamReferences" : { },
      "name" : "LogToKanagawa",
      "pattern" : "LogStream",
      "patternVersion" : 2,
      "uuid" : "5bf749bd-a9ca-4135-83e1-642a9c4ddd0e"
    },
    "LogToSaitama" : {
      "configuration" : {
        "level" : null,
        "parentStreams" : [ "ExtractToSaitama" ]
      },
      "downstreamReferences" : { },
      "name" : "LogToSaitama",
      "pattern" : "LogStream",
      "patternVersion" : 2,
      "uuid" : "cd05fbd2-ff7b-445e-90cb-8ce56b91a8cb"
    },
    "LogToTokyo" : {
      "configuration" : {
        "level" : null,
        "parentStreams" : [ "ExtractToTokyo" ]
      },
      "downstreamReferences" : { },
      "name" : "LogToTokyo",
      "pattern" : "LogStream",
      "patternVersion" : 2,
      "uuid" : "e9974654-ea6b-4e9e-a83c-c8162bfc34a1"
    },
    "Transformation" : {
      "configuration" : {
        "childStreams" : [ "ExtractToTokyo", "ExtractToSaitama", "ExtractToKanagawa" ],
        "imports" : null,
        "outboundResource" : null,
        "outboundResourceConfig" : null,
        "outboundResourceId" : null,
        "parentStreams" : [ "Enrich" ],
        "schema" : null,
        "transformInPlace" : false,
        "transformation" : {
          "center_id" : {
            "expression" : "event.sorting_condition.center_id",
            "type" : "expression"
          },
          "center_name" : {
            "expression" : "event.sorting_condition.center_name",
            "type" : "expression"
          },
          "code" : {
            "expression" : "event.code",
            "type" : "expression"
          },
          "name" : {
            "expression" : "event.name",
            "type" : "expression"
          }
        },
        "upsert" : false
      },
      "downstreamReferences" : { },
      "name" : "Transformation",
      "pattern" : "Transformation",
      "patternVersion" : 5,
      "uuid" : "2494df5d-7d8b-4e66-82c6-b1e12c191597"
    }
  },
  "contextualizedAssembly" : { },
  "disableBadging" : false,
  "isComponent" : false,
  "isEventHandler" : true,
  "keyTypes" : [ "collaborations" ],
  "name" : "com.example.BoxSorter.ReceiveBoxInfo"
}