{
  "ars_relationships" : [ ],
  "links" : [ {
    "source" : "services/com.example.BoxSorter",
    "target" : "document/com.example.BoxSorter.js"
  }, {
    "source" : "services/com.example.BoxSorter",
    "target" : "app/com.example.BoxSorter.ReceiveBoxInfo"
  }, {
    "source" : "app/com.example.BoxSorter.ReceiveBoxInfo",
    "target" : "type/com.example.sorting_condition"
  }, {
    "source" : "procedure/com.example.BoxSorter.Transformation_ReceiveBoxInfo",
    "target" : "services/com.example.BoxSorter"
  }, {
    "source" : "services/com.example.BoxSorter",
    "target" : "procedure/com.example.BoxSorter.Transformation_ReceiveBoxInfo"
  }, {
    "source" : "app/com.example.BoxSorter.ReceiveBoxInfo",
    "target" : "services/com.example.BoxSorter"
  } ],
  "name" : "BoxSorter",
  "options" : {
    "description" : "",
    "dockCollapsed" : {
      "bottom" : false,
      "left" : false,
      "right" : false,
      "top" : false,
      "viewtabs" : false
    },
    "dockDimensions" : {
      "bottom" : 200,
      "debug" : [ 505.75, 1411.25 ],
      "left" : 210,
      "right" : 220,
      "top" : 0,
      "viewtabs" : 0
    },
    "filterBitArray" : "ffffffffffffffffffffffffffffffff",
    "isModeloProject" : true,
    "layoutStyle" : "flex",
    "openFolders" : [ "com.example", "com.example/services", "com.example/type", "services/com.example.BoxSorter" ],
    "partitionsSettings" : { },
    "rootViewFlavor" : 5,
    "showGrid" : true,
    "structure" : {
      "fraction" : 1,
      "type" : "R[3]"
    },
    "type" : "dev",
    "v" : 6,
    "viewUUID" : "MAINVIEW"
  },
  "partitions" : [ ],
  "resources" : [ {
    "label" : "com.example.BoxSorter",
    "name" : "com.example.BoxSorter",
    "resourceReference" : "/services/com.example.BoxSorter",
    "timestamp" : "2025-10-20T04:36:47.849Z",
    "type" : 63
  }, {
    "label" : "com.example.BoxSorter.ReceiveBoxInfo",
    "name" : "com.example.BoxSorter.ReceiveBoxInfo",
    "resourceReference" : "/collaborationtypes/com.example.BoxSorter.ReceiveBoxInfo",
    "timestamp" : "2025-10-20T04:36:48.685Z",
    "type" : 12
  }, {
    "label" : "com.example.BoxSorter.Transformation_ReceiveBoxInfo",
    "name" : "com.example.BoxSorter.Transformation_ReceiveBoxInfo",
    "packageName" : "com.example",
    "procedureName" : "Transformation_ReceiveBoxInfo",
    "resourceReference" : "/procedures/com.example.BoxSorter.Transformation_ReceiveBoxInfo",
    "serviceName" : "BoxSorter",
    "timestamp" : "2025-10-20T04:36:52.881Z",
    "type" : 3
  }, {
    "label" : "com.example.BoxSorter.js",
    "name" : "com.example.BoxSorter.js",
    "resourceReference" : "/documents/com.example.BoxSorter.js",
    "timestamp" : "2025-10-20T04:36:48.356Z",
    "type" : 19
  }, {
    "label" : "com.example.sorting_condition",
    "name" : "com.example.sorting_condition",
    "resourceReference" : "/types/com.example.sorting_condition",
    "timestamp" : "2025-10-20T04:36:47.026Z",
    "type" : 1
  } ],
  "tools" : [ {
    "isPinned" : false,
    "name" : "Access Tokens",
    "pane" : {
      "address" : "R[2]"
    },
    "state" : 8,
    "type" : 34
  }, {
    "isPinned" : false,
    "name" : "Errors",
    "type" : 13
  }, {
    "dockLocation" : "top",
    "isPinned" : false,
    "name" : "Inactive Panes",
    "type" : 99
  }, {
    "isPinned" : false,
    "name" : "Log Messages",
    "type" : 12
  }, {
    "isPinned" : false,
    "name" : "Project Contents",
    "type" : 2
  }, {
    "isPinned" : false,
    "name" : "com.example.BoxSorter",
    "pane" : {
      "address" : "R[0]",
      "isActive" : true,
      "isActiveTool" : true
    },
    "resourceKey" : "services/com.example.BoxSorter",
    "state" : 8,
    "type" : 109
  }, {
    "isPinned" : false,
    "name" : "com.example.sorting_condition",
    "pane" : {
      "address" : "R[1]"
    },
    "resourceKey" : "type/com.example.sorting_condition",
    "state" : 8,
    "type" : 6
  } ],
  "type" : "dev",
  "views" : [ {
    "name" : "Project Contents",
    "projectToolKeys" : [ "accesstokens/Access Tokens", "errorviewer/Errors", "tiledock/Inactive Panes", "logviewer/Log Messages", "list/Project Contents", "services/com.example.BoxSorter", "subtypeeditor/com.example.sorting_condition" ]
  } ]
}