{
  "ars_relationships" : [ ],
  "links" : [ {
    "source" : "services/jp.co.vantiq.designpattern.Observer",
    "target" : "document/jp.co.vantiq.designpattern.Observer.js"
  }, {
    "source" : "topic//jp.co.vantiq.designpattern.Observer/InputStream/handler/inbound",
    "target" : "app/jp.co.vantiq.designpattern.Observer_InputStream_EventHandler"
  }, {
    "source" : "app/jp.co.vantiq.designpattern.Observer_InputStream_EventHandler",
    "target" : "services/jp.co.vantiq.designpattern.Observer"
  }, {
    "source" : "services/jp.co.vantiq.designpattern.Observer",
    "target" : "procedure/jp.co.vantiq.designpattern.Observer.detectChange"
  }, {
    "source" : "procedure/jp.co.vantiq.designpattern.Observer.detectChange",
    "target" : "services/jp.co.vantiq.designpattern.Observer"
  }, {
    "source" : "app/jp.co.vantiq.designpattern.Observer_InputStream_EventHandler",
    "target" : "procedure/jp.co.vantiq.designpattern.Observer.detectChange"
  }, {
    "source" : "topic//jp.co.vantiq.designpattern.Observer/change_detected/outbound",
    "target" : "services/jp.co.vantiq.designpattern.Observer"
  }, {
    "source" : "app/jp.co.vantiq.designpattern.Observer_InputStream_EventHandler",
    "target" : "topic//jp.co.vantiq.designpattern.Observer/change_detected/outbound"
  }, {
    "source" : "services/jp.co.vantiq.designpattern.Observer",
    "target" : "type/jp.co.vantiq.designpattern.Observer_Partitioned"
  } ],
  "name" : "Observer",
  "options" : {
    "description" : "",
    "dockCollapsed" : {
      "bottom" : false,
      "left" : false,
      "right" : false,
      "top" : false,
      "viewtabs" : false
    },
    "dockDimensions" : {
      "bottom" : 200,
      "debug" : [ 0, 0, 0 ],
      "left" : 380,
      "right" : 220,
      "top" : 0,
      "viewtabs" : 0
    },
    "dockSort" : 1,
    "exclusionList" : [ "app/jp.co.vantiq.designpattern.ChangeMonitor_ScheduledTrigger_EventHandler", "procedure/jp.co.vantiq.designpattern.ChangeMonitor.getDataSet", "services/jp.co.vantiq.designpattern.ChangeMonitor", "topic//jp.co.vantiq.designpattern.ChangeMonitor/ScheduledTrigger/handler/inbound", "topic//jp.co.vantiq.designpattern.ChangeMonitor/result/outbound", "type/jp.co.vantiq.designpattern.Observer_Partitioned1" ],
    "filterBitArray" : "ffffffffffffffffffffffffffffffff",
    "isModeloProject" : true,
    "layoutStyle" : "tile",
    "openFolders" : [ "VIEWROOT/jp.co.vantiq.designpattern.Observer", "VIEWROOT/jp.co.vantiq.designpattern/services", "VIEWROOT/jp.co.vantiq.designpattern/type", "jp.co.vantiq.designpattern.Observer/topic", "services/jp.co.vantiq.designpattern.Observer" ],
    "rootViewFlavor" : 5,
    "showGrid" : true,
    "tileColumns" : 2,
    "tileRows" : 2,
    "type" : "dev",
    "v" : 5,
    "viewUUID" : "MAINVIEW"
  },
  "resources" : [ {
    "label" : "/jp.co.vantiq.designpattern.Observer/InputStream/handler/inbound",
    "name" : "/jp.co.vantiq.designpattern.Observer/InputStream/handler/inbound",
    "resourceReference" : "/topics//jp.co.vantiq.designpattern.Observer/InputStream/handler/inbound",
    "type" : 10
  }, {
    "label" : "/jp.co.vantiq.designpattern.Observer/change_detected/outbound",
    "name" : "/jp.co.vantiq.designpattern.Observer/change_detected/outbound",
    "resourceReference" : "/topics//jp.co.vantiq.designpattern.Observer/change_detected/outbound",
    "type" : 10
  }, {
    "label" : "jp.co.vantiq.designpattern.Observer",
    "name" : "jp.co.vantiq.designpattern.Observer",
    "resourceReference" : "/system.services/jp.co.vantiq.designpattern.Observer",
    "timestamp" : "2022-07-11T05:05:08.908Z",
    "type" : 63
  }, {
    "label" : "jp.co.vantiq.designpattern.Observer.detectChange",
    "name" : "jp.co.vantiq.designpattern.Observer.detectChange",
    "packageName" : "jp.co.vantiq.designpattern",
    "procedureName" : "detectChange",
    "resourceReference" : "/procedures/jp.co.vantiq.designpattern.Observer.detectChange",
    "serviceName" : "Observer",
    "timestamp" : "2022-07-11T05:16:13.637Z",
    "type" : 3
  }, {
    "label" : "jp.co.vantiq.designpattern.Observer.js",
    "name" : "jp.co.vantiq.designpattern.Observer.js",
    "resourceReference" : "/documents/jp.co.vantiq.designpattern.Observer.js",
    "timestamp" : "2022-07-11T05:05:09.221Z",
    "type" : 19
  }, {
    "label" : "jp.co.vantiq.designpattern.Observer_InputStream_EventHandler",
    "name" : "jp.co.vantiq.designpattern.Observer_InputStream_EventHandler",
    "resourceReference" : "/collaborationtypes/jp.co.vantiq.designpattern.Observer_InputStream_EventHandler",
    "timestamp" : "2022-07-11T05:22:23.319Z",
    "type" : 12
  }, {
    "label" : "jp.co.vantiq.designpattern.Observer_Partitioned",
    "name" : "jp.co.vantiq.designpattern.Observer_Partitioned",
    "resourceReference" : "/types/jp.co.vantiq.designpattern.Observer_Partitioned",
    "timestamp" : "2022-07-11T05:05:08.575Z",
    "type" : 1
  } ],
  "tools" : [ {
    "isPinned" : false,
    "name" : "Errors",
    "type" : 13
  }, {
    "isPinned" : false,
    "name" : "Project Contents",
    "type" : 2
  }, {
    "isPinned" : false,
    "name" : "Project を説明",
    "pane" : {
      "c" : 0,
      "r" : 0
    },
    "state" : 2,
    "type" : 82
  }, {
    "isPinned" : false,
    "name" : "jp.co.vantiq.designpattern.Observer",
    "pane" : {
      "c" : 1,
      "r" : 0
    },
    "resourceKey" : "services/jp.co.vantiq.designpattern.Observer",
    "state" : 2,
    "type" : 109
  }, {
    "isPinned" : false,
    "name" : "jp.co.vantiq.designpattern.Observer_InputStream_EventHandler",
    "pane" : {
      "c" : 0,
      "r" : 1
    },
    "resourceKey" : "app/jp.co.vantiq.designpattern.Observer_InputStream_EventHandler",
    "state" : 2,
    "toolOptions" : { },
    "type" : 15
  }, {
    "dockLocation" : "top",
    "isPinned" : false,
    "name" : "非アクティブ ペイン",
    "type" : 99
  } ],
  "type" : "dev",
  "views" : [ {
    "name" : "Project Contents",
    "projectToolKeys" : [ "errorviewer/Errors", "list/Project Contents", "projectdescription/Project を説明", "services/jp.co.vantiq.designpattern.Observer", "app/jp.co.vantiq.designpattern.Observer_InputStream_EventHandler", "tiledock/非アクティブ ペイン" ]
  } ]
}