{
  "active" : true,
  "ars_relationships" : [ ],
  "description" : null,
  "eventTypes" : {
    "InputStream" : {
      "direction" : "INBOUND",
      "implementingResource" : "/collaborationtypes/jp.co.vantiq.designpattern.Observer_InputStream_EventHandler"
    },
    "change_detected" : {
      "direction" : "OUTBOUND",
      "implementingEventPath" : "/topics//jp.co.vantiq.designpattern.Observer/change_detected/outbound",
      "isReliable" : false
    }
  },
  "globalType" : null,
  "interface" : [ {
    "name" : "detectChange",
    "parameters" : [ {
      "description" : null,
      "multi" : false,
      "name" : "partitionKey",
      "required" : false,
      "type" : "String"
    }, {
      "description" : null,
      "multi" : false,
      "name" : "event",
      "required" : false,
      "type" : "Object"
    } ]
  } ],
  "name" : "jp.co.vantiq.designpattern.Observer",
  "partitionedType" : "jp.co.vantiq.designpattern.Observer_Partitioned",
  "scheduledProcedures" : { }
}