{
  "active" : true,
  "appType" : true,
  "ars_properties" : {
    "dataVersion" : 5,
    "graph" : {
      "coordinates" : {
        "120548cc-f4c2-4f02-8c76-b720cc241307" : {
          "x" : 0,
          "y" : 0
        },
        "22ac8274-005a-4f90-bb8a-5c044f9bd263" : {
          "x" : 0,
          "y" : 80
        },
        "32c890e2-725a-4733-b350-c89bbe745921" : {
          "x" : 195,
          "y" : 320
        },
        "54696c17-c635-496f-8c5a-bb5788e962e6" : {
          "x" : -195,
          "y" : 240
        },
        "73fac8f6-4c8a-4ea4-9280-0279b126af4b" : {
          "x" : 0,
          "y" : 160
        },
        "a0276d88-e716-4c6f-8238-8641de03bea7" : {
          "x" : -195,
          "y" : 320
        },
        "b4fa287d-c639-4727-81b9-d71ac6062955" : {
          "x" : 195,
          "y" : 240
        },
        "c1ab0e85-b88c-4305-bb6a-c2c569354797" : {
          "x" : 0,
          "y" : 320
        },
        "f63c3d6e-7ee6-4272-9199-42dc41cdacb1" : {
          "x" : 0,
          "y" : 240
        }
      },
      "lastZoomRequest" : 0,
      "scale" : 1.0222306099432736,
      "translate" : [ 405.52867971842926, 104.94309753470083 ]
    },
    "groupSettings" : {
      "appGroupOpenHash" : {
        "flowControl" : true,
        "modifiers" : true
      },
      "ctGroupOpenHash" : {
        "actions" : true,
        "mobile" : true
      },
      "ctServiceOpen" : false,
      "serviceGroupOpenHash" : { }
    }
  },
  "ars_relationships" : [ ],
  "assembly" : {
    "AttachCondition" : {
      "configuration" : {
        "associatedType" : "sorting_condition",
        "childStreams" : [ "Transform" ],
        "foreignKeys" : {
          "code" : {
            "expression" : "event.code",
            "type" : "expression"
          }
        },
        "outboundResource" : null,
        "outboundResourceConfig" : null,
        "outboundResourceId" : null,
        "parentStreams" : [ "ReceiveBoxInfo" ],
        "upsert" : false
      },
      "downstreamReferences" : { },
      "name" : "AttachCondition",
      "pattern" : "Enrich",
      "patternVersion" : 4,
      "uuid" : "22ac8274-005a-4f90-bb8a-5c044f9bd263"
    },
    "ExtractToKanagawa" : {
      "configuration" : {
        "childStreams" : [ "LogToKanagawa" ],
        "condition" : "event.center_id == 2",
        "imports" : null,
        "outboundResource" : null,
        "outboundResourceConfig" : null,
        "outboundResourceId" : null,
        "parentStreams" : [ "Transform" ],
        "upsert" : false
      },
      "downstreamReferences" : { },
      "name" : "ExtractToKanagawa",
      "pattern" : "Filter",
      "patternVersion" : 4,
      "uuid" : "54696c17-c635-496f-8c5a-bb5788e962e6"
    },
    "ExtractToSaitama" : {
      "configuration" : {
        "childStreams" : [ "LogToSaitama" ],
        "condition" : "event.center_id == 3",
        "imports" : null,
        "outboundResource" : null,
        "outboundResourceConfig" : null,
        "outboundResourceId" : null,
        "parentStreams" : [ "Transform" ],
        "upsert" : false
      },
      "downstreamReferences" : { },
      "name" : "ExtractToSaitama",
      "pattern" : "Filter",
      "patternVersion" : 4,
      "uuid" : "f63c3d6e-7ee6-4272-9199-42dc41cdacb1"
    },
    "ExtractToTokyo" : {
      "configuration" : {
        "childStreams" : [ "LogToTokyo" ],
        "condition" : "event.center_id == 1",
        "imports" : null,
        "outboundResource" : null,
        "outboundResourceConfig" : null,
        "outboundResourceId" : null,
        "parentStreams" : [ "Transform" ],
        "upsert" : false
      },
      "downstreamReferences" : { },
      "name" : "ExtractToTokyo",
      "pattern" : "Filter",
      "patternVersion" : 4,
      "uuid" : "b4fa287d-c639-4727-81b9-d71ac6062955"
    },
    "LogToKanagawa" : {
      "configuration" : {
        "level" : "info",
        "parentStreams" : [ "ExtractToKanagawa" ]
      },
      "downstreamReferences" : { },
      "name" : "LogToKanagawa",
      "pattern" : "LogStream",
      "patternVersion" : 1,
      "uuid" : "a0276d88-e716-4c6f-8238-8641de03bea7"
    },
    "LogToSaitama" : {
      "configuration" : {
        "level" : "info",
        "parentStreams" : [ "ExtractToSaitama" ]
      },
      "downstreamReferences" : { },
      "name" : "LogToSaitama",
      "pattern" : "LogStream",
      "patternVersion" : 1,
      "uuid" : "c1ab0e85-b88c-4305-bb6a-c2c569354797"
    },
    "LogToTokyo" : {
      "configuration" : {
        "level" : "info",
        "parentStreams" : [ "ExtractToTokyo" ]
      },
      "downstreamReferences" : { },
      "name" : "LogToTokyo",
      "pattern" : "LogStream",
      "patternVersion" : 1,
      "uuid" : "32c890e2-725a-4733-b350-c89bbe745921"
    },
    "ReceiveBoxInfo" : {
      "configuration" : {
        "childStreams" : [ "AttachCondition" ],
        "condition" : "",
        "eventTypeName" : null,
        "inboundResource" : "topics",
        "inboundResourceId" : "/BoxInfoApi",
        "op" : null,
        "outboundResource" : null,
        "outboundResourceConfig" : null,
        "outboundResourceId" : null,
        "parentStreams" : [ ],
        "schema" : null,
        "upsert" : false
      },
      "downstreamReferences" : { },
      "name" : "ReceiveBoxInfo",
      "pattern" : "EventStream",
      "patternVersion" : 4,
      "uuid" : "120548cc-f4c2-4f02-8c76-b720cc241307"
    },
    "Transform" : {
      "configuration" : {
        "childStreams" : [ "ExtractToSaitama", "ExtractToKanagawa", "ExtractToTokyo" ],
        "imports" : null,
        "outboundResource" : null,
        "outboundResourceConfig" : null,
        "outboundResourceId" : null,
        "parentStreams" : [ "AttachCondition" ],
        "schema" : null,
        "transformInPlace" : false,
        "transformation" : {
          "center_id" : {
            "expression" : "event.sorting_condition.center_id",
            "type" : "expression"
          },
          "center_name" : {
            "expression" : "event.sorting_condition.center_name",
            "type" : "expression"
          },
          "code" : {
            "expression" : "event.code",
            "type" : "expression"
          },
          "name" : {
            "expression" : "event.name",
            "type" : "expression"
          }
        },
        "upsert" : false
      },
      "downstreamReferences" : { },
      "name" : "Transform",
      "pattern" : "Transformation",
      "patternVersion" : 4,
      "uuid" : "73fac8f6-4c8a-4ea4-9280-0279b126af4b"
    }
  },
  "collaboratorRoles" : [ ],
  "contextualizedAssembly" : { },
  "disableBadging" : false,
  "entityRoles" : [ ],
  "isComponent" : false,
  "isEventHandler" : false,
  "keyTypes" : [ "system.collaborations" ],
  "name" : "BoxSorter"
}