{
  "active" : true,
  "ars_relationships" : [ ],
  "description" : null,
  "eventTypes" : {
    "GetData" : {
      "direction" : "INBOUND",
      "eventSchema" : "jp.co.vantiq.common.fitbit.webapi.FitbitApps.GetData",
      "implementingResource" : "/collaborationtypes/jp.co.vantiq.common.fitbit.webapi.FitbitApps.GetData/EventStream",
      "isReliable" : false
    }
  },
  "globalType" : "jp.co.vantiq.common.fitbit.webapi.FitbitApps.GlobalState",
  "interface" : [ {
    "name" : "StreamBind",
    "parameters" : [ {
      "description" : null,
      "multi" : false,
      "name" : "state",
      "required" : false,
      "type" : null
    }, {
      "description" : null,
      "multi" : false,
      "name" : "event",
      "required" : false,
      "type" : null
    } ]
  } ],
  "internalEventHandlers" : [ ],
  "name" : "jp.co.vantiq.common.fitbit.webapi.FitbitApps",
  "partitionedType" : null,
  "replicationFactor" : 1,
  "scheduledProcedures" : { }
}