{
  "active" : true,
  "ars_properties" : {
    "isHidden" : false
  },
  "ars_relationships" : [ ],
  "description" : null,
  "eventTypes" : { },
  "globalType" : null,
  "interface" : [ {
    "description" : "*\n * Access-Tokenの取得、有効性の確認、更新を行い、最新のAccess-Tokenを返します。\n * スコープも引数に渡した場合は、スコープの妥当性チェックも行います。\n * @param {String} userId - FitbitのユーザーID\n * @param {String} scope - Fitbit API で利用するスコープ\n * @return {String} - 最新のAccess-Token",
    "name" : "CheckAccessToken",
    "parameters" : [ {
      "description" : null,
      "multi" : false,
      "name" : "userId",
      "required" : true,
      "type" : null
    }, {
      "description" : null,
      "multi" : false,
      "name" : "scope",
      "required" : false,
      "type" : null
    } ],
    "returnType" : {
      "multi" : false,
      "type" : "String"
    }
  }, {
    "description" : "*\n * ユーザーがFitbitと連携するためのURLを発行します。\n * @param {String} user - VANTIQ登録用のユーザー名\n * @return {String} - Fitbit連携用のURL",
    "name" : "GenerateFitbitSigninUrl",
    "parameters" : [ {
      "description" : null,
      "multi" : false,
      "name" : "user",
      "required" : true,
      "type" : "String"
    }, {
      "description" : null,
      "multi" : false,
      "name" : "pass",
      "required" : true,
      "type" : "String"
    } ],
    "returnType" : {
      "multi" : false,
      "type" : "String"
    }
  }, {
    "description" : "*\n * OAuth PKCE 認証で取得した認証コードを利用して、初回アクセストークンを取得します。\n * @param {String} user - VANTIQ登録用のユーザー名\n * @param {String} code - PKCE認証で取得した認証コード\n * @return {String} - ???",
    "name" : "GetAccessToken",
    "parameters" : [ {
      "description" : null,
      "multi" : false,
      "name" : "user",
      "required" : true,
      "type" : "String"
    }, {
      "description" : null,
      "multi" : false,
      "name" : "pass",
      "required" : true,
      "type" : "String"
    }, {
      "description" : null,
      "multi" : false,
      "name" : "code",
      "required" : true,
      "type" : "String"
    } ]
  }, {
    "description" : "*\n * Refresh-Token を利用して、有効期限が切れた Access-Token を更新します。 \n * @param {String} userId - User ID\n * @return {String} - 更新後の Access-Token",
    "name" : "GetRefreshToken",
    "parameters" : [ {
      "description" : null,
      "multi" : false,
      "name" : "userId",
      "required" : true,
      "type" : "String"
    } ],
    "returnType" : {
      "multi" : false,
      "type" : "String"
    }
  }, {
    "description" : "*\n * Access-Token のアクティブ状態を取得します。 \n * @param {String} token - 調べたい Access-Token\n * @return {Object} - トークンの詳細情報を返します。",
    "name" : "GetTokenIntrospect",
    "parameters" : [ {
      "description" : null,
      "multi" : false,
      "name" : "token",
      "required" : true,
      "type" : "String"
    } ],
    "returnType" : {
      "multi" : false,
      "type" : "Object"
    }
  }, {
    "description" : "*\n * Fitbit連携用のHTMLをプロジェクトのドキュメントにアップロードします。\n * @return {String} - Fitbit連携用のURLの配列",
    "name" : "HtmlUploader",
    "parameters" : [ ],
    "returnType" : {
      "multi" : true,
      "type" : "String"
    }
  } ],
  "internalEventHandlers" : [ ],
  "name" : "jp.co.vantiq.common.fitbit.webapi.FitbitOAuth",
  "partitionedType" : null,
  "replicationFactor" : 1,
  "scheduledProcedures" : { }
}