{
  "ars_relationships" : [ ],
  "links" : [ {
    "source" : "procedure/jp.co.vantiq.designpattern.InMemoryMaster.updateMaster",
    "target" : "procedure/jp.co.vantiq.designpattern.InMemoryMaster.updateStates"
  }, {
    "source" : "procedure/jp.co.vantiq.designpattern.InMemoryMaster.updateMaster",
    "target" : "procedure/jp.co.vantiq.designpattern.InMemoryMaster.updateStats"
  }, {
    "source" : "procedure/jp.co.vantiq.designpattern.InMemoryMaster.updateMaster",
    "target" : "source/jp.co.vantiq.designpattern.CovidStats"
  }, {
    "source" : "procedure/jp.co.vantiq.designpattern.InMemoryMaster.updateMaster",
    "target" : "services/jp.co.vantiq.designpattern.InMemoryMaster"
  }, {
    "source" : "services/jp.co.vantiq.designpattern.InMemoryMaster",
    "target" : "procedure/jp.co.vantiq.designpattern.InMemoryMaster.updateMaster"
  }, {
    "source" : "services/jp.co.vantiq.designpattern.InMemoryMaster",
    "target" : "procedure/jp.co.vantiq.designpattern.InMemoryMaster.updateStats"
  }, {
    "source" : "services/jp.co.vantiq.designpattern.InMemoryMaster",
    "target" : "procedure/jp.co.vantiq.designpattern.InMemoryMaster.updateStates"
  }, {
    "source" : "services/jp.co.vantiq.designpattern.InMemoryMaster",
    "target" : "procedure/jp.co.vantiq.designpattern.InMemoryMaster.purgePartitionedState"
  }, {
    "source" : "services/jp.co.vantiq.designpattern.InMemoryMaster",
    "target" : "procedure/jp.co.vantiq.designpattern.InMemoryMaster.purgeGlobalState"
  }, {
    "source" : "services/jp.co.vantiq.designpattern.InMemoryMaster",
    "target" : "type/jp.co.vantiq.designpattern.InMemoryMaster_Partitioned"
  }, {
    "source" : "services/jp.co.vantiq.designpattern.InMemoryMaster",
    "target" : "type/jp.co.vantiq.designpattern.InMemoryMaster_Global"
  }, {
    "source" : "services/jp.co.vantiq.designpattern.InMemoryMaster",
    "target" : "document/jp.co.vantiq.designpattern.InMemoryMaster.js"
  }, {
    "source" : "procedure/jp.co.vantiq.designpattern.InMemoryMaster.purgeGlobalState",
    "target" : "services/jp.co.vantiq.designpattern.InMemoryMaster"
  }, {
    "source" : "procedure/jp.co.vantiq.designpattern.InMemoryMaster.updateStates",
    "target" : "services/jp.co.vantiq.designpattern.InMemoryMaster"
  }, {
    "source" : "procedure/jp.co.vantiq.designpattern.InMemoryMaster.updateStats",
    "target" : "services/jp.co.vantiq.designpattern.InMemoryMaster"
  }, {
    "source" : "procedure/jp.co.vantiq.designpattern.InMemoryMaster.purgePartitionedState",
    "target" : "services/jp.co.vantiq.designpattern.InMemoryMaster"
  }, {
    "source" : "services/jp.co.vantiq.designpattern.InMemoryMaster",
    "target" : "procedure/jp.co.vantiq.designpattern.InMemoryMaster.getPartitionedState"
  }, {
    "source" : "services/jp.co.vantiq.designpattern.InMemoryMaster",
    "target" : "procedure/jp.co.vantiq.designpattern.InMemoryMaster.getGlobalStates"
  }, {
    "source" : "procedure/jp.co.vantiq.designpattern.InMemoryMaster.getPartitionedState",
    "target" : "services/jp.co.vantiq.designpattern.InMemoryMaster"
  }, {
    "source" : "procedure/jp.co.vantiq.designpattern.InMemoryMaster.getGlobalStates",
    "target" : "services/jp.co.vantiq.designpattern.InMemoryMaster"
  } ],
  "name" : "InMemoryMaster",
  "options" : {
    "description" : "",
    "dockCollapsed" : {
      "bottom" : true,
      "left" : false,
      "right" : false,
      "top" : false,
      "viewtabs" : false
    },
    "dockDimensions" : {
      "bottom" : 200,
      "debug" : [ 874.25, 875.75 ],
      "left" : 210,
      "right" : 220,
      "top" : 0,
      "viewtabs" : 0
    },
    "dockSort" : 1,
    "filterBitArray" : "ffffffffffffffffffffffffffffffff",
    "isModeloProject" : true,
    "layoutStyle" : "tile",
    "openFolders" : [ "jp.co.vantiq.designpattern", "jp.co.vantiq.designpattern/services", "jp.co.vantiq.designpattern/source", "jp.co.vantiq.designpattern/type", "services/jp.co.vantiq.designpattern.InMemoryMaster" ],
    "rootViewFlavor" : 5,
    "showGrid" : true,
    "tileColumns" : 2,
    "tileRows" : 2,
    "type" : "dev",
    "v" : 5,
    "viewUUID" : "MAINVIEW"
  },
  "resources" : [ {
    "label" : "jp.co.vantiq.designpattern.CovidStats",
    "name" : "jp.co.vantiq.designpattern.CovidStats",
    "resourceReference" : "/sources/jp.co.vantiq.designpattern.CovidStats",
    "timestamp" : "2022-08-29T15:41:43.658Z",
    "type" : 4
  }, {
    "label" : "jp.co.vantiq.designpattern.InMemoryMaster",
    "name" : "jp.co.vantiq.designpattern.InMemoryMaster",
    "resourceReference" : "/system.services/jp.co.vantiq.designpattern.InMemoryMaster",
    "timestamp" : "2022-09-02T04:47:34.036Z",
    "type" : 63
  }, {
    "label" : "jp.co.vantiq.designpattern.InMemoryMaster.getGlobalStates",
    "name" : "jp.co.vantiq.designpattern.InMemoryMaster.getGlobalStates",
    "packageName" : "jp.co.vantiq.designpattern",
    "procedureName" : "getGlobalStates",
    "resourceReference" : "/procedures/jp.co.vantiq.designpattern.InMemoryMaster.getGlobalStates",
    "serviceName" : "InMemoryMaster",
    "timestamp" : "2022-09-02T04:47:26.053Z",
    "type" : 3
  }, {
    "label" : "jp.co.vantiq.designpattern.InMemoryMaster.getPartitionedState",
    "name" : "jp.co.vantiq.designpattern.InMemoryMaster.getPartitionedState",
    "packageName" : "jp.co.vantiq.designpattern",
    "procedureName" : "getPartitionedState",
    "resourceReference" : "/procedures/jp.co.vantiq.designpattern.InMemoryMaster.getPartitionedState",
    "serviceName" : "InMemoryMaster",
    "timestamp" : "2022-09-02T04:47:32.320Z",
    "type" : 3
  }, {
    "label" : "jp.co.vantiq.designpattern.InMemoryMaster.js",
    "name" : "jp.co.vantiq.designpattern.InMemoryMaster.js",
    "resourceReference" : "/documents/jp.co.vantiq.designpattern.InMemoryMaster.js",
    "timestamp" : "2022-09-02T04:47:34.156Z",
    "type" : 19
  }, {
    "label" : "jp.co.vantiq.designpattern.InMemoryMaster.purgeGlobalState",
    "name" : "jp.co.vantiq.designpattern.InMemoryMaster.purgeGlobalState",
    "packageName" : "jp.co.vantiq.designpattern",
    "procedureName" : "purgeGlobalState",
    "resourceReference" : "/procedures/jp.co.vantiq.designpattern.InMemoryMaster.purgeGlobalState",
    "serviceName" : "InMemoryMaster",
    "timestamp" : "2022-08-29T15:23:22.475Z",
    "type" : 3
  }, {
    "label" : "jp.co.vantiq.designpattern.InMemoryMaster.purgePartitionedState",
    "name" : "jp.co.vantiq.designpattern.InMemoryMaster.purgePartitionedState",
    "packageName" : "jp.co.vantiq.designpattern",
    "procedureName" : "purgePartitionedState",
    "resourceReference" : "/procedures/jp.co.vantiq.designpattern.InMemoryMaster.purgePartitionedState",
    "serviceName" : "InMemoryMaster",
    "timestamp" : "2022-08-29T15:41:18.158Z",
    "type" : 3
  }, {
    "label" : "jp.co.vantiq.designpattern.InMemoryMaster.updateMaster",
    "name" : "jp.co.vantiq.designpattern.InMemoryMaster.updateMaster",
    "packageName" : "jp.co.vantiq.designpattern",
    "procedureName" : "updateMaster",
    "resourceReference" : "/procedures/jp.co.vantiq.designpattern.InMemoryMaster.updateMaster",
    "serviceName" : "InMemoryMaster",
    "timestamp" : "2022-08-29T15:17:46.019Z",
    "type" : 3
  }, {
    "label" : "jp.co.vantiq.designpattern.InMemoryMaster.updateStates",
    "name" : "jp.co.vantiq.designpattern.InMemoryMaster.updateStates",
    "packageName" : "jp.co.vantiq.designpattern",
    "procedureName" : "updateStates",
    "resourceReference" : "/procedures/jp.co.vantiq.designpattern.InMemoryMaster.updateStates",
    "serviceName" : "InMemoryMaster",
    "timestamp" : "2022-08-29T14:42:45.452Z",
    "type" : 3
  }, {
    "label" : "jp.co.vantiq.designpattern.InMemoryMaster.updateStats",
    "name" : "jp.co.vantiq.designpattern.InMemoryMaster.updateStats",
    "packageName" : "jp.co.vantiq.designpattern",
    "procedureName" : "updateStats",
    "resourceReference" : "/procedures/jp.co.vantiq.designpattern.InMemoryMaster.updateStats",
    "serviceName" : "InMemoryMaster",
    "timestamp" : "2022-08-29T14:42:06.281Z",
    "type" : 3
  }, {
    "label" : "jp.co.vantiq.designpattern.InMemoryMaster_Global",
    "name" : "jp.co.vantiq.designpattern.InMemoryMaster_Global",
    "resourceReference" : "/types/jp.co.vantiq.designpattern.InMemoryMaster_Global",
    "timestamp" : "2022-08-29T13:39:24.195Z",
    "type" : 1
  }, {
    "label" : "jp.co.vantiq.designpattern.InMemoryMaster_Partitioned",
    "name" : "jp.co.vantiq.designpattern.InMemoryMaster_Partitioned",
    "resourceReference" : "/types/jp.co.vantiq.designpattern.InMemoryMaster_Partitioned",
    "timestamp" : "2022-08-29T14:43:24.241Z",
    "type" : 1
  } ],
  "tools" : [ {
    "isPinned" : false,
    "name" : "Compilation Errors",
    "pane" : {
      "c" : 1,
      "r" : 0
    },
    "state" : 2,
    "type" : 119
  }, {
    "isPinned" : false,
    "name" : "Errors",
    "type" : 13
  }, {
    "isPinned" : false,
    "name" : "Log メッセージ",
    "type" : 12
  }, {
    "isPinned" : false,
    "name" : "Project Contents",
    "type" : 2
  }, {
    "isPinned" : false,
    "name" : "jp.co.vantiq.designpattern.InMemoryMaster",
    "pane" : {
      "c" : 0,
      "r" : 0
    },
    "resourceKey" : "services/jp.co.vantiq.designpattern.InMemoryMaster",
    "state" : 2,
    "type" : 109
  }, {
    "isPinned" : false,
    "name" : "jp.co.vantiq.designpattern.InMemoryMaster.purgeGlobalState",
    "pane" : {
      "c" : 0,
      "r" : 1
    },
    "resourceKey" : "procedure/jp.co.vantiq.designpattern.InMemoryMaster.purgeGlobalState",
    "state" : 2,
    "type" : 24
  }, {
    "isPinned" : false,
    "name" : "jp.co.vantiq.designpattern.InMemoryMaster.purgePartitionedState",
    "pane" : {
      "c" : 1,
      "r" : 1
    },
    "resourceKey" : "procedure/jp.co.vantiq.designpattern.InMemoryMaster.purgePartitionedState",
    "state" : 2,
    "type" : 24
  }, {
    "dockLocation" : "top",
    "isPinned" : false,
    "name" : "非アクティブ ペイン",
    "type" : 99
  } ],
  "type" : "dev",
  "views" : [ {
    "name" : "Project Contents",
    "projectToolKeys" : [ "compilationErrors/Compilation Errors", "errorviewer/Errors", "logviewer/Log メッセージ", "list/Project Contents", "services/jp.co.vantiq.designpattern.InMemoryMaster", "cmeditorprocedure/jp.co.vantiq.designpattern.InMemoryMaster.purgeGlobalState", "cmeditorprocedure/jp.co.vantiq.designpattern.InMemoryMaster.purgePartitionedState", "tiledock/非アクティブ ペイン" ]
  } ]
}