{
  "ars_relationships" : [ ],
  "links" : [ {
    "source" : "procedure/jp.co.vantiq.designpattern.LoopWhileBatch.someProcess",
    "target" : "services/jp.co.vantiq.designpattern.LoopWhileBatch"
  }, {
    "source" : "services/jp.co.vantiq.designpattern.LoopWhileBatch",
    "target" : "procedure/jp.co.vantiq.designpattern.LoopWhileBatch.someProcess"
  }, {
    "source" : "app/jp.co.vantiq.designpattern.LoopWhileBatch_initiate_EventHandler",
    "target" : "procedure/jp.co.vantiq.designpattern.LoopWhileBatch.getBatchList"
  }, {
    "source" : "app/jp.co.vantiq.designpattern.LoopWhileBatch_initiate_EventHandler",
    "target" : "procedure/jp.co.vantiq.designpattern.LoopWhileBatch.LoopWhileBatch_initiate_EventHandler_LoopWhileStateUpdate"
  }, {
    "source" : "app/jp.co.vantiq.designpattern.LoopWhileBatch_initiate_EventHandler",
    "target" : "procedure/jp.co.vantiq.designpattern.LoopWhileBatch.someProcess"
  }, {
    "source" : "app/jp.co.vantiq.designpattern.LoopWhileBatch_initiate_EventHandler",
    "target" : "procedure/jp.co.vantiq.designpattern.LoopWhileBatch.LoopWhileBatch_initiate_EventHandler_LoopWhileStateGet"
  }, {
    "source" : "app/jp.co.vantiq.designpattern.LoopWhileBatch_initiate_EventHandler",
    "target" : "procedure/jp.co.vantiq.designpattern.LoopWhileBatch.saveBatchStatus"
  }, {
    "source" : "app/jp.co.vantiq.designpattern.LoopWhileBatch_initiate_EventHandler",
    "target" : "procedure/jp.co.vantiq.designpattern.LoopWhileBatch.saveBatchList"
  }, {
    "source" : "app/jp.co.vantiq.designpattern.LoopWhileBatch_initiate_EventHandler",
    "target" : "services/jp.co.vantiq.designpattern.LoopWhileBatch"
  }, {
    "source" : "app/jp.co.vantiq.designpattern.LoopWhileBatch_initiate_EventHandler",
    "target" : "topic//jp.co.vantiq.designpattern.LoopWhileBatch/notifyComplete/outbound"
  }, {
    "source" : "topic//jp.co.vantiq.designpattern.LoopWhileBatch/initiate/handler/inbound",
    "target" : "app/jp.co.vantiq.designpattern.LoopWhileBatch_initiate_EventHandler"
  }, {
    "source" : "services/jp.co.vantiq.designpattern.LoopWhileBatch",
    "target" : "procedure/jp.co.vantiq.designpattern.LoopWhileBatch.getBatchList"
  }, {
    "source" : "services/jp.co.vantiq.designpattern.LoopWhileBatch",
    "target" : "procedure/jp.co.vantiq.designpattern.LoopWhileBatch.LoopWhileBatch_initiate_EventHandler_LoopWhileStateReset"
  }, {
    "source" : "services/jp.co.vantiq.designpattern.LoopWhileBatch",
    "target" : "procedure/jp.co.vantiq.designpattern.LoopWhileBatch.LoopWhileBatch_initiate_EventHandler_LoopWhileStateUpdate"
  }, {
    "source" : "services/jp.co.vantiq.designpattern.LoopWhileBatch",
    "target" : "procedure/jp.co.vantiq.designpattern.LoopWhileBatch.saveBatchList"
  }, {
    "source" : "services/jp.co.vantiq.designpattern.LoopWhileBatch",
    "target" : "procedure/jp.co.vantiq.designpattern.LoopWhileBatch.saveBatchStatus"
  }, {
    "source" : "services/jp.co.vantiq.designpattern.LoopWhileBatch",
    "target" : "procedure/jp.co.vantiq.designpattern.LoopWhileBatch.LoopWhileBatch_initiate_EventHandler_LoopWhileStateGet"
  }, {
    "source" : "topic//jp.co.vantiq.designpattern.LoopWhileBatch/notifyComplete/outbound",
    "target" : "services/jp.co.vantiq.designpattern.LoopWhileBatch"
  }, {
    "source" : "services/jp.co.vantiq.designpattern.LoopWhileBatch",
    "target" : "type/jp.co.vantiq.designpattern.LoopWhileBatch.PartitionedAppState"
  }, {
    "source" : "services/jp.co.vantiq.designpattern.LoopWhileBatch",
    "target" : "document/jp.co.vantiq.designpattern.LoopWhileBatch.js"
  }, {
    "source" : "procedure/jp.co.vantiq.designpattern.LoopWhileBatch.LoopWhileBatch_initiate_EventHandler_LoopWhileStateReset",
    "target" : "services/jp.co.vantiq.designpattern.LoopWhileBatch"
  }, {
    "source" : "procedure/jp.co.vantiq.designpattern.LoopWhileBatch.saveBatchList",
    "target" : "services/jp.co.vantiq.designpattern.LoopWhileBatch"
  }, {
    "source" : "procedure/jp.co.vantiq.designpattern.LoopWhileBatch.saveBatchList",
    "target" : "type/jp.co.vantiq.designpattern.BatchExecutionStatus"
  }, {
    "source" : "procedure/jp.co.vantiq.designpattern.LoopWhileBatch.LoopWhileBatch_initiate_EventHandler_LoopWhileStateUpdate",
    "target" : "services/jp.co.vantiq.designpattern.LoopWhileBatch"
  }, {
    "source" : "procedure/jp.co.vantiq.designpattern.LoopWhileBatch.LoopWhileBatch_initiate_EventHandler_LoopWhileStateGet",
    "target" : "services/jp.co.vantiq.designpattern.LoopWhileBatch"
  }, {
    "source" : "procedure/jp.co.vantiq.designpattern.LoopWhileBatch.getBatchList",
    "target" : "services/jp.co.vantiq.designpattern.LoopWhileBatch"
  }, {
    "source" : "procedure/jp.co.vantiq.designpattern.LoopWhileBatch.saveBatchStatus",
    "target" : "services/jp.co.vantiq.designpattern.LoopWhileBatch"
  }, {
    "source" : "procedure/jp.co.vantiq.designpattern.LoopWhileBatch.saveBatchStatus",
    "target" : "type/jp.co.vantiq.designpattern.BatchExecutionStatus"
  } ],
  "name" : "LoopWhileBatch",
  "options" : {
    "description" : "## LoopWhile Batch Pattern\n\nExecute the list of small batches sequentially and record the status after each execution.\n\n### How to start\n\nOpen Service: jp.co.vantiq.designpattern.LoopWhileBatch, go to Interface Tab, select Inbound -> initiate, and publish an empty json '{}'.",
    "dockCollapsed" : {
      "bottom" : false,
      "left" : false,
      "right" : false,
      "top" : false,
      "viewtabs" : false
    },
    "dockDimensions" : {
      "bottom" : 200,
      "debug" : [ 0, 0, 0 ],
      "left" : 292,
      "right" : 220,
      "top" : 0,
      "viewtabs" : 0
    },
    "dockSort" : 1,
    "filterBitArray" : "ffffffffffffffffffffffffffffffff",
    "isModeloProject" : true,
    "layoutStyle" : "tile",
    "openFolders" : [ "services/jp.co.vantiq.designpattern.LoopWhileBatch" ],
    "rootViewFlavor" : 5,
    "showGrid" : true,
    "tileColumns" : 2,
    "tileRows" : 2,
    "type" : "dev",
    "v" : 5,
    "viewUUID" : "MAINVIEW"
  },
  "resources" : [ {
    "label" : "/jp.co.vantiq.designpattern.LoopWhileBatch/initiate/handler/inbound",
    "name" : "/jp.co.vantiq.designpattern.LoopWhileBatch/initiate/handler/inbound",
    "resourceReference" : "/topics//jp.co.vantiq.designpattern.LoopWhileBatch/initiate/handler/inbound",
    "type" : 10
  }, {
    "label" : "/jp.co.vantiq.designpattern.LoopWhileBatch/notifyComplete/outbound",
    "name" : "/jp.co.vantiq.designpattern.LoopWhileBatch/notifyComplete/outbound",
    "resourceReference" : "/topics//jp.co.vantiq.designpattern.LoopWhileBatch/notifyComplete/outbound",
    "type" : 10
  }, {
    "label" : "jp.co.vantiq.designpattern.BatchExecutionStatus",
    "name" : "jp.co.vantiq.designpattern.BatchExecutionStatus",
    "resourceReference" : "/types/jp.co.vantiq.designpattern.BatchExecutionStatus",
    "timestamp" : "2022-08-30T01:46:15.363Z",
    "type" : 1
  }, {
    "label" : "jp.co.vantiq.designpattern.LoopWhileBatch",
    "name" : "jp.co.vantiq.designpattern.LoopWhileBatch",
    "resourceReference" : "/system.services/jp.co.vantiq.designpattern.LoopWhileBatch",
    "timestamp" : "2022-08-30T02:30:17.144Z",
    "type" : 63
  }, {
    "label" : "jp.co.vantiq.designpattern.LoopWhileBatch.LoopWhileBatch_initiate_EventHandler_LoopWhileStateGet",
    "name" : "jp.co.vantiq.designpattern.LoopWhileBatch.LoopWhileBatch_initiate_EventHandler_LoopWhileStateGet",
    "packageName" : "jp.co.vantiq.designpattern",
    "procedureName" : "LoopWhileBatch_initiate_EventHandler_LoopWhileStateGet",
    "resourceReference" : "/procedures/jp.co.vantiq.designpattern.LoopWhileBatch.LoopWhileBatch_initiate_EventHandler_LoopWhileStateGet",
    "serviceName" : "LoopWhileBatch",
    "timestamp" : "2022-08-30T02:30:16.115Z",
    "type" : 3
  }, {
    "label" : "jp.co.vantiq.designpattern.LoopWhileBatch.LoopWhileBatch_initiate_EventHandler_LoopWhileStateReset",
    "name" : "jp.co.vantiq.designpattern.LoopWhileBatch.LoopWhileBatch_initiate_EventHandler_LoopWhileStateReset",
    "packageName" : "jp.co.vantiq.designpattern",
    "procedureName" : "LoopWhileBatch_initiate_EventHandler_LoopWhileStateReset",
    "resourceReference" : "/procedures/jp.co.vantiq.designpattern.LoopWhileBatch.LoopWhileBatch_initiate_EventHandler_LoopWhileStateReset",
    "serviceName" : "LoopWhileBatch",
    "timestamp" : "2022-08-30T02:30:17.031Z",
    "type" : 3
  }, {
    "label" : "jp.co.vantiq.designpattern.LoopWhileBatch.LoopWhileBatch_initiate_EventHandler_LoopWhileStateUpdate",
    "name" : "jp.co.vantiq.designpattern.LoopWhileBatch.LoopWhileBatch_initiate_EventHandler_LoopWhileStateUpdate",
    "packageName" : "jp.co.vantiq.designpattern",
    "procedureName" : "LoopWhileBatch_initiate_EventHandler_LoopWhileStateUpdate",
    "resourceReference" : "/procedures/jp.co.vantiq.designpattern.LoopWhileBatch.LoopWhileBatch_initiate_EventHandler_LoopWhileStateUpdate",
    "serviceName" : "LoopWhileBatch",
    "timestamp" : "2022-08-30T02:30:16.538Z",
    "type" : 3
  }, {
    "label" : "jp.co.vantiq.designpattern.LoopWhileBatch.PartitionedAppState",
    "name" : "jp.co.vantiq.designpattern.LoopWhileBatch.PartitionedAppState",
    "resourceReference" : "/types/jp.co.vantiq.designpattern.LoopWhileBatch.PartitionedAppState",
    "timestamp" : "2022-08-30T01:29:54.625Z",
    "type" : 1
  }, {
    "label" : "jp.co.vantiq.designpattern.LoopWhileBatch.getBatchList",
    "name" : "jp.co.vantiq.designpattern.LoopWhileBatch.getBatchList",
    "packageName" : "jp.co.vantiq.designpattern",
    "procedureName" : "getBatchList",
    "resourceReference" : "/procedures/jp.co.vantiq.designpattern.LoopWhileBatch.getBatchList",
    "serviceName" : "LoopWhileBatch",
    "timestamp" : "2022-08-30T01:14:28.878Z",
    "type" : 3
  }, {
    "label" : "jp.co.vantiq.designpattern.LoopWhileBatch.js",
    "name" : "jp.co.vantiq.designpattern.LoopWhileBatch.js",
    "resourceReference" : "/documents/jp.co.vantiq.designpattern.LoopWhileBatch.js",
    "timestamp" : "2022-08-30T02:30:17.434Z",
    "type" : 19
  }, {
    "label" : "jp.co.vantiq.designpattern.LoopWhileBatch.saveBatchList",
    "name" : "jp.co.vantiq.designpattern.LoopWhileBatch.saveBatchList",
    "packageName" : "jp.co.vantiq.designpattern",
    "procedureName" : "saveBatchList",
    "resourceReference" : "/procedures/jp.co.vantiq.designpattern.LoopWhileBatch.saveBatchList",
    "serviceName" : "LoopWhileBatch",
    "timestamp" : "2022-08-30T02:16:34.256Z",
    "type" : 3
  }, {
    "label" : "jp.co.vantiq.designpattern.LoopWhileBatch.saveBatchStatus",
    "name" : "jp.co.vantiq.designpattern.LoopWhileBatch.saveBatchStatus",
    "packageName" : "jp.co.vantiq.designpattern",
    "procedureName" : "saveBatchStatus",
    "resourceReference" : "/procedures/jp.co.vantiq.designpattern.LoopWhileBatch.saveBatchStatus",
    "serviceName" : "LoopWhileBatch",
    "timestamp" : "2022-08-30T02:04:47.146Z",
    "type" : 3
  }, {
    "label" : "jp.co.vantiq.designpattern.LoopWhileBatch.someProcess",
    "name" : "jp.co.vantiq.designpattern.LoopWhileBatch.someProcess",
    "packageName" : "jp.co.vantiq.designpattern",
    "procedureName" : "someProcess",
    "resourceReference" : "/procedures/jp.co.vantiq.designpattern.LoopWhileBatch.someProcess",
    "serviceName" : "LoopWhileBatch",
    "timestamp" : "2022-08-30T02:15:11.726Z",
    "type" : 3
  }, {
    "label" : "jp.co.vantiq.designpattern.LoopWhileBatch_initiate_EventHandler",
    "name" : "jp.co.vantiq.designpattern.LoopWhileBatch_initiate_EventHandler",
    "resourceReference" : "/collaborationtypes/jp.co.vantiq.designpattern.LoopWhileBatch_initiate_EventHandler",
    "timestamp" : "2022-08-30T02:30:14.618Z",
    "type" : 12
  } ],
  "tools" : [ {
    "isPinned" : false,
    "name" : "Errors",
    "type" : 13
  }, {
    "isPinned" : false,
    "name" : "Project Contents",
    "type" : 2
  }, {
    "isPinned" : false,
    "name" : "Project を説明",
    "pane" : {
      "c" : 0,
      "r" : 0
    },
    "state" : 2,
    "type" : 82
  }, {
    "isPinned" : false,
    "name" : "jp.co.vantiq.designpattern.BatchExecutionStatus",
    "pane" : {
      "c" : 1,
      "r" : 1
    },
    "resourceKey" : "type/jp.co.vantiq.designpattern.BatchExecutionStatus",
    "state" : 2,
    "type" : 6
  }, {
    "isPinned" : false,
    "name" : "jp.co.vantiq.designpattern.LoopWhileBatch",
    "pane" : {
      "c" : 1,
      "r" : 0
    },
    "resourceKey" : "services/jp.co.vantiq.designpattern.LoopWhileBatch",
    "state" : 2,
    "type" : 109
  }, {
    "isPinned" : false,
    "name" : "jp.co.vantiq.designpattern.LoopWhileBatch_initiate_EventHandler",
    "pane" : {
      "c" : 0,
      "r" : 1
    },
    "resourceKey" : "app/jp.co.vantiq.designpattern.LoopWhileBatch_initiate_EventHandler",
    "state" : 2,
    "toolOptions" : { },
    "type" : 15
  }, {
    "dockLocation" : "top",
    "isPinned" : false,
    "name" : "非アクティブ ペイン",
    "type" : 99
  } ],
  "type" : "dev",
  "views" : [ {
    "name" : "Project Contents",
    "projectToolKeys" : [ "errorviewer/Errors", "list/Project Contents", "projectdescription/Project を説明", "subtypeeditor/jp.co.vantiq.designpattern.BatchExecutionStatus", "services/jp.co.vantiq.designpattern.LoopWhileBatch", "app/jp.co.vantiq.designpattern.LoopWhileBatch_initiate_EventHandler", "tiledock/非アクティブ ペイン" ]
  } ]
}