{
  "active" : true,
  "appType" : true,
  "ars_properties" : {
    "dataVersion" : 5,
    "graph" : {
      "lastZoomRequest" : 0,
      "scale" : 1.1618652411031392,
      "translate" : [ 351.36796571034495, 198.8594855220537 ]
    },
    "groupSettings" : {
      "appGroupOpenHash" : {
        "actions" : true,
        "filters" : true,
        "flowControl" : true,
        "modifiers" : true
      },
      "ctGroupOpenHash" : {
        "actions" : true,
        "mobile" : true
      },
      "ctServiceOpen" : false,
      "serviceGroupOpenHash" : { }
    },
    "paletteWidth" : 170,
    "propertyWidth" : 280
  },
  "ars_relationships" : [ ],
  "assembly" : {
    "DetectChange" : {
      "configuration" : {
        "childStreams" : [ "PublishToTopic" ],
        "parameters" : {
          "event" : "event",
          "partitionKey" : "event.Date"
        },
        "parentStreams" : [ "InputStream" ],
        "procedure" : "jp.co.vantiq.designpattern.Observer.detectChange",
        "returnBehavior" : "Use Return Value as Outbound event"
      },
      "pattern" : "Procedure",
      "patternVersion" : 1,
      "uuid" : "cf07fc99-fbc8-4f1b-88d7-7becc94d7fc3"
    },
    "InputStream" : {
      "configuration" : {
        "childStreams" : [ "DetectChange" ],
        "inboundResource" : "topics",
        "inboundResourceId" : "/jp.co.vantiq.designpattern.Observer/InputStream/handler/inbound",
        "parentStreams" : [ ]
      },
      "pattern" : "EventStream",
      "patternVersion" : 1,
      "uuid" : "4544d6b6-58a9-4905-93d6-6df50d023066"
    },
    "PublishToTopic" : {
      "configuration" : {
        "parentStreams" : [ "DetectChange" ],
        "topic" : "/jp.co.vantiq.designpattern.Observer/change_detected/outbound"
      },
      "pattern" : "PublishToTopic",
      "patternVersion" : 1,
      "uuid" : "e144dadf-d51d-4bc5-8c87-cdf82caa6887"
    }
  },
  "boundService" : "jp.co.vantiq.designpattern.Observer",
  "collaboratorRoles" : [ ],
  "disableBadging" : false,
  "entityRoles" : [ ],
  "isComponent" : false,
  "isEventHandler" : true,
  "keyTypes" : [ "system.collaborations" ],
  "name" : "jp.co.vantiq.designpattern.Observer_InputStream_EventHandler"
}