[ {
  "email" : "your-email-address",
  "guard_id" : "134678493_5",
  "lat" : 35.68810197718434,
  "location" : {
    "coordinates" : [ 139.76537547060732, 35.68810197718434 ],
    "type" : "Point"
  },
  "lon" : 139.76537547060732,
  "name" : "your-name-5",
  "updated_at" : "2022-03-29T09:33:42.205Z"
}, {
  "email" : "your-email-address",
  "guard_id" : "134678493_3",
  "lat" : 35.68856342119979,
  "location" : {
    "coordinates" : [ 139.76590218964748, 35.68856342119979 ],
    "type" : "Point"
  },
  "lon" : 139.76590218964748,
  "name" : "your-name-3",
  "updated_at" : "2022-03-29T09:33:42.107Z"
}, {
  "email" : "your-email-address",
  "guard_id" : "134678493_4",
  "lat" : 35.68801572106662,
  "location" : {
    "coordinates" : [ 139.76554140747703, 35.68801572106662 ],
    "type" : "Point"
  },
  "lon" : 139.76554140747703,
  "name" : "your-name-4",
  "updated_at" : "2022-03-29T09:33:46.107Z"
}, {
  "email" : "your-email-address",
  "guard_id" : "134678493_2",
  "lat" : 35.68890212509245,
  "location" : {
    "coordinates" : [ 139.76561479172474, 35.68890212509245 ],
    "type" : "Point"
  },
  "lon" : 139.76561479172474,
  "name" : "your-name-2",
  "updated_at" : "2022-03-29T09:33:43.107Z"
}, {
  "email" : "your-email-address",
  "guard_id" : "134678493_1",
  "lat" : 35.68857046075229,
  "location" : {
    "coordinates" : [ 139.7653488161428, 35.68857046075229 ],
    "type" : "Point"
  },
  "lon" : 139.7653488161428,
  "name" : "your-name-1",
  "updated_at" : "2022-03-29T09:33:43.205Z"
} ]