{
  "active" : true,
  "appType" : true,
  "ars_properties" : {
    "dataVersion" : 5,
    "graph" : {
      "coordinates" : {
        "0adf4cd2-cd67-47d4-8350-881bd878eba5" : {
          "x" : 87.44207620620728,
          "y" : 160
        },
        "5081a041-073b-432a-a49c-28d43a51adc5" : {
          "x" : 0,
          "y" : 80
        },
        "8fe09f34-b3c1-416e-8634-83ca5beca4fe" : {
          "x" : -66.56434488296509,
          "y" : 160
        },
        "d9a473a7-4a21-4d32-bf27-a03f70b838fa" : {
          "x" : 0,
          "y" : 0
        }
      },
      "lastZoomRequest" : 0,
      "scale" : 2.5079783724859337,
      "translate" : [ 569.0069667374235, 102.28885425697564 ]
    },
    "groupSettings" : {
      "appGroupOpenHash" : {
        "actions" : true,
        "filters" : true,
        "flowControl" : true,
        "modifiers" : true
      },
      "ctGroupOpenHash" : {
        "actions" : true,
        "mobile" : true
      },
      "ctServiceOpen" : false,
      "serviceGroupOpenHash" : { }
    },
    "isHidden" : false,
    "paletteWidth" : 170,
    "propertyWidth" : 280
  },
  "ars_relationships" : [ ],
  "assembly" : {
    "Initiate" : {
      "configuration" : {
        "childStreams" : [ "Transformation" ],
        "condition" : null,
        "eventTypeName" : null,
        "inboundResource" : "sources",
        "inboundResourceId" : "com.example.AzureBot",
        "op" : null,
        "outboundResource" : null,
        "outboundResourceConfig" : null,
        "outboundResourceId" : null,
        "parentStreams" : [ ],
        "schema" : null,
        "upsert" : false
      },
      "downstreamReferences" : { },
      "name" : "Initiate",
      "pattern" : "EventStream",
      "patternVersion" : 5,
      "uuid" : "d9a473a7-4a21-4d32-bf27-a03f70b838fa"
    },
    "Procedure" : {
      "configuration" : {
        "childStreams" : null,
        "imports" : null,
        "parameters" : {
          "event" : "event"
        },
        "parentStreams" : [ "Transformation" ],
        "partitionKey" : null,
        "procedure" : "com.example.AzureEmailService.sendMail",
        "redeliverOnError" : null,
        "returnBehavior" : "Use Return Value as Outbound event",
        "returnProperty" : null,
        "schema" : null
      },
      "downstreamReferences" : { },
      "name" : "Procedure",
      "pattern" : "Procedure",
      "patternVersion" : 5,
      "uuid" : "0adf4cd2-cd67-47d4-8350-881bd878eba5"
    },
    "PublishToSource" : {
      "configuration" : {
        "childStreams" : null,
        "parentStreams" : [ "Transformation" ],
        "redeliverOnError" : null,
        "retries" : null,
        "source" : "com.example.AzureBot",
        "sourceConfig" : null
      },
      "downstreamReferences" : { },
      "name" : "PublishToSource",
      "pattern" : "PublishToSource",
      "patternVersion" : 5,
      "uuid" : "8fe09f34-b3c1-416e-8634-83ca5beca4fe"
    },
    "Transformation" : {
      "configuration" : {
        "childStreams" : [ "Procedure", "PublishToSource" ],
        "imports" : null,
        "outboundResource" : null,
        "outboundResourceConfig" : null,
        "outboundResourceId" : null,
        "parentStreams" : [ "Initiate" ],
        "schema" : null,
        "transformInPlace" : true,
        "transformation" : {
          "text" : {
            "expression" : "\"これは自動応答テストメールです。\"",
            "type" : "expression"
          }
        },
        "upsert" : false
      },
      "downstreamReferences" : { },
      "name" : "Transformation",
      "pattern" : "Transformation",
      "patternVersion" : 5,
      "uuid" : "5081a041-073b-432a-a49c-28d43a51adc5"
    }
  },
  "contextualizedAssembly" : { },
  "disableBadging" : false,
  "isComponent" : false,
  "isEventHandler" : true,
  "keyTypes" : [ "collaborations" ],
  "name" : "com.example.AzureEmailService.EmailInbound"
}