{
  "ars_relationships" : [ ],
  "links" : [ {
    "source" : "topic//BoxInfoApi",
    "target" : "app/BoxSorter"
  }, {
    "source" : "app/BoxSorter",
    "target" : "services/apps.services.BoxSorter"
  }, {
    "source" : "services/apps.services.BoxSorter",
    "target" : "app/BoxSorter"
  }, {
    "source" : "eventstream/apps.BoxSorter.ReceiveBoxInfo",
    "target" : "topic//BoxInfoApi"
  }, {
    "source" : "services/apps.services.BoxSorter",
    "target" : "document/apps.services.BoxSorter.js"
  } ],
  "name" : "BoxSorter",
  "options" : {
    "description" : "",
    "dockCollapsed" : {
      "bottom" : false,
      "left" : false,
      "right" : false,
      "top" : false,
      "viewtabs" : false
    },
    "dockDimensions" : {
      "bottom" : 305,
      "debug" : [ 163, 1754 ],
      "left" : 267,
      "right" : 220,
      "top" : 0,
      "viewtabs" : 0
    },
    "dockSort" : 1,
    "exclusionList" : [ "app/BoxSorter_sample", "document/apps.services.BoxSorter.js", "procedure/publishTestEvent", "services/system.ActivityPattern", "services/system.Utils", "source/BoxInfoMqtt", "source/IncomingMqtt", "source/InflowMqtt", "source/SortingResultMqtt", "topic//apps.BoxSorter/debug", "type/apps.BoxSorter.PartitionedAppState", "type/sort_condition_sample" ],
    "filterBitArray" : "ffffffffffffffffffffffffffffffff",
    "isModeloProject" : true,
    "layoutStyle" : "tile",
    "openFolders" : [ "app", "apps.services", "apps.services/services", "topic", "type" ],
    "rootViewFlavor" : 5,
    "showGrid" : true,
    "tileColumns" : 2,
    "tileRows" : 1,
    "type" : "dev",
    "v" : 5,
    "viewUUID" : "MAINVIEW"
  },
  "partitions" : [ ],
  "resources" : [ {
    "label" : "/BoxInfoApi",
    "name" : "/BoxInfoApi",
    "resourceReference" : "/topics//BoxInfoApi",
    "type" : 10
  }, {
    "label" : "BoxSorter",
    "name" : "BoxSorter",
    "resourceReference" : "/collaborationtypes/BoxSorter",
    "timestamp" : "2023-11-17T07:44:36.561Z",
    "type" : 12
  }, {
    "label" : "apps.BoxSorter.ReceiveBoxInfo",
    "name" : "apps.BoxSorter.ReceiveBoxInfo",
    "resourceReference" : "/system.eventstreams/apps.BoxSorter.ReceiveBoxInfo",
    "timestamp" : "2023-11-17T07:45:10.038Z",
    "type" : 14
  }, {
    "label" : "apps.services.BoxSorter",
    "name" : "apps.services.BoxSorter",
    "resourceReference" : "/system.services/apps.services.BoxSorter",
    "timestamp" : "2023-11-17T07:44:36.720Z",
    "type" : 63
  }, {
    "name" : "apps.services.BoxSorter.js",
    "resourceReference" : "/documents/apps.services.BoxSorter.js",
    "timestamp" : "2023-11-17T07:44:36.216Z",
    "type" : 19
  }, {
    "label" : "sorting_condition",
    "name" : "sorting_condition",
    "resourceReference" : "/types/sorting_condition",
    "timestamp" : "2023-11-17T07:45:09.196Z",
    "type" : 1
  } ],
  "tools" : [ {
    "isPinned" : false,
    "name" : "BoxSorter",
    "pane" : {
      "c" : 0,
      "r" : 0
    },
    "resourceKey" : "app/BoxSorter",
    "state" : 2,
    "toolOptions" : { },
    "type" : 15
  }, {
    "isPinned" : false,
    "name" : "Errors",
    "type" : 13
  }, {
    "isPinned" : false,
    "name" : "Log メッセージ",
    "type" : 12
  }, {
    "isPinned" : false,
    "name" : "Project Contents",
    "type" : 2
  }, {
    "dockLocation" : "top",
    "isPinned" : false,
    "name" : "非アクティブ ペイン",
    "type" : 99
  } ],
  "type" : "dev",
  "views" : [ {
    "name" : "Project Contents",
    "projectToolKeys" : [ "app/BoxSorter", "errorviewer/Errors", "logviewer/Log メッセージ", "list/Project Contents", "tiledock/非アクティブ ペイン" ]
  } ]
}