{
  "active" : true,
  "ars_properties" : {
    "dataVersion" : 5,
    "graph" : {
      "coordinates" : {
        "13a1ed2c-700e-4ca6-8d09-f7b356c8d457" : {
          "x" : 0,
          "y" : 160
        },
        "46ae7f90-f494-4adc-8f2d-6e254164c227" : {
          "x" : 0,
          "y" : 80
        },
        "48dd5669-d87d-4da8-8f6f-536634091056" : {
          "x" : 175.73369598388672,
          "y" : 320
        },
        "4e2999e4-b705-4019-951c-40049e0858fb" : {
          "x" : -182.74852752685547,
          "y" : 240
        },
        "6118d62c-64aa-4aa0-ad18-66bc85f54d1e" : {
          "x" : -182.74852752685547,
          "y" : 320
        },
        "95b86fa4-b300-47b0-8658-7b00ce884995" : {
          "x" : -4.676554361979171,
          "y" : 320
        },
        "b7d3b647-a8b4-4efd-8d90-2c32a57a101e" : {
          "x" : -7.01483154296875,
          "y" : 240
        },
        "bebf6cc9-1729-4b4a-a5e9-44f34a5e1399" : {
          "x" : 0,
          "y" : 0
        },
        "d47613ca-abf4-48ff-8452-10fb552a137e" : {
          "x" : 175.73369598388672,
          "y" : 240
        }
      },
      "lastZoomRequest" : 0,
      "scale" : 1.4890328263673576,
      "translate" : [ 418.0657296360122, 60.249248901534855 ]
    },
    "groupSettings" : {
      "appGroupOpenHash" : {
        "actions" : true,
        "filters" : true,
        "flowControl" : true,
        "modifiers" : true
      },
      "ctGroupOpenHash" : {
        "actions" : true,
        "mobile" : true
      },
      "ctServiceOpen" : false,
      "serviceGroupOpenHash" : { }
    },
    "paletteWidth" : 170,
    "propertyWidth" : 280
  },
  "ars_relationships" : [ ],
  "assembly" : {
    "Enrich" : {
      "configuration" : {
        "associatedType" : "com.example.sorting_condition",
        "childStreams" : [ "Transformation" ],
        "foreignKeys" : {
          "code" : {
            "expression" : "event.code",
            "type" : "expression"
          }
        },
        "outboundResource" : null,
        "outboundResourceConfig" : null,
        "outboundResourceId" : null,
        "parentStreams" : [ "EventStream" ],
        "upsert" : false
      },
      "downstreamReferences" : { },
      "name" : "Enrich",
      "pattern" : "Enrich",
      "patternVersion" : 5,
      "uuid" : "46ae7f90-f494-4adc-8f2d-6e254164c227"
    },
    "EventStream" : {
      "configuration" : {
        "childStreams" : [ "Enrich" ],
        "eventTypeName" : "ReceiveBoxInfo",
        "inboundResource" : "services",
        "inboundResourceId" : "com.example.BoxSorter",
        "parentStreams" : [ ]
      },
      "downstreamReferences" : { },
      "name" : "EventStream",
      "pattern" : "EventStream",
      "patternVersion" : 5,
      "uuid" : "bebf6cc9-1729-4b4a-a5e9-44f34a5e1399"
    },
    "ExtractToKanagawa" : {
      "configuration" : {
        "childStreams" : [ "LogToKanagawa" ],
        "condition" : "event.center_id == 2",
        "imports" : null,
        "outboundResource" : null,
        "outboundResourceConfig" : null,
        "outboundResourceId" : null,
        "parentStreams" : [ "Transformation" ],
        "upsert" : false
      },
      "downstreamReferences" : { },
      "name" : "ExtractToKanagawa",
      "pattern" : "Filter",
      "patternVersion" : 5,
      "uuid" : "b7d3b647-a8b4-4efd-8d90-2c32a57a101e"
    },
    "ExtractToSaitama" : {
      "configuration" : {
        "childStreams" : [ "LogToSaitama" ],
        "condition" : "event.center_id == 3",
        "imports" : null,
        "outboundResource" : null,
        "outboundResourceConfig" : null,
        "outboundResourceId" : null,
        "parentStreams" : [ "Transformation" ],
        "upsert" : false
      },
      "downstreamReferences" : { },
      "name" : "ExtractToSaitama",
      "pattern" : "Filter",
      "patternVersion" : 5,
      "uuid" : "d47613ca-abf4-48ff-8452-10fb552a137e"
    },
    "ExtractToTokyo" : {
      "configuration" : {
        "childStreams" : [ "LogToTokyo" ],
        "condition" : "event.center_id == 1",
        "imports" : null,
        "outboundResource" : null,
        "outboundResourceConfig" : null,
        "outboundResourceId" : null,
        "parentStreams" : [ "Transformation" ],
        "upsert" : false
      },
      "downstreamReferences" : { },
      "name" : "ExtractToTokyo",
      "pattern" : "Filter",
      "patternVersion" : 5,
      "uuid" : "4e2999e4-b705-4019-951c-40049e0858fb"
    },
    "LogToKanagawa" : {
      "configuration" : {
        "level" : null,
        "parentStreams" : [ "ExtractToKanagawa" ]
      },
      "downstreamReferences" : { },
      "name" : "LogToKanagawa",
      "pattern" : "LogStream",
      "patternVersion" : 2,
      "uuid" : "95b86fa4-b300-47b0-8658-7b00ce884995"
    },
    "LogToSaitama" : {
      "configuration" : {
        "level" : null,
        "parentStreams" : [ "ExtractToSaitama" ]
      },
      "downstreamReferences" : { },
      "name" : "LogToSaitama",
      "pattern" : "LogStream",
      "patternVersion" : 2,
      "uuid" : "48dd5669-d87d-4da8-8f6f-536634091056"
    },
    "LogToTokyo" : {
      "configuration" : {
        "level" : null,
        "parentStreams" : [ "ExtractToTokyo" ]
      },
      "downstreamReferences" : { },
      "name" : "LogToTokyo",
      "pattern" : "LogStream",
      "patternVersion" : 2,
      "uuid" : "6118d62c-64aa-4aa0-ad18-66bc85f54d1e"
    },
    "Transformation" : {
      "configuration" : {
        "childStreams" : [ "ExtractToTokyo", "ExtractToKanagawa", "ExtractToSaitama" ],
        "imports" : null,
        "outboundResource" : null,
        "outboundResourceConfig" : null,
        "outboundResourceId" : null,
        "parentStreams" : [ "Enrich" ],
        "schema" : null,
        "transformInPlace" : false,
        "transformation" : {
          "center_id" : {
            "expression" : "event.sorting_condition.center_id",
            "type" : "expression"
          },
          "center_name" : {
            "expression" : "event.sorting_condition.center_name",
            "type" : "expression"
          },
          "code" : {
            "expression" : "event.code",
            "type" : "expression"
          },
          "name" : {
            "expression" : "event.name",
            "type" : "expression"
          }
        },
        "upsert" : false
      },
      "downstreamReferences" : { },
      "name" : "Transformation",
      "pattern" : "Transformation",
      "patternVersion" : 5,
      "uuid" : "13a1ed2c-700e-4ca6-8d09-f7b356c8d457"
    }
  },
  "contextualizedAssembly" : { },
  "disableBadging" : false,
  "isComponent" : false,
  "isEventHandler" : true,
  "keyTypes" : [ "collaborations" ],
  "name" : "com.example.BoxSorter.ReceiveBoxInfo"
}