{
  "bodyChildren" : {
    "rootArray" : [ "8dfbe7ee-63a0-4228-92d1-f05bcc5a0bd1", "39e82dce-17e1-4d27-83e9-f003085cf95c", "e9abf46a-4166-4d16-98c1-3a4c4e339858", "bb7877b0-de2a-4e7c-86b5-61b25d9cc319" ],
    "widgets" : [ {
      "binding" : "client.data.ConstState",
      "borderColor" : "Default",
      "borderRadius" : 4,
      "borderThickness" : 0,
      "column" : -1,
      "defaultValue" : "",
      "h" : 398,
      "heightPolicy" : "explicit",
      "horzGravity" : "center",
      "name" : "MultilineInput1",
      "optional" : true,
      "placeholder" : "",
      "row" : -1,
      "rows" : 5,
      "type" : "MultilineInput",
      "uuid" : "0e469f8e-e20d-4a81-860a-eb115b5f8355",
      "v" : 17,
      "vertGravity" : "center",
      "w" : 392,
      "widthPolicy" : "explicit",
      "wordwrap" : true
    }, {
      "borderColor" : "Default",
      "borderRadius" : 4,
      "borderThickness" : 0,
      "buttonBackgroundColor" : "default",
      "buttonLabel" : "Load from Const Type to Const State",
      "buttonLabelColor" : "default",
      "buttonLabelSize" : 14,
      "buttonLabelStyle" : "bold",
      "column" : -1,
      "heightPolicy" : "naturalSize",
      "horzGravity" : "center",
      "name" : "Button32",
      "row" : -1,
      "submitValue" : 100,
      "type" : "Button",
      "uuid" : "124c1bac-fbc6-4496-8f07-8ecf5851540b",
      "v" : 17,
      "vertGravity" : "top",
      "widthPolicy" : "sizeToCell"
    }, {
      "borderColor" : "Default",
      "borderRadius" : 4,
      "borderThickness" : 0,
      "buttonBackgroundColor" : "default",
      "buttonLabel" : "View Const State",
      "buttonLabelColor" : "default",
      "buttonLabelSize" : 14,
      "buttonLabelStyle" : "bold",
      "column" : -1,
      "heightPolicy" : "naturalSize",
      "horzGravity" : "center",
      "name" : "Button39",
      "row" : -1,
      "submitValue" : 100,
      "type" : "Button",
      "uuid" : "20094b42-dea7-4fbe-bd75-fd8afdfdd638",
      "v" : 17,
      "vertGravity" : "center",
      "widthPolicy" : "sizeToCell"
    }, {
      "borderColor" : "Default",
      "borderRadius" : 4,
      "borderThickness" : 0,
      "children" : [ "7fcc1961-8e55-40fd-97b8-6d33dd2b0ed8" ],
      "column" : -1,
      "heightPolicy" : "naturalSize",
      "horzGravity" : "center",
      "innerMargin" : 20,
      "name" : "VerticalLayout11",
      "row" : -1,
      "type" : "VerticalLayout",
      "uuid" : "31ad2fdf-bb02-41a2-9512-f79c18871d01",
      "v" : 17,
      "vertGravity" : "center",
      "widthPolicy" : "naturalSize"
    }, {
      "borderColor" : "Default",
      "borderRadius" : 4,
      "borderThickness" : 0,
      "column" : 0,
      "fontFamily" : "inherit",
      "fontSize" : 20,
      "fontStyle" : "normal",
      "fontWeight" : "normal",
      "heightPolicy" : "naturalSize",
      "horzGravity" : "left",
      "name" : "StaticText225",
      "row" : 1,
      "text" : "Select Type of Value",
      "type" : "StaticText",
      "uuid" : "31e3e8f2-6087-4042-8e51-de77746f0283",
      "v" : 17,
      "vertGravity" : "center",
      "widthPolicy" : "naturalSize"
    }, {
      "borderColor" : "Default",
      "borderRadius" : 4,
      "borderThickness" : 1,
      "children" : [ "f02ba522-c278-4e2e-8a0e-828a3ba9ac6a", "31ad2fdf-bb02-41a2-9512-f79c18871d01" ],
      "column" : -1,
      "heightPolicy" : "naturalSize",
      "horzGravity" : "center",
      "innerMargin" : 20,
      "name" : "HorizontalLayout10",
      "row" : -1,
      "type" : "HorizontalLayout",
      "uuid" : "39e82dce-17e1-4d27-83e9-f003085cf95c",
      "v" : 17,
      "vertGravity" : "center",
      "widthPolicy" : "naturalSize",
      "x" : 7.998046875,
      "y" : 45.7421875
    }, {
      "borderColor" : "Default",
      "borderRadius" : 4,
      "borderThickness" : 0,
      "column" : 0,
      "fontFamily" : "inherit",
      "fontSize" : 20,
      "fontStyle" : "normal",
      "fontWeight" : "normal",
      "heightPolicy" : "naturalSize",
      "horzGravity" : "left",
      "name" : "StaticText10",
      "row" : 4,
      "text" : "numberValue",
      "type" : "StaticText",
      "uuid" : "3a048be8-3596-46d6-81c6-5a5090761540",
      "v" : 17,
      "vertGravity" : "center",
      "widthPolicy" : "naturalSize"
    }, {
      "backgroundColor" : null,
      "borderColor" : "Default",
      "borderRadius" : 4,
      "borderThickness" : 1,
      "cellFontColor" : "default",
      "cellFontFace" : "inherit",
      "cellFontSize" : 14,
      "cellFontStyle" : "plain",
      "clearOnDataArrive" : true,
      "column" : -1,
      "columnDescriptors" : [ {
        "colorRules" : null,
        "dataType" : "String",
        "propertyName" : "key",
        "selected" : false,
        "title" : "key"
      }, {
        "colorRules" : null,
        "dataType" : "String",
        "propertyName" : "stringValue",
        "selected" : false,
        "title" : "stringValue"
      }, {
        "colorRules" : null,
        "dataType" : "Integer",
        "propertyName" : "integerValue",
        "selected" : false,
        "title" : "integerValue"
      }, {
        "colorRules" : null,
        "dataType" : "Real",
        "propertyName" : "numberValue",
        "selected" : false,
        "title" : "numberValue"
      }, {
        "colorRules" : null,
        "dataType" : "String",
        "propertyName" : "remark",
        "selected" : false,
        "title" : "remark"
      }, {
        "buttonLabel" : "Edit",
        "colorRules" : null,
        "dataType" : "Button",
        "propertyName" : "Button",
        "selected" : false,
        "title" : "Action"
      } ],
      "columnSort" : true,
      "dataStreamGroupedByFiltersString" : "",
      "dataStreamUUID" : "c38593a8-53af-4dfb-9013-f91081028830",
      "dataType" : null,
      "headerFontColor" : "default",
      "headerFontFace" : "inherit",
      "headerFontSize" : 14,
      "headerFontStyle" : "plain",
      "heightPolicy" : "naturalSize",
      "horzGravity" : "center",
      "name" : "DataTable1",
      "operation" : "insert",
      "row" : -1,
      "rowsPerPage" : 5,
      "showPaging" : true,
      "type" : "DataTable",
      "uuid" : "4499649e-599d-4485-8824-1d2e333ba044",
      "v" : 17,
      "vertGravity" : "center",
      "w" : 749,
      "widthPolicy" : "explicit"
    }, {
      "borderColor" : "Default",
      "borderRadius" : 4,
      "borderThickness" : 0,
      "column" : 0,
      "fontFamily" : "inherit",
      "fontSize" : 20,
      "fontStyle" : "normal",
      "fontWeight" : "normal",
      "heightPolicy" : "naturalSize",
      "horzGravity" : "left",
      "name" : "StaticText8",
      "row" : 3,
      "text" : "integerValue",
      "type" : "StaticText",
      "uuid" : "5b5b7d2b-630b-4214-83cb-12e262d1e72d",
      "v" : 17,
      "vertGravity" : "center",
      "widthPolicy" : "naturalSize"
    }, {
      "binding" : "client.data.SelectedType",
      "borderColor" : "Default",
      "borderRadius" : 4,
      "borderThickness" : 0,
      "column" : 1,
      "default" : "String",
      "enumeratedList" : [ {
        "label" : "String",
        "value" : "String"
      }, {
        "label" : "Integer",
        "value" : "Integer"
      }, {
        "label" : "Real",
        "value" : "Real"
      } ],
      "heightPolicy" : "naturalSize",
      "horzGravity" : "center",
      "name" : "Droplist1",
      "row" : 1,
      "type" : "Droplist",
      "uuid" : "630e2e2a-c882-4701-84b1-68fc3a963e56",
      "v" : 17,
      "vertGravity" : "center",
      "widthPolicy" : "sizeToCell"
    }, {
      "borderColor" : "Default",
      "borderRadius" : 4,
      "borderThickness" : 1,
      "children" : [ "f0e0dab1-8dd5-4d51-88a1-2f070239108e", "f0f4197d-5a80-414d-85ec-98bb0fa563f7", "31e3e8f2-6087-4042-8e51-de77746f0283", "630e2e2a-c882-4701-84b1-68fc3a963e56", "fc1533ea-f91c-41d1-8ed7-9d559be27dcf", "f5ba2fae-f8c9-4c6e-8a39-a0e54dc93721", "5b5b7d2b-630b-4214-83cb-12e262d1e72d", "834f730f-ee58-4818-9028-31f99e091e39", "3a048be8-3596-46d6-81c6-5a5090761540", "fbb70fc9-1f1e-48a0-8b7f-1961e068c19e", "fb261d25-85bb-4718-8e5f-d43510c68647", "97700172-4a69-4f4b-88e4-953e53e1bc47", "d2841e91-b582-4499-aa68-782541023faa", "f783aac5-7af1-4041-8f17-94de72719804" ],
      "column" : -1,
      "columns" : 2,
      "heightPolicy" : "naturalSize",
      "horzGravity" : "center",
      "name" : "GridLayout1",
      "row" : -1,
      "rows" : 7,
      "type" : "GridLayout",
      "uuid" : "7fcc1961-8e55-40fd-97b8-6d33dd2b0ed8",
      "v" : 17,
      "vertGravity" : "center",
      "widthPolicy" : "naturalSize"
    }, {
      "binding" : "client.data.Const.integerValue",
      "borderColor" : "Default",
      "borderRadius" : 4,
      "borderThickness" : 0,
      "column" : 1,
      "defaultValue" : null,
      "flavor" : "text",
      "heightPolicy" : "naturalSize",
      "horzGravity" : "left",
      "maxValue" : 100,
      "minValue" : 0,
      "name" : "InputInteger1",
      "optional" : true,
      "placeholder" : "",
      "row" : 3,
      "type" : "InputInteger",
      "units" : "",
      "uuid" : "834f730f-ee58-4818-9028-31f99e091e39",
      "v" : 17,
      "vertGravity" : "center",
      "widthPolicy" : "sizeToCell"
    }, {
      "borderColor" : "Default",
      "borderRadius" : 4,
      "borderThickness" : 0,
      "column" : -1,
      "fontFamily" : "inherit",
      "fontSize" : 20,
      "fontStyle" : "normal",
      "fontWeight" : "normal",
      "heightPolicy" : "naturalSize",
      "horzGravity" : "center",
      "name" : "StaticText322",
      "row" : -1,
      "text" : "Const Type",
      "type" : "StaticText",
      "uuid" : "8dfbe7ee-63a0-4228-92d1-f05bcc5a0bd1",
      "v" : 17,
      "vertGravity" : "center",
      "widthPolicy" : "naturalSize",
      "x" : 46.005859375,
      "y" : 13.720703125
    }, {
      "binding" : "client.data.Const.remark",
      "borderColor" : "Default",
      "borderRadius" : 4,
      "borderThickness" : 0,
      "column" : 1,
      "defaultValue" : "",
      "heightPolicy" : "naturalSize",
      "horzGravity" : "left",
      "inputType" : "text",
      "name" : "InputString2",
      "optional" : true,
      "placeholder" : "",
      "row" : 5,
      "type" : "InputString",
      "uuid" : "97700172-4a69-4f4b-88e4-953e53e1bc47",
      "v" : 17,
      "vertGravity" : "center",
      "widthPolicy" : "sizeToCell"
    }, {
      "borderColor" : "Default",
      "borderRadius" : 4,
      "borderThickness" : 1,
      "children" : [ "c71bedec-a8f0-4651-94bb-0c92e53610df", "0e469f8e-e20d-4a81-860a-eb115b5f8355" ],
      "column" : -1,
      "heightPolicy" : "naturalSize",
      "horzGravity" : "center",
      "innerMargin" : 20,
      "name" : "HorizontalLayout249",
      "row" : -1,
      "type" : "HorizontalLayout",
      "uuid" : "bb7877b0-de2a-4e7c-86b5-61b25d9cc319",
      "v" : 17,
      "vertGravity" : "center",
      "widthPolicy" : "naturalSize",
      "x" : 24.990234375,
      "y" : 592.744140625
    }, {
      "borderColor" : "Default",
      "borderRadius" : 4,
      "borderThickness" : 0,
      "children" : [ "124c1bac-fbc6-4496-8f07-8ecf5851540b", "20094b42-dea7-4fbe-bd75-fd8afdfdd638" ],
      "column" : -1,
      "heightPolicy" : "naturalSize",
      "horzGravity" : "center",
      "name" : "VerticalLayout130",
      "row" : 0,
      "type" : "VerticalLayout",
      "uuid" : "c71bedec-a8f0-4651-94bb-0c92e53610df",
      "v" : 17,
      "vertGravity" : "top",
      "widthPolicy" : "naturalSize"
    }, {
      "borderColor" : "Default",
      "borderRadius" : 4,
      "borderThickness" : 0,
      "buttonBackgroundColor" : "default",
      "buttonLabel" : "Delete",
      "buttonLabelColor" : "default",
      "buttonLabelSize" : 14,
      "buttonLabelStyle" : "bold",
      "column" : 0,
      "heightPolicy" : "naturalSize",
      "horzGravity" : "center",
      "name" : "Button9",
      "row" : 6,
      "submitValue" : 100,
      "type" : "Button",
      "uuid" : "d2841e91-b582-4499-aa68-782541023faa",
      "v" : 17,
      "vertGravity" : "center",
      "widthPolicy" : "sizeToCell"
    }, {
      "borderColor" : "Default",
      "borderRadius" : 4,
      "borderThickness" : 0,
      "column" : -1,
      "fontFamily" : "inherit",
      "fontSize" : 20,
      "fontStyle" : "normal",
      "fontWeight" : "normal",
      "heightPolicy" : "naturalSize",
      "horzGravity" : "center",
      "name" : "StaticText323",
      "row" : -1,
      "text" : "Const State",
      "type" : "StaticText",
      "uuid" : "e9abf46a-4166-4d16-98c1-3a4c4e339858",
      "v" : 17,
      "vertGravity" : "center",
      "widthPolicy" : "naturalSize",
      "x" : 36.005859375,
      "y" : 546.71875
    }, {
      "borderColor" : "Default",
      "borderRadius" : 4,
      "borderThickness" : 0,
      "children" : [ "4499649e-599d-4485-8824-1d2e333ba044" ],
      "column" : -1,
      "heightPolicy" : "naturalSize",
      "horzGravity" : "center",
      "innerMargin" : 20,
      "name" : "VerticalLayout13",
      "row" : 0,
      "type" : "VerticalLayout",
      "uuid" : "f02ba522-c278-4e2e-8a0e-828a3ba9ac6a",
      "v" : 17,
      "vertGravity" : "top",
      "widthPolicy" : "naturalSize"
    }, {
      "borderColor" : "Default",
      "borderRadius" : 4,
      "borderThickness" : 0,
      "column" : 0,
      "fontFamily" : "inherit",
      "fontSize" : 20,
      "fontStyle" : "normal",
      "fontWeight" : "normal",
      "heightPolicy" : "naturalSize",
      "horzGravity" : "left",
      "name" : "StaticText9",
      "row" : 0,
      "text" : "key",
      "type" : "StaticText",
      "uuid" : "f0e0dab1-8dd5-4d51-88a1-2f070239108e",
      "v" : 17,
      "vertGravity" : "center",
      "widthPolicy" : "naturalSize"
    }, {
      "binding" : "client.data.Const.key",
      "borderColor" : "Default",
      "borderRadius" : 4,
      "borderThickness" : 0,
      "column" : 1,
      "defaultValue" : "",
      "heightPolicy" : "naturalSize",
      "horzGravity" : "left",
      "inputType" : "text",
      "name" : "InputString1",
      "optional" : true,
      "placeholder" : "",
      "row" : 0,
      "type" : "InputString",
      "uuid" : "f0f4197d-5a80-414d-85ec-98bb0fa563f7",
      "v" : 17,
      "vertGravity" : "center",
      "w" : 200,
      "widthPolicy" : "explicit"
    }, {
      "binding" : "client.data.Const.stringValue",
      "borderColor" : "Default",
      "borderRadius" : 4,
      "borderThickness" : 0,
      "column" : 1,
      "defaultValue" : "",
      "heightPolicy" : "naturalSize",
      "horzGravity" : "left",
      "inputType" : "text",
      "name" : "InputString3",
      "optional" : true,
      "placeholder" : "",
      "row" : 2,
      "type" : "InputString",
      "uuid" : "f5ba2fae-f8c9-4c6e-8a39-a0e54dc93721",
      "v" : 17,
      "vertGravity" : "center",
      "widthPolicy" : "sizeToCell"
    }, {
      "borderColor" : "Default",
      "borderRadius" : 4,
      "borderThickness" : 0,
      "buttonBackgroundColor" : "default",
      "buttonLabel" : "Save To Const Type",
      "buttonLabelColor" : "default",
      "buttonLabelSize" : 14,
      "buttonLabelStyle" : "bold",
      "column" : 1,
      "heightPolicy" : "naturalSize",
      "horzGravity" : "center",
      "name" : "Button1",
      "row" : 6,
      "submitValue" : 100,
      "type" : "Button",
      "uuid" : "f783aac5-7af1-4041-8f17-94de72719804",
      "v" : 17,
      "vertGravity" : "center",
      "widthPolicy" : "sizeToCell"
    }, {
      "borderColor" : "Default",
      "borderRadius" : 4,
      "borderThickness" : 0,
      "column" : 0,
      "fontFamily" : "inherit",
      "fontSize" : 20,
      "fontStyle" : "normal",
      "fontWeight" : "normal",
      "heightPolicy" : "naturalSize",
      "horzGravity" : "left",
      "name" : "StaticText11",
      "row" : 5,
      "text" : "remark",
      "type" : "StaticText",
      "uuid" : "fb261d25-85bb-4718-8e5f-d43510c68647",
      "v" : 17,
      "vertGravity" : "center",
      "widthPolicy" : "naturalSize"
    }, {
      "binding" : "client.data.Const.numberValue",
      "borderColor" : "Default",
      "borderRadius" : 4,
      "borderThickness" : 0,
      "column" : 1,
      "defaultValue" : null,
      "flavor" : "text",
      "heightPolicy" : "naturalSize",
      "horzGravity" : "left",
      "maxValue" : 100,
      "minValue" : 0,
      "name" : "InputReal1",
      "optional" : true,
      "placeholder" : "",
      "row" : 4,
      "type" : "InputReal",
      "units" : "",
      "uuid" : "fbb70fc9-1f1e-48a0-8b7f-1961e068c19e",
      "v" : 17,
      "vertGravity" : "center",
      "widthPolicy" : "sizeToCell"
    }, {
      "borderColor" : "Default",
      "borderRadius" : 4,
      "borderThickness" : 0,
      "column" : 0,
      "fontFamily" : "inherit",
      "fontSize" : 20,
      "fontStyle" : "normal",
      "fontWeight" : "normal",
      "heightPolicy" : "naturalSize",
      "horzGravity" : "left",
      "name" : "StaticText12",
      "row" : 2,
      "text" : "stringValue",
      "type" : "StaticText",
      "uuid" : "fc1533ea-f91c-41d1-8ed7-9d559be27dcf",
      "v" : 17,
      "vertGravity" : "center",
      "widthPolicy" : "naturalSize"
    } ]
  },
  "data" : {
    "properties" : { }
  },
  "footerChildren" : [ ],
  "hasFooter" : false,
  "layoutType" : "browser",
  "responseResource" : "topics",
  "responseResourceId" : "/my/response/topic",
  "responseTopic" : "/my/response/topic"
}