{
  "ars_relationships" : [ ],
  "links" : [ {
    "source" : "procedure/flowControlIf3",
    "target" : "procedure/compare"
  }, {
    "source" : "procedure/flowControlIf4",
    "target" : "procedure/compare"
  }, {
    "source" : "procedure/iterationForType",
    "target" : "type/Members"
  } ],
  "name" : "VAIL_Basic",
  "options" : {
    "description" : "",
    "dockCollapsed" : {
      "bottom" : false,
      "left" : false,
      "right" : false,
      "top" : false,
      "viewtabs" : false
    },
    "dockDimensions" : {
      "bottom" : 200,
      "debug" : [ 958.5, 958.5 ],
      "left" : 210,
      "right" : 220,
      "top" : 0,
      "viewtabs" : 0
    },
    "dockSort" : 1,
    "filterBitArray" : "ffffffffffffffffffffffffffffffff",
    "isModeloProject" : true,
    "layoutStyle" : "tile",
    "openFolders" : [ "procedure", "type" ],
    "rootViewFlavor" : 5,
    "showGrid" : true,
    "tileColumns" : 2,
    "tileRows" : 1,
    "type" : "dev",
    "v" : 5,
    "viewUUID" : "MAINVIEW"
  },
  "resources" : [ {
    "label" : "Members",
    "name" : "Members",
    "resourceReference" : "/types/Members",
    "timestamp" : "2023-09-26T09:35:52.034Z",
    "type" : 1
  }, {
    "label" : "binaryOperator",
    "name" : "binaryOperator",
    "procedureName" : "binaryOperator",
    "resourceReference" : "/procedures/binaryOperator",
    "timestamp" : "2023-09-26T09:35:53.254Z",
    "type" : 3
  }, {
    "label" : "binaryOperatorLog",
    "name" : "binaryOperatorLog",
    "procedureName" : "binaryOperatorLog",
    "resourceReference" : "/procedures/binaryOperatorLog",
    "timestamp" : "2023-09-26T09:35:53.255Z",
    "type" : 3
  }, {
    "label" : "commentOut",
    "name" : "commentOut",
    "procedureName" : "commentOut",
    "resourceReference" : "/procedures/commentOut",
    "timestamp" : "2023-09-26T09:35:52.587Z",
    "type" : 3
  }, {
    "label" : "compare",
    "name" : "compare",
    "procedureName" : "compare",
    "resourceReference" : "/procedures/compare",
    "timestamp" : "2023-09-26T09:35:53.763Z",
    "type" : 3
  }, {
    "label" : "declareVariable",
    "name" : "declareVariable",
    "procedureName" : "declareVariable",
    "resourceReference" : "/procedures/declareVariable",
    "timestamp" : "2023-09-26T09:35:52.510Z",
    "type" : 3
  }, {
    "label" : "flowControlIf1",
    "name" : "flowControlIf1",
    "procedureName" : "flowControlIf1",
    "resourceReference" : "/procedures/flowControlIf1",
    "timestamp" : "2023-09-26T09:35:53.416Z",
    "type" : 3
  }, {
    "label" : "flowControlIf2",
    "name" : "flowControlIf2",
    "procedureName" : "flowControlIf2",
    "resourceReference" : "/procedures/flowControlIf2",
    "timestamp" : "2023-09-26T09:35:53.308Z",
    "type" : 3
  }, {
    "label" : "flowControlIf3",
    "name" : "flowControlIf3",
    "procedureName" : "flowControlIf3",
    "resourceReference" : "/procedures/flowControlIf3",
    "timestamp" : "2023-09-26T09:35:53.462Z",
    "type" : 3
  }, {
    "label" : "flowControlIf4",
    "name" : "flowControlIf4",
    "procedureName" : "flowControlIf4",
    "resourceReference" : "/procedures/flowControlIf4",
    "timestamp" : "2023-09-26T09:35:53.477Z",
    "type" : 3
  }, {
    "label" : "flowControlTry",
    "name" : "flowControlTry",
    "procedureName" : "flowControlTry",
    "resourceReference" : "/procedures/flowControlTry",
    "timestamp" : "2023-09-26T09:35:54.053Z",
    "type" : 3
  }, {
    "label" : "iterationFor",
    "name" : "iterationFor",
    "procedureName" : "iterationFor",
    "resourceReference" : "/procedures/iterationFor",
    "timestamp" : "2023-09-26T09:35:53.864Z",
    "type" : 3
  }, {
    "label" : "iterationForType",
    "name" : "iterationForType",
    "procedureName" : "iterationForType",
    "resourceReference" : "/procedures/iterationForType",
    "timestamp" : "2023-09-26T09:35:53.977Z",
    "type" : 3
  }, {
    "label" : "iterationForUntil",
    "name" : "iterationForUntil",
    "procedureName" : "iterationForUntil",
    "resourceReference" : "/procedures/iterationForUntil",
    "timestamp" : "2023-09-26T09:35:54.004Z",
    "type" : 3
  }, {
    "label" : "logicalOperator",
    "name" : "logicalOperator",
    "procedureName" : "logicalOperator",
    "resourceReference" : "/procedures/logicalOperator",
    "timestamp" : "2023-09-26T09:35:52.844Z",
    "type" : 3
  }, {
    "label" : "logicalOperatorLog",
    "name" : "logicalOperatorLog",
    "procedureName" : "logicalOperatorLog",
    "resourceReference" : "/procedures/logicalOperatorLog",
    "timestamp" : "2023-09-26T09:35:52.560Z",
    "type" : 3
  }, {
    "label" : "vailArray",
    "name" : "vailArray",
    "procedureName" : "vailArray",
    "resourceReference" : "/procedures/vailArray",
    "timestamp" : "2023-09-26T09:35:54.061Z",
    "type" : 3
  }, {
    "label" : "vailSampleProcedure",
    "name" : "vailSampleProcedure",
    "procedureName" : "vailSampleProcedure",
    "resourceReference" : "/procedures/vailSampleProcedure",
    "timestamp" : "2023-09-26T09:35:52.525Z",
    "type" : 3
  }, {
    "label" : "vailTypes",
    "name" : "vailTypes",
    "procedureName" : "vailTypes",
    "resourceReference" : "/procedures/vailTypes",
    "timestamp" : "2023-09-26T09:35:52.549Z",
    "type" : 3
  } ],
  "tools" : [ {
    "isPinned" : false,
    "name" : "Errors",
    "type" : 13
  }, {
    "isPinned" : false,
    "name" : "Log メッセージ",
    "type" : 12
  }, {
    "isPinned" : false,
    "name" : "Project Contents",
    "type" : 2
  }, {
    "isPinned" : false,
    "name" : "iterationFor",
    "pane" : {
      "c" : -1,
      "r" : -1
    },
    "resourceKey" : "procedure/iterationFor",
    "state" : 4,
    "type" : 24
  }, {
    "isPinned" : false,
    "name" : "iterationForType",
    "pane" : {
      "c" : -1,
      "r" : -1
    },
    "resourceKey" : "procedure/iterationForType",
    "state" : 4,
    "type" : 24
  }, {
    "isPinned" : false,
    "name" : "iterationForUntil",
    "pane" : {
      "c" : -1,
      "r" : -1
    },
    "resourceKey" : "procedure/iterationForUntil",
    "state" : 4,
    "type" : 24
  }, {
    "isPinned" : false,
    "name" : "logicalOperator",
    "pane" : {
      "c" : -1,
      "r" : -1
    },
    "resourceKey" : "procedure/logicalOperator",
    "state" : 4,
    "type" : 24
  }, {
    "isPinned" : false,
    "name" : "logicalOperatorLog",
    "pane" : {
      "c" : -1,
      "r" : -1
    },
    "resourceKey" : "procedure/logicalOperatorLog",
    "state" : 4,
    "type" : 24
  }, {
    "dockLocation" : "top",
    "isPinned" : false,
    "name" : "非アクティブ ペイン",
    "type" : 99
  } ],
  "type" : "dev",
  "views" : [ {
    "name" : "Project Contents",
    "projectToolKeys" : [ "errorviewer/Errors", "logviewer/Log メッセージ", "list/Project Contents", "cmeditorprocedure/iterationFor", "cmeditorprocedure/iterationForType", "cmeditorprocedure/iterationForUntil", "cmeditorprocedure/logicalOperator", "cmeditorprocedure/logicalOperatorLog", "tiledock/非アクティブ ペイン" ]
  } ]
}