{
  "ars_relationships" : [ ],
  "links" : [ {
    "source" : "app/BoxSorter",
    "target" : "type/sorting_condition"
  }, {
    "source" : "app/BoxSorter",
    "target" : "source/SortingResultMqtt"
  }, {
    "source" : "source/SortingResultMqtt",
    "target" : "services/apps.services.BoxSorter"
  }, {
    "source" : "services/apps.services.BoxSorter",
    "target" : "procedure/apps.services.BoxSorter.AttachConditionStateReset"
  }, {
    "source" : "services/apps.services.BoxSorter",
    "target" : "procedure/apps.services.BoxSorter.AttachConditionStateGet"
  }, {
    "source" : "services/apps.services.BoxSorter",
    "target" : "procedure/apps.services.BoxSorter.AttachConditionStateGetForEvent"
  }, {
    "source" : "services/apps.services.BoxSorter",
    "target" : "type/apps.BoxSorter.PartitionedAppState"
  }, {
    "source" : "app/BoxSorter",
    "target" : "procedure/apps.services.BoxSorter.AttachConditionStateGetForEvent"
  }, {
    "source" : "app/BoxSorter",
    "target" : "services/apps.services.BoxSorter"
  }, {
    "source" : "services/apps.services.BoxSorter",
    "target" : "app/BoxSorter"
  }, {
    "source" : "procedure/apps.services.BoxSorter.AttachConditionStateGetForEvent",
    "target" : "services/apps.services.BoxSorter"
  }, {
    "source" : "procedure/apps.services.BoxSorter.AttachConditionStateReset",
    "target" : "services/apps.services.BoxSorter"
  }, {
    "source" : "procedure/apps.services.BoxSorter.AttachConditionStateGet",
    "target" : "services/apps.services.BoxSorter"
  }, {
    "source" : "eventstream/apps.BoxSorter.ReceiveBoxInfo",
    "target" : "topic//apps.BoxSorter/debug"
  }, {
    "source" : "eventstream/apps.BoxSorter.SplitByCode",
    "target" : "topic//apps.BoxSorter/debug"
  }, {
    "source" : "eventstream/apps.BoxSorter.AttachCondition",
    "target" : "type/sorting_condition"
  }, {
    "source" : "eventstream/apps.BoxSorter.AttachCondition",
    "target" : "topic//apps.BoxSorter/debug"
  }, {
    "source" : "eventstream/apps.BoxSorter.AttachCondition",
    "target" : "procedure/apps.services.BoxSorter.AttachConditionStateGetForEvent"
  }, {
    "source" : "eventstream/apps.BoxSorter.SplitByCode",
    "target" : "eventstream/apps.BoxSorter.AttachCondition"
  }, {
    "source" : "source/BoxInfoMqtt",
    "target" : "app/BoxSorter"
  }, {
    "source" : "source/BoxInfoMqtt",
    "target" : "services/apps.services.BoxSorter"
  }, {
    "source" : "source/BoxInfoMqtt",
    "target" : "eventstream/apps.BoxSorter.ReceiveBoxInfo"
  }, {
    "source" : "services/apps.services.BoxSorter",
    "target" : "procedure/apps.services.BoxSorter.AttachConditionStateResetAll"
  }, {
    "source" : "services/apps.services.BoxSorter",
    "target" : "type/apps.BoxSorter.PartitionedState"
  }, {
    "source" : "procedure/apps.services.BoxSorter.AttachConditionStateResetAll",
    "target" : "topic//apps.BoxSorter/debug"
  }, {
    "source" : "procedure/apps.services.BoxSorter.AttachConditionStateResetAll",
    "target" : "procedure/apps.services.BoxSorter.AttachConditionStateGet"
  }, {
    "source" : "procedure/apps.services.BoxSorter.AttachConditionStateResetAll",
    "target" : "services/apps.services.BoxSorter"
  }, {
    "source" : "procedure/apps.services.BoxSorter.AttachConditionStateGetForEvent",
    "target" : "type/sorting_condition"
  }, {
    "source" : "eventstream/apps.BoxSorter.ReceiveBoxInfo",
    "target" : "eventstream/apps.BoxSorter.Unwind"
  }, {
    "source" : "eventstream/apps.BoxSorter.Unwind",
    "target" : "topic//apps.BoxSorter/debug"
  }, {
    "source" : "eventstream/apps.BoxSorter.Unwind",
    "target" : "eventstream/apps.BoxSorter.SplitByCode"
  } ],
  "name" : "box_sorter",
  "options" : {
    "description" : "",
    "dockCollapsed" : {
      "bottom" : true,
      "left" : false,
      "right" : false,
      "top" : false,
      "viewtabs" : false
    },
    "dockDimensions" : {
      "bottom" : 200,
      "debug" : [ 0, 0, 0 ],
      "left" : 248,
      "right" : 220,
      "top" : 0,
      "viewtabs" : 0
    },
    "exclusionList" : [ "app/BoxSorter_sample", "procedure/publishTestEvent", "services/system.ActivityPattern", "services/system.Utils", "source/IncomingMqtt", "source/InflowMqtt", "type/sort_condition_sample" ],
    "filterBitArray" : "ffffffffffffffffffffffffffffffff",
    "isModeloProject" : true,
    "layoutStyle" : "custom",
    "openFolders" : [ "app", "source", "type" ],
    "rootViewFlavor" : 5,
    "showGrid" : true,
    "type" : "dev",
    "v" : 5,
    "viewUUID" : "MAINVIEW"
  },
  "partitions" : [ ],
  "resources" : [ {
    "label" : "/apps.BoxSorter/debug",
    "name" : "/apps.BoxSorter/debug",
    "resourceReference" : "/topics//apps.BoxSorter/debug",
    "type" : 10
  }, {
    "label" : "BoxInfoMqtt",
    "name" : "BoxInfoMqtt",
    "resourceReference" : "/sources/BoxInfoMqtt",
    "timestamp" : "2023-10-11T06:37:30.455Z",
    "type" : 4
  }, {
    "label" : "BoxSorter",
    "name" : "BoxSorter",
    "resourceReference" : "/collaborationtypes/BoxSorter",
    "timestamp" : "2023-10-16T06:52:53.938Z",
    "type" : 12
  }, {
    "label" : "SortingResultMqtt",
    "name" : "SortingResultMqtt",
    "resourceReference" : "/sources/SortingResultMqtt",
    "timestamp" : "2023-10-16T06:27:39.445Z",
    "type" : 4
  }, {
    "label" : "apps.BoxSorter.AttachCondition",
    "name" : "apps.BoxSorter.AttachCondition",
    "resourceReference" : "/system.eventstreams/apps.BoxSorter.AttachCondition",
    "timestamp" : "2023-10-16T06:26:50.494Z",
    "type" : 14
  }, {
    "label" : "apps.BoxSorter.PartitionedAppState",
    "name" : "apps.BoxSorter.PartitionedAppState",
    "resourceReference" : "/types/apps.BoxSorter.PartitionedAppState",
    "timestamp" : "2023-10-11T06:37:29.333Z",
    "type" : 1
  }, {
    "label" : "apps.BoxSorter.PartitionedState",
    "name" : "apps.BoxSorter.PartitionedState",
    "resourceReference" : "/types/apps.BoxSorter.PartitionedState",
    "timestamp" : "2023-10-11T06:37:32.757Z",
    "type" : 1
  }, {
    "label" : "apps.BoxSorter.ReceiveBoxInfo",
    "name" : "apps.BoxSorter.ReceiveBoxInfo",
    "resourceReference" : "/system.eventstreams/apps.BoxSorter.ReceiveBoxInfo",
    "timestamp" : "2023-10-16T06:26:48.256Z",
    "type" : 14
  }, {
    "label" : "apps.BoxSorter.SplitByCode",
    "name" : "apps.BoxSorter.SplitByCode",
    "resourceReference" : "/system.eventstreams/apps.BoxSorter.SplitByCode",
    "timestamp" : "2023-10-16T06:26:48.678Z",
    "type" : 14
  }, {
    "name" : "apps.BoxSorter.Unwind",
    "resourceReference" : "/system.eventstreams/apps.BoxSorter.Unwind",
    "timestamp" : "2023-10-16T06:26:48.369Z",
    "type" : 14
  }, {
    "label" : "apps.services.BoxSorter",
    "name" : "apps.services.BoxSorter",
    "resourceReference" : "/system.services/apps.services.BoxSorter",
    "timestamp" : "2023-10-16T06:26:47.947Z",
    "type" : 63
  }, {
    "label" : "apps.services.BoxSorter.AttachConditionStateGet",
    "name" : "apps.services.BoxSorter.AttachConditionStateGet",
    "packageName" : "apps.services",
    "procedureName" : "AttachConditionStateGet",
    "resourceReference" : "/procedures/apps.services.BoxSorter.AttachConditionStateGet",
    "serviceName" : "BoxSorter",
    "timestamp" : "2023-10-16T06:26:49.503Z",
    "type" : 3
  }, {
    "label" : "apps.services.BoxSorter.AttachConditionStateGetForEvent",
    "name" : "apps.services.BoxSorter.AttachConditionStateGetForEvent",
    "packageName" : "apps.services",
    "procedureName" : "AttachConditionStateGetForEvent",
    "resourceReference" : "/procedures/apps.services.BoxSorter.AttachConditionStateGetForEvent",
    "serviceName" : "BoxSorter",
    "timestamp" : "2023-10-16T06:26:49.158Z",
    "type" : 3
  }, {
    "label" : "apps.services.BoxSorter.AttachConditionStateReset",
    "name" : "apps.services.BoxSorter.AttachConditionStateReset",
    "packageName" : "apps.services",
    "procedureName" : "AttachConditionStateReset",
    "resourceReference" : "/procedures/apps.services.BoxSorter.AttachConditionStateReset",
    "serviceName" : "BoxSorter",
    "timestamp" : "2023-10-16T06:26:49.758Z",
    "type" : 3
  }, {
    "label" : "apps.services.BoxSorter.AttachConditionStateResetAll",
    "name" : "apps.services.BoxSorter.AttachConditionStateResetAll",
    "packageName" : "apps.services",
    "procedureName" : "AttachConditionStateResetAll",
    "resourceReference" : "/procedures/apps.services.BoxSorter.AttachConditionStateResetAll",
    "serviceName" : "BoxSorter",
    "timestamp" : "2023-10-16T06:26:50.021Z",
    "type" : 3
  }, {
    "label" : "sorting_condition",
    "name" : "sorting_condition",
    "resourceReference" : "/types/sorting_condition",
    "timestamp" : "2023-10-11T06:37:29.390Z",
    "type" : 1
  } ],
  "tools" : [ {
    "isPinned" : false,
    "name" : "BoxSorter",
    "pane" : {
      "h" : 710,
      "w" : 990,
      "x" : 10,
      "y" : 10
    },
    "resourceKey" : "app/BoxSorter",
    "state" : 3,
    "toolOptions" : { },
    "type" : 15
  }, {
    "isPinned" : false,
    "name" : "Errors",
    "type" : 13
  }, {
    "isPinned" : false,
    "name" : "Project Contents",
    "type" : 2
  }, {
    "dockLocation" : "top",
    "isPinned" : false,
    "name" : "非アクティブ ペイン",
    "type" : 99
  } ],
  "type" : "dev",
  "views" : [ {
    "name" : "Project Contents",
    "projectToolKeys" : [ "app/BoxSorter", "errorviewer/Errors", "list/Project Contents", "tiledock/非アクティブ ペイン" ]
  } ]
}