{
  "ars_relationships" : [ ],
  "name" : "CommonServicesCatalog",
  "requestedEntries" : [ {
    "name" : "jp.co.vantiq.common.vail.Utility",
    "operation" : "publish",
    "type" : "service"
  }, {
    "name" : "jp.co.vantiq.common.vail.Url",
    "operation" : "publish",
    "type" : "service"
  }, {
    "name" : "jp.co.vantiq.common.vail.Object",
    "operation" : "publish",
    "type" : "service"
  }, {
    "name" : "jp.co.vantiq.common.vail.OAuth",
    "operation" : "publish",
    "type" : "service"
  }, {
    "name" : "jp.co.vantiq.common.fitbit.webapi.FitbitApps",
    "operation" : "publish",
    "type" : "service"
  }, {
    "name" : "jp.co.vantiq.common.fitbit.webapi.FitbitApi",
    "operation" : "publish",
    "type" : "service"
  } ]
}