{
  "active" : true,
  "appType" : true,
  "ars_properties" : {
    "dataVersion" : 5,
    "graph" : {
      "lastZoomRequest" : 0,
      "scale" : 0.8392211518796866,
      "translate" : [ 241.8792924882614, -163.33239997969707 ]
    },
    "groupSettings" : {
      "appGroupOpenHash" : {
        "actions" : true,
        "filters" : true,
        "flowControl" : true,
        "modifiers" : true
      },
      "ctGroupOpenHash" : {
        "actions" : true,
        "mobile" : true
      },
      "ctServiceOpen" : false,
      "serviceGroupOpenHash" : { }
    },
    "paletteWidth" : 170,
    "propertyWidth" : 280
  },
  "ars_relationships" : [ ],
  "assembly" : {
    "Accumulate" : {
      "configuration" : {
        "childStreams" : [ "BulkInsert" ],
        "parentStreams" : [ "TransformTrigger", "InputStream" ],
        "procedure" : "jp.co.vantiq.designpattern.StreamToBulkInsert.accumulateRecs",
        "returnBehavior" : "Use Return Value as Outbound event"
      },
      "downstreamReferences" : { },
      "pattern" : "Procedure",
      "patternVersion" : 1,
      "uuid" : "6df04c5a-86ee-4b88-a5c7-4e8a9490428d"
    },
    "BulkInsert" : {
      "configuration" : {
        "parentStreams" : [ "Accumulate" ],
        "procedure" : "jp.co.vantiq.designpattern.StreamToBulkInsert.bulkinsert",
        "returnBehavior" : "Use Return Value as Outbound event"
      },
      "downstreamReferences" : { },
      "pattern" : "Procedure",
      "patternVersion" : 1,
      "uuid" : "ddeab64e-809a-48d8-8085-ce749bde07d2"
    },
    "Delay" : {
      "configuration" : {
        "childStreams" : [ "TransformTrigger" ],
        "delay" : "1 second",
        "parentStreams" : [ "Limit" ]
      },
      "downstreamReferences" : { },
      "pattern" : "Delay",
      "patternVersion" : 1,
      "uuid" : "0ffb98e8-2f61-4af7-96a8-791899a3a373"
    },
    "InputStream" : {
      "configuration" : {
        "childStreams" : [ "Accumulate", "Limit" ],
        "inboundResource" : "topics",
        "inboundResourceId" : "/jp.co.vantiq.designpattern.StreamToBulkInsert/InputStream/handler/inbound",
        "parentStreams" : [ ]
      },
      "downstreamReferences" : { },
      "pattern" : "EventStream",
      "patternVersion" : 1,
      "uuid" : "d0468fef-cdb3-4e24-a676-12c27d811a03"
    },
    "Limit" : {
      "configuration" : {
        "childStreams" : [ "Delay" ],
        "groupByProperty" : "",
        "interval" : "1 second",
        "maxCount" : 1,
        "parentStreams" : [ "InputStream" ]
      },
      "downstreamReferences" : { },
      "pattern" : "Limit",
      "patternVersion" : 1,
      "uuid" : "d4b3db64-bf96-4332-a0c3-b80856bd1add"
    },
    "TransformTrigger" : {
      "configuration" : {
        "childStreams" : [ "Accumulate" ],
        "parentStreams" : [ "Delay" ],
        "transformInPlace" : false,
        "transformation" : {
          "trigger" : {
            "expression" : "\"trigger\"",
            "type" : "expression"
          }
        },
        "upsert" : false
      },
      "downstreamReferences" : { },
      "pattern" : "Transformation",
      "patternVersion" : 1,
      "uuid" : "75cc5d92-7307-4488-856a-3a533c94de70"
    }
  },
  "boundService" : "jp.co.vantiq.designpattern.StreamToBulkInsert",
  "collaboratorRoles" : [ ],
  "disableBadging" : true,
  "entityRoles" : [ ],
  "isComponent" : false,
  "isEventHandler" : true,
  "keyTypes" : [ "system.collaborations" ],
  "name" : "jp.co.vantiq.designpattern.StreamToBulkInsert_InputStream_EventHandler"
}