{
  "active" : true,
  "appType" : true,
  "ars_properties" : {
    "dataVersion" : 5,
    "graph" : {
      "lastZoomRequest" : 0,
      "scale" : 0.5050304972419761,
      "translate" : [ 351.38688763470964, 16.855401514874004 ]
    },
    "groupSettings" : {
      "appGroupOpenHash" : {
        "actions" : true,
        "filters" : true,
        "flowControl" : true
      },
      "ctGroupOpenHash" : {
        "actions" : true,
        "mobile" : true
      },
      "ctServiceOpen" : false,
      "serviceGroupOpenHash" : { }
    },
    "paletteWidth" : 170,
    "propertyWidth" : 280
  },
  "ars_relationships" : [ ],
  "assembly" : {
    "Accumulate" : {
      "configuration" : {
        "childStreams" : [ ],
        "imports" : null,
        "parameters" : {
          "event" : "event",
          "max_records" : "1000"
        },
        "parentStreams" : [ ],
        "partitionKey" : "",
        "procedure" : "jp.co.vantiq.designpattern.StreamToBulkInsert.accumulateRecs",
        "returnBehavior" : "Use Return Value as Outbound event",
        "returnProperty" : null,
        "schema" : null
      },
      "downstreamReferences" : { },
      "pattern" : "Procedure",
      "patternVersion" : 1
    },
    "Delay" : {
      "configuration" : {
        "childStreams" : [ "TransformTrigger" ],
        "delay" : "1 second",
        "imports" : null,
        "parentStreams" : [ ]
      },
      "downstreamReferences" : { },
      "pattern" : "Delay",
      "patternVersion" : 1
    },
    "Limit" : {
      "configuration" : {
        "childStreams" : [ "Delay" ],
        "groupByProperty" : "",
        "interval" : "1 second",
        "maxCount" : 1,
        "parentStreams" : [ ]
      },
      "downstreamReferences" : { },
      "pattern" : "Limit",
      "patternVersion" : 1
    },
    "NoOp" : {
      "configuration" : {
        "VAIL" : "// no op",
        "childStreams" : [ "Accumulate", "Limit" ],
        "imports" : null,
        "parentStreams" : [ ],
        "schema" : null,
        "useEventValue" : true
      },
      "downstreamReferences" : { },
      "isRoot" : true,
      "pattern" : "VAIL",
      "patternVersion" : 1
    },
    "TransformTrigger" : {
      "configuration" : {
        "childStreams" : [ "Accumulate" ],
        "parentStreams" : [ ],
        "transformInPlace" : false,
        "transformation" : {
          "trigger" : {
            "expression" : "\"trigger\"",
            "type" : "expression"
          }
        },
        "upsert" : false
      },
      "downstreamReferences" : { },
      "pattern" : "Transformation",
      "patternVersion" : 1
    }
  },
  "collaboratorRoles" : [ ],
  "componentInterface" : {
    "appOnly" : true,
    "ars_properties" : {
      "category" : "standard",
      "deprecated" : false,
      "description" : "",
      "patternGroup" : "app.component"
    },
    "configurationProperties" : { },
    "events" : {
      "Downstream" : {
        "configurationProperty" : "childStreams",
        "name" : "Downstream",
        "schema" : "inherit",
        "taskName" : "Accumulate"
      }
    },
    "isComponent" : true,
    "name" : "jp.co.vantiq.designpattern.StreamToBulk",
    "results" : { },
    "runtimeProperties" : [ ],
    "templates" : [ "AppGeneration.generateComponent" ]
  },
  "disableBadging" : true,
  "entityRoles" : [ ],
  "isComponent" : true,
  "isEventHandler" : false,
  "keyTypes" : [ "system.collaborations" ],
  "name" : "jp.co.vantiq.designpattern.StreamToBulk"
}