{
  "active" : true,
  "appType" : true,
  "ars_properties" : {
    "dataVersion" : 5,
    "graph" : {
      "lastZoomRequest" : 0,
      "scale" : 0.6577310019836884,
      "translate" : [ 330.437906140424, 38.93377913469624 ]
    },
    "groupSettings" : {
      "appGroupOpenHash" : {
        "actions" : true,
        "component" : true,
        "filters" : true,
        "flowControl" : true,
        "modifiers" : true
      },
      "ctGroupOpenHash" : {
        "actions" : true,
        "mobile" : true
      },
      "ctServiceOpen" : false,
      "serviceGroupOpenHash" : { }
    },
    "paletteWidth" : 170,
    "propertyWidth" : 280
  },
  "ars_relationships" : [ ],
  "assembly" : {
    "BulkInsert" : {
      "configuration" : {
        "parentStreams" : [ "StreamToBulk_Accumulate" ],
        "procedure" : "jp.co.vantiq.designpattern.StreamToBulkInsert.bulkinsert",
        "returnBehavior" : "Use Return Value as Outbound event"
      },
      "downstreamReferences" : { },
      "pattern" : "Procedure",
      "patternVersion" : 1,
      "uuid" : "ddeab64e-809a-48d8-8085-ce749bde07d2"
    },
    "InputStream" : {
      "configuration" : {
        "childStreams" : [ "StreamToBulk" ],
        "inboundResource" : "topics",
        "inboundResourceId" : "/jp.co.vantiq.designpattern.StreamToBulkInsert/InputStream/handler/inbound",
        "parentStreams" : [ ]
      },
      "downstreamReferences" : { },
      "pattern" : "EventStream",
      "patternVersion" : 1,
      "uuid" : "d0468fef-cdb3-4e24-a676-12c27d811a03"
    },
    "StreamToBulk" : {
      "configuration" : {
        "Downstream" : [ "BulkInsert" ],
        "parentStreams" : [ ]
      },
      "downstreamReferences" : { },
      "downstreamUUIDS" : {
        "Downstream" : "794aa489-5237-4f29-8d35-ac2ebac5cb16"
      },
      "isComponent" : true,
      "pattern" : "jp.co.vantiq.designpattern.StreamToBulk",
      "rootTask" : "StreamToBulk_NoOp",
      "uuid" : "197af53e-fa59-4d80-8db7-e8e5e819e355"
    },
    "StreamToBulk_Accumulate" : {
      "componentReference" : "StreamToBulk",
      "configuration" : {
        "childStreams" : [ "BulkInsert" ],
        "enableBadging" : false,
        "imports" : null,
        "parameters" : {
          "event" : "event",
          "max_records" : "1000"
        },
        "parentStreams" : [ "StreamToBulk_TransformTrigger", "StreamToBulk_NoOp" ],
        "partitionKey" : "",
        "procedure" : "jp.co.vantiq.designpattern.StreamToBulkInsert.accumulateRecs",
        "returnBehavior" : "Use Return Value as Outbound event",
        "returnProperty" : null,
        "schema" : null
      },
      "downstreamReferences" : {
        "event" : "Downstream"
      },
      "name" : "StreamToBulk_Accumulate",
      "pattern" : "Procedure",
      "patternVersion" : 1
    },
    "StreamToBulk_Delay" : {
      "componentReference" : "StreamToBulk",
      "configuration" : {
        "childStreams" : [ "StreamToBulk_TransformTrigger" ],
        "delay" : "1 second",
        "enableBadging" : false,
        "imports" : null,
        "parentStreams" : [ "StreamToBulk_Limit" ]
      },
      "downstreamReferences" : { },
      "name" : "StreamToBulk_Delay",
      "pattern" : "Delay",
      "patternVersion" : 1
    },
    "StreamToBulk_Limit" : {
      "componentReference" : "StreamToBulk",
      "configuration" : {
        "childStreams" : [ "StreamToBulk_Delay" ],
        "enableBadging" : false,
        "groupByProperty" : "",
        "interval" : "1 second",
        "maxCount" : 1,
        "parentStreams" : [ "StreamToBulk_NoOp" ]
      },
      "downstreamReferences" : { },
      "name" : "StreamToBulk_Limit",
      "pattern" : "Limit",
      "patternVersion" : 1
    },
    "StreamToBulk_NoOp" : {
      "componentReference" : "StreamToBulk",
      "configuration" : {
        "VAIL" : "// no op",
        "childStreams" : [ "StreamToBulk_Limit", "StreamToBulk_Accumulate" ],
        "enableBadging" : false,
        "imports" : null,
        "parentStreams" : [ "InputStream" ],
        "schema" : null,
        "useEventValue" : true
      },
      "downstreamReferences" : { },
      "isRoot" : true,
      "name" : "StreamToBulk_NoOp",
      "pattern" : "VAIL",
      "patternVersion" : 1
    },
    "StreamToBulk_TransformTrigger" : {
      "componentReference" : "StreamToBulk",
      "configuration" : {
        "childStreams" : [ "StreamToBulk_Accumulate" ],
        "enableBadging" : false,
        "parentStreams" : [ "StreamToBulk_Delay" ],
        "transformInPlace" : false,
        "transformation" : {
          "trigger" : {
            "expression" : "\"trigger\"",
            "type" : "expression"
          }
        },
        "upsert" : false
      },
      "downstreamReferences" : { },
      "name" : "StreamToBulk_TransformTrigger",
      "pattern" : "Transformation",
      "patternVersion" : 1
    }
  },
  "boundService" : "jp.co.vantiq.designpattern.StreamToBulkInsert",
  "collaboratorRoles" : [ ],
  "disableBadging" : true,
  "entityRoles" : [ ],
  "isComponent" : false,
  "isEventHandler" : true,
  "keyTypes" : [ "system.collaborations" ],
  "name" : "jp.co.vantiq.designpattern.StreamToBulkInsert_InputStream_EventHandler"
}