{
  "ars_relationships" : [ ],
  "links" : [ {
    "source" : "procedure/get1",
    "target" : "source/VantiqRender"
  }, {
    "source" : "procedure/get2",
    "target" : "source/VantiqRender"
  }, {
    "source" : "procedure/get3",
    "target" : "source/VantiqRender"
  }, {
    "source" : "procedure/get4",
    "target" : "source/VantiqRender"
  }, {
    "source" : "procedure/post1",
    "target" : "source/VantiqRender"
  }, {
    "source" : "procedure/post2",
    "target" : "source/VantiqRender"
  }, {
    "source" : "procedure/post3",
    "target" : "source/VantiqRender"
  }, {
    "source" : "procedure/post4",
    "target" : "source/VantiqRender"
  }, {
    "source" : "procedure/mqtt1",
    "target" : "source/VantiqMqttBroker"
  } ],
  "name" : "VAIL_Data",
  "options" : {
    "description" : "",
    "dockCollapsed" : {
      "bottom" : false,
      "left" : false,
      "right" : false,
      "top" : false,
      "viewtabs" : false
    },
    "dockDimensions" : {
      "bottom" : 200,
      "debug" : [ 0, 0, 0 ],
      "left" : 210,
      "right" : 220,
      "top" : 0,
      "viewtabs" : 0
    },
    "dockSort" : 1,
    "filterBitArray" : "ffffffffffffffffffffffffffffffff",
    "isModeloProject" : true,
    "layoutStyle" : "tile",
    "openFolders" : [ "procedure", "source" ],
    "rootViewFlavor" : 5,
    "showGrid" : true,
    "tileColumns" : 2,
    "tileRows" : 1,
    "type" : "dev",
    "v" : 5,
    "viewUUID" : "MAINVIEW"
  },
  "partitions" : [ ],
  "resources" : [ {
    "name" : "VantiqMqttBroker",
    "resourceReference" : "/sources/VantiqMqttBroker",
    "timestamp" : "2023-11-20T05:19:14.647Z",
    "type" : 4
  }, {
    "name" : "VantiqRender",
    "resourceReference" : "/sources/VantiqRender",
    "timestamp" : "2023-11-20T05:15:25.137Z",
    "type" : 4
  }, {
    "name" : "get1",
    "procedureName" : "get1",
    "resourceReference" : "/procedures/get1",
    "timestamp" : "2023-11-20T05:15:54.660Z",
    "type" : 3
  }, {
    "name" : "get2",
    "procedureName" : "get2",
    "resourceReference" : "/procedures/get2",
    "timestamp" : "2023-11-20T05:16:26.899Z",
    "type" : 3
  }, {
    "name" : "get3",
    "procedureName" : "get3",
    "resourceReference" : "/procedures/get3",
    "timestamp" : "2023-11-20T05:16:48.016Z",
    "type" : 3
  }, {
    "name" : "get4",
    "procedureName" : "get4",
    "resourceReference" : "/procedures/get4",
    "timestamp" : "2023-11-20T05:17:09.432Z",
    "type" : 3
  }, {
    "name" : "mqtt1",
    "procedureName" : "mqtt1",
    "resourceReference" : "/procedures/mqtt1",
    "timestamp" : "2023-11-20T05:19:28.191Z",
    "type" : 3
  }, {
    "name" : "post1",
    "procedureName" : "post1",
    "resourceReference" : "/procedures/post1",
    "timestamp" : "2023-11-20T05:17:28.084Z",
    "type" : 3
  }, {
    "name" : "post2",
    "procedureName" : "post2",
    "resourceReference" : "/procedures/post2",
    "timestamp" : "2023-11-20T05:17:48.685Z",
    "type" : 3
  }, {
    "name" : "post3",
    "procedureName" : "post3",
    "resourceReference" : "/procedures/post3",
    "timestamp" : "2023-11-20T05:18:13.133Z",
    "type" : 3
  }, {
    "name" : "post4",
    "procedureName" : "post4",
    "resourceReference" : "/procedures/post4",
    "timestamp" : "2023-11-20T05:18:27.861Z",
    "type" : 3
  }, {
    "name" : "sourceName1",
    "procedureName" : "sourceName1",
    "resourceReference" : "/procedures/sourceName1",
    "timestamp" : "2023-11-20T05:20:20.560Z",
    "type" : 3
  }, {
    "name" : "sourceName2",
    "procedureName" : "sourceName2",
    "resourceReference" : "/procedures/sourceName2",
    "timestamp" : "2023-11-20T05:20:24.003Z",
    "type" : 3
  } ],
  "tools" : [ {
    "isPinned" : false,
    "name" : "Errors",
    "type" : 13
  }, {
    "isPinned" : false,
    "name" : "Project Contents",
    "type" : 2
  }, {
    "dockLocation" : "top",
    "isPinned" : false,
    "name" : "非アクティブ ペイン",
    "type" : 99
  } ],
  "type" : "dev",
  "views" : [ {
    "name" : "Project Contents",
    "projectToolKeys" : [ "errorviewer/Errors", "list/Project Contents", "tiledock/非アクティブ ペイン" ]
  } ]
}