{
  "active" : true,
  "appType" : true,
  "ars_properties" : {
    "dataVersion" : 5,
    "graph" : {
      "coordinates" : {
        "0f5fd9a3-1ab9-4333-968f-5be9bc03aca9" : {
          "x" : 97.5,
          "y" : 400
        },
        "177e7769-0cf8-404c-87a3-230981f6d3a1" : {
          "x" : 121.5,
          "y" : 480
        },
        "27932a95-18c6-412a-aae7-d35c96b19613" : {
          "x" : -82.5,
          "y" : 720
        },
        "2dfbf428-0fef-485c-a716-dfa6b86a12d1" : {
          "x" : 487.5,
          "y" : 320
        },
        "3107ea72-ddcf-4666-aadc-8cfa798b3cdb" : {
          "x" : 0,
          "y" : 237.29126832769663
        },
        "400de2b4-8227-43ff-8023-1b6524672083" : {
          "x" : -292.5,
          "y" : 480
        },
        "4634ce32-20b9-429c-ad1b-754e9f4075f6" : {
          "x" : -292.5,
          "y" : 400
        },
        "52996ab9-d76b-4890-874e-c1f2de7f6c7a" : {
          "x" : -82.5,
          "y" : 800
        },
        "5433310b-2c81-4668-abae-3d1e41b7a92c" : {
          "x" : 0,
          "y" : 80
        },
        "56c18f5e-a1bf-4ba1-94eb-a19becffada7" : {
          "x" : -487.5,
          "y" : 480
        },
        "5a68075c-4d13-428c-8c37-e56d202d949c" : {
          "x" : -292.5,
          "y" : 320
        },
        "667748b5-9be0-4f6e-803d-cf4bb9950291" : {
          "x" : -82.5,
          "y" : 880
        },
        "7353f046-5575-4f76-a5ee-0f53b26f5038" : {
          "x" : -292.5,
          "y" : 880
        },
        "7394acdd-be34-4eb0-8d24-e490d9b433a5" : {
          "x" : 487.5,
          "y" : 480
        },
        "78345259-a949-4443-a944-19b252d76d4b" : {
          "x" : 487.5,
          "y" : 400
        },
        "78cb3a41-8da3-4ee5-8a11-7e588727cf19" : {
          "x" : -292.5,
          "y" : 960
        },
        "7ef412e1-7872-4438-8a04-0b8eb893cf3b" : {
          "x" : -292.5,
          "y" : 1200
        },
        "8183517d-2b48-423f-a0e4-2e60271b78d1" : {
          "x" : 121.5,
          "y" : 640
        },
        "837b8186-c7a6-415d-8629-07280b025cc9" : {
          "x" : -487.5,
          "y" : 400
        },
        "8d777c8b-1c10-4e31-808e-76c103fa4021" : {
          "x" : -292.5,
          "y" : 720
        },
        "91d92874-2aea-4eda-846d-122443fa80c9" : {
          "x" : -292.5,
          "y" : 560
        },
        "a3098c06-8a4d-4bc4-a85a-33af1a706cdf" : {
          "x" : -97.5,
          "y" : 320
        },
        "a6628b60-aaca-4708-8d4c-0341d3d33ab3" : {
          "x" : -292.5,
          "y" : 1040
        },
        "aaa01856-d86e-4f46-93d4-9aacd621a22b" : {
          "x" : -82.5,
          "y" : 640
        },
        "b448e7a2-af7f-4655-83e3-3550c9b5c0e1" : {
          "x" : -487.5,
          "y" : 320
        },
        "b658a4e7-813b-40b0-8dce-92cd9678d34d" : {
          "x" : -292.5,
          "y" : 640
        },
        "b6f4a933-1a97-4bb2-8b66-ceec5ef2060b" : {
          "x" : 0,
          "y" : 160
        },
        "c1b266b8-db3b-42ae-85d7-844823c5f7fd" : {
          "x" : -58.5,
          "y" : 480
        },
        "c1bb17ca-5735-43c1-85c4-cce1f77513fd" : {
          "x" : -292.5,
          "y" : 1120
        },
        "c52bbe3a-b494-4599-99a8-94ff70eb6da4" : {
          "x" : 121.5,
          "y" : 560
        },
        "c5c0e59f-ccf6-472d-8e37-fc03fe8f02ef" : {
          "x" : 292.5,
          "y" : 320
        },
        "d3531ec5-a3e9-4e87-b456-fdf820bd7fcb" : {
          "x" : 0,
          "y" : 0
        },
        "d7dfafb0-4682-4161-8958-7c4de10ccf4d" : {
          "x" : 97.5,
          "y" : 320
        },
        "db089fc2-5013-4b3e-9d36-aabc0733653c" : {
          "x" : -76.5,
          "y" : 560
        },
        "dd698de2-b8e6-4bf6-b41d-0bdb68e074cf" : {
          "x" : -97.5,
          "y" : 400
        },
        "e9e25601-d20b-4aff-9336-7eca3ea31d4c" : {
          "x" : -292.5,
          "y" : 800
        },
        "fc7c172a-77fa-4395-9bc3-419652ff9c80" : {
          "x" : 292.5,
          "y" : 400
        }
      },
      "lastZoomRequest" : 0,
      "scale" : 0.42407240508257293,
      "translate" : [ 340.6294443950799, 85.15296362651463 ]
    },
    "groupSettings" : {
      "appGroupOpenHash" : {
        "actions" : true,
        "filters" : true,
        "flowControl" : true,
        "modifiers" : true
      },
      "ctGroupOpenHash" : {
        "actions" : true,
        "mobile" : true
      },
      "ctServiceOpen" : false,
      "serviceGroupOpenHash" : { }
    },
    "isHidden" : false,
    "paletteWidth" : 170,
    "propertyWidth" : 280
  },
  "ars_relationships" : [ ],
  "assembly" : {
    "AC_StreamBind" : {
      "configuration" : {
        "childStreams" : [ "F_StreamAllBinded" ],
        "imports" : null,
        "outboundBehavior" : "Replace outbound event with state value",
        "outboundProperty" : null,
        "parentStreams" : [ "PE_GetWeightTimeSeriesDate", "PE_GetVO2MaxSummaryDate", "PE_GetSubscriptionList", "PE_GetSleepLogList", "PE_GetActivityLogList", "PE_GetNutritionTimeSeriesDateW" ],
        "procedure" : "jp.co.vantiq.common.fitbit.webapi.FitbitApps.StreamBind",
        "resetFrequency" : null,
        "schema" : null,
        "stateProperty" : null
      },
      "downstreamReferences" : { },
      "name" : "AC_StreamBind",
      "pattern" : "AccumulateState",
      "patternVersion" : 3,
      "uuid" : "a6628b60-aaca-4708-8d4c-0341d3d33ab3"
    },
    "EventStream" : {
      "configuration" : {
        "childStreams" : [ "SbG_UserId" ],
        "eventTypeName" : "GetData",
        "inboundResource" : "services",
        "inboundResourceId" : "jp.co.vantiq.common.fitbit.webapi.FitbitApps",
        "parentStreams" : [ ]
      },
      "downstreamReferences" : { },
      "name" : "EventStream",
      "pattern" : "EventStream",
      "patternVersion" : 4,
      "uuid" : "d3531ec5-a3e9-4e87-b456-fdf820bd7fcb"
    },
    "F_StreamAllBinded" : {
      "configuration" : {
        "childStreams" : [ "StT_UserDailyData" ],
        "condition" : "event.count == 6",
        "imports" : null,
        "outboundResource" : null,
        "outboundResourceConfig" : null,
        "outboundResourceId" : null,
        "parentStreams" : [ "AC_StreamBind" ],
        "upsert" : false
      },
      "downstreamReferences" : { },
      "name" : "F_StreamAllBinded",
      "pattern" : "Filter",
      "patternVersion" : 3,
      "uuid" : "c1bb17ca-5735-43c1-85c4-cce1f77513fd"
    },
    "PE_CheckAccessToken" : {
      "configuration" : {
        "childStreams" : [ "X_AddAcParams" ],
        "imports" : null,
        "parameters" : {
          "userId" : "event.user_id"
        },
        "parentStreams" : [ "SbG_UserId" ],
        "partitionKey" : null,
        "procedure" : "jp.co.vantiq.common.fitbit.webapi.FitbitOAuth.CheckAccessToken",
        "returnBehavior" : "Ignore Return Value",
        "returnProperty" : null,
        "schema" : null
      },
      "downstreamReferences" : { },
      "name" : "PE_CheckAccessToken",
      "pattern" : "Procedure",
      "patternVersion" : 2,
      "uuid" : "b6f4a933-1a97-4bb2-8b66-ceec5ef2060b"
    },
    "PE_GetAZMTimeSeriesDate" : {
      "configuration" : {
        "childStreams" : [ "PE_GetActivityGoals" ],
        "imports" : null,
        "parameters" : {
          "date" : "event.date",
          "userId" : "event.user_id"
        },
        "parentStreams" : [ "X_AddAcParams" ],
        "partitionKey" : null,
        "procedure" : "jp.co.vantiq.common.fitbit.webapi.FitbitApi.GetAZMTimeSeriesDate",
        "returnBehavior" : "Attach Return Value to returnProperty",
        "returnProperty" : "AZMTimeSeriesDate",
        "schema" : null
      },
      "downstreamReferences" : { },
      "name" : "PE_GetAZMTimeSeriesDate",
      "pattern" : "Procedure",
      "patternVersion" : 2,
      "uuid" : "b448e7a2-af7f-4655-83e3-3550c9b5c0e1"
    },
    "PE_GetActivityGoals" : {
      "configuration" : {
        "childStreams" : [ "PE_GetActivityLogList" ],
        "imports" : null,
        "parameters" : {
          "period" : "\"daily\"",
          "userId" : "event.user_id"
        },
        "parentStreams" : [ "PE_GetAZMTimeSeriesDate" ],
        "partitionKey" : null,
        "procedure" : "jp.co.vantiq.common.fitbit.webapi.FitbitApi.GetActivityGoals",
        "returnBehavior" : "Attach Return Value to returnProperty",
        "returnProperty" : "ActivityGoals",
        "schema" : null
      },
      "downstreamReferences" : { },
      "name" : "PE_GetActivityGoals",
      "pattern" : "Procedure",
      "patternVersion" : 2,
      "uuid" : "837b8186-c7a6-415d-8629-07280b025cc9"
    },
    "PE_GetActivityLogList" : {
      "configuration" : {
        "childStreams" : [ "AC_StreamBind" ],
        "imports" : null,
        "parameters" : {
          "afterDate" : null,
          "beforeDate" : "event.date",
          "limit" : "1",
          "userId" : "event.user_id"
        },
        "parentStreams" : [ "PE_GetActivityGoals" ],
        "partitionKey" : null,
        "procedure" : "jp.co.vantiq.common.fitbit.webapi.FitbitApi.GetActivityLogList",
        "returnBehavior" : "Attach Return Value to returnProperty",
        "returnProperty" : "ActivityLogList",
        "schema" : null
      },
      "downstreamReferences" : { },
      "name" : "PE_GetActivityLogList",
      "pattern" : "Procedure",
      "patternVersion" : 2,
      "uuid" : "56c18f5e-a1bf-4ba1-94eb-a19becffada7"
    },
    "PE_GetBodyFatLog" : {
      "configuration" : {
        "childStreams" : [ "PE_GetBodyFatTimeSeriesDate" ],
        "imports" : null,
        "parameters" : {
          "date" : "event.date",
          "userId" : "event.user_id"
        },
        "parentStreams" : [ "X_AddAcParams" ],
        "partitionKey" : null,
        "procedure" : "jp.co.vantiq.common.fitbit.webapi.FitbitApi.GetBodyFatLog",
        "returnBehavior" : "Attach Return Value to returnProperty",
        "returnProperty" : "BodyFatLog",
        "schema" : null
      },
      "downstreamReferences" : { },
      "name" : "PE_GetBodyFatLog",
      "pattern" : "Procedure",
      "patternVersion" : 2,
      "uuid" : "5a68075c-4d13-428c-8c37-e56d202d949c"
    },
    "PE_GetBodyFatTimeSeriesDate" : {
      "configuration" : {
        "childStreams" : [ "PE_GetBodyGoals_W" ],
        "imports" : null,
        "parameters" : {
          "date" : "event.date",
          "userId" : "event.user_id"
        },
        "parentStreams" : [ "PE_GetBodyFatLog" ],
        "partitionKey" : null,
        "procedure" : "jp.co.vantiq.common.fitbit.webapi.FitbitApi.GetBodyFatTimeSeriesDate",
        "returnBehavior" : "Attach Return Value to returnProperty",
        "returnProperty" : "BodyFatTimeSeriesDate",
        "schema" : null
      },
      "downstreamReferences" : { },
      "name" : "PE_GetBodyFatTimeSeriesDate",
      "pattern" : "Procedure",
      "patternVersion" : 2,
      "uuid" : "4634ce32-20b9-429c-ad1b-754e9f4075f6"
    },
    "PE_GetBodyGoals_F" : {
      "configuration" : {
        "childStreams" : [ "PE_GetBodyTimeSeriesDateBmi" ],
        "imports" : null,
        "parameters" : {
          "goalType" : "\"fat\"",
          "userId" : "event.user_id"
        },
        "parentStreams" : [ "PE_GetBodyGoals_W" ],
        "partitionKey" : null,
        "procedure" : "jp.co.vantiq.common.fitbit.webapi.FitbitApi.GetBodyGoals",
        "returnBehavior" : "Attach Return Value to returnProperty",
        "returnProperty" : "BodyGoalsF",
        "schema" : null
      },
      "downstreamReferences" : { },
      "name" : "PE_GetBodyGoals_F",
      "pattern" : "Procedure",
      "patternVersion" : 2,
      "uuid" : "91d92874-2aea-4eda-846d-122443fa80c9"
    },
    "PE_GetBodyGoals_W" : {
      "configuration" : {
        "childStreams" : [ "PE_GetBodyGoals_F" ],
        "imports" : null,
        "parameters" : {
          "goalType" : "\"weight\"",
          "userId" : "event.user_id"
        },
        "parentStreams" : [ "PE_GetBodyFatTimeSeriesDate" ],
        "partitionKey" : null,
        "procedure" : "jp.co.vantiq.common.fitbit.webapi.FitbitApi.GetBodyGoals",
        "returnBehavior" : "Attach Return Value to returnProperty",
        "returnProperty" : "BodyGoalsW",
        "schema" : null
      },
      "downstreamReferences" : { },
      "name" : "PE_GetBodyGoals_W",
      "pattern" : "Procedure",
      "patternVersion" : 2,
      "uuid" : "400de2b4-8227-43ff-8023-1b6524672083"
    },
    "PE_GetBodyTimeSeriesDateBmi" : {
      "configuration" : {
        "childStreams" : [ "PE_GetBodyTimeSeriesDateFat" ],
        "imports" : null,
        "parameters" : {
          "date" : "event.date",
          "resource" : "\"bmi\"",
          "userId" : "event.user_id"
        },
        "parentStreams" : [ "PE_GetBodyGoals_F" ],
        "partitionKey" : null,
        "procedure" : "jp.co.vantiq.common.fitbit.webapi.FitbitApi.GetBodyTimeSeriesDate",
        "returnBehavior" : "Attach Return Value to returnProperty",
        "returnProperty" : "BodyTimeSeriesDateBmi",
        "schema" : null
      },
      "downstreamReferences" : { },
      "name" : "PE_GetBodyTimeSeriesDateBmi",
      "pattern" : "Procedure",
      "patternVersion" : 2,
      "uuid" : "b658a4e7-813b-40b0-8dce-92cd9678d34d"
    },
    "PE_GetBodyTimeSeriesDateFat" : {
      "configuration" : {
        "childStreams" : [ "PE_GetBodyTimeSeriesDateWeight" ],
        "imports" : null,
        "parameters" : {
          "date" : "event.date",
          "resource" : "\"fat\"",
          "userId" : "event.user_id"
        },
        "parentStreams" : [ "PE_GetBodyTimeSeriesDateBmi" ],
        "partitionKey" : null,
        "procedure" : "jp.co.vantiq.common.fitbit.webapi.FitbitApi.GetBodyTimeSeriesDate",
        "returnBehavior" : "Attach Return Value to returnProperty",
        "returnProperty" : "BodyTimeSeriesDateFat",
        "schema" : null
      },
      "downstreamReferences" : { },
      "name" : "PE_GetBodyTimeSeriesDateFat",
      "pattern" : "Procedure",
      "patternVersion" : 2,
      "uuid" : "8d777c8b-1c10-4e31-808e-76c103fa4021"
    },
    "PE_GetBodyTimeSeriesDateWeight" : {
      "configuration" : {
        "childStreams" : [ "PE_GetWeightLog" ],
        "imports" : null,
        "parameters" : {
          "date" : "event.date",
          "resource" : "\"weight\"",
          "userId" : "event.user_id"
        },
        "parentStreams" : [ "PE_GetBodyTimeSeriesDateFat" ],
        "partitionKey" : null,
        "procedure" : "jp.co.vantiq.common.fitbit.webapi.FitbitApi.GetBodyTimeSeriesDate",
        "returnBehavior" : "Attach Return Value to returnProperty",
        "returnProperty" : "BodyTimeSeriesDateWeight",
        "schema" : null
      },
      "downstreamReferences" : { },
      "name" : "PE_GetBodyTimeSeriesDateWeight",
      "pattern" : "Procedure",
      "patternVersion" : 2,
      "uuid" : "e9e25601-d20b-4aff-9336-7eca3ea31d4c"
    },
    "PE_GetBreathingRateSummaryDate" : {
      "configuration" : {
        "childStreams" : [ "PE_GetHRVSummaryDate" ],
        "imports" : null,
        "parameters" : {
          "date" : "event.date",
          "userId" : "event.user_id"
        },
        "parentStreams" : [ "PE_GetECGLogList" ],
        "partitionKey" : null,
        "procedure" : "jp.co.vantiq.common.fitbit.webapi.FitbitApi.GetBreathingRateSummaryDate",
        "returnBehavior" : "Attach Return Value to returnProperty",
        "returnProperty" : "BreathingRateSummaryDate",
        "schema" : null
      },
      "downstreamReferences" : { },
      "name" : "PE_GetBreathingRateSummaryDate",
      "pattern" : "Procedure",
      "patternVersion" : 2,
      "uuid" : "dd698de2-b8e6-4bf6-b41d-0bdb68e074cf"
    },
    "PE_GetDevices" : {
      "configuration" : {
        "childStreams" : [ "PE_GetFriends" ],
        "imports" : null,
        "parameters" : {
          "userId" : "event.user_id"
        },
        "parentStreams" : [ "X_AddAcParams" ],
        "partitionKey" : null,
        "procedure" : "jp.co.vantiq.common.fitbit.webapi.FitbitApi.GetDevices",
        "returnBehavior" : "Attach Return Value to returnProperty",
        "returnProperty" : "Devices",
        "schema" : null
      },
      "downstreamReferences" : { },
      "name" : "PE_GetDevices",
      "pattern" : "Procedure",
      "patternVersion" : 2,
      "uuid" : "d7dfafb0-4682-4161-8958-7c4de10ccf4d"
    },
    "PE_GetECGLogList" : {
      "configuration" : {
        "childStreams" : [ "PE_GetBreathingRateSummaryDate" ],
        "imports" : null,
        "parameters" : {
          "beforeDate" : "event.date",
          "limit" : "1",
          "userId" : "event.user_id"
        },
        "parentStreams" : [ "X_AddAcParams" ],
        "partitionKey" : null,
        "procedure" : "jp.co.vantiq.common.fitbit.webapi.FitbitApi.GetECGLogList",
        "returnBehavior" : "Attach Return Value to returnProperty",
        "returnProperty" : "ECGLogList",
        "schema" : null
      },
      "downstreamReferences" : { },
      "name" : "PE_GetECGLogList",
      "pattern" : "Procedure",
      "patternVersion" : 2,
      "uuid" : "a3098c06-8a4d-4bc4-a85a-33af1a706cdf"
    },
    "PE_GetFriends" : {
      "configuration" : {
        "childStreams" : [ "PE_GetFriendsLeaderboard" ],
        "imports" : null,
        "parameters" : {
          "userId" : "event.user_id"
        },
        "parentStreams" : [ "PE_GetDevices" ],
        "partitionKey" : null,
        "procedure" : "jp.co.vantiq.common.fitbit.webapi.FitbitApi.GetFriends",
        "returnBehavior" : "Attach Return Value to returnProperty",
        "returnProperty" : "Friends",
        "schema" : null
      },
      "downstreamReferences" : { },
      "name" : "PE_GetFriends",
      "pattern" : "Procedure",
      "patternVersion" : 2,
      "uuid" : "0f5fd9a3-1ab9-4333-968f-5be9bc03aca9"
    },
    "PE_GetFriendsLeaderboard" : {
      "configuration" : {
        "childStreams" : [ "PE_GetProfile" ],
        "imports" : null,
        "parameters" : {
          "userId" : "event.user_id"
        },
        "parentStreams" : [ "PE_GetFriends" ],
        "partitionKey" : null,
        "procedure" : "jp.co.vantiq.common.fitbit.webapi.FitbitApi.GetFriendsLeaderboard",
        "returnBehavior" : "Attach Return Value to returnProperty",
        "returnProperty" : "FriendsLeaderboard",
        "schema" : null
      },
      "downstreamReferences" : { },
      "name" : "PE_GetFriendsLeaderboard",
      "pattern" : "Procedure",
      "patternVersion" : 2,
      "uuid" : "177e7769-0cf8-404c-87a3-230981f6d3a1"
    },
    "PE_GetHRVSummaryDate" : {
      "configuration" : {
        "childStreams" : [ "PE_GetHeartRateTimeSeriesDate" ],
        "imports" : null,
        "parameters" : {
          "date" : "event.date",
          "userId" : "event.user_id"
        },
        "parentStreams" : [ "PE_GetBreathingRateSummaryDate" ],
        "partitionKey" : null,
        "procedure" : "jp.co.vantiq.common.fitbit.webapi.FitbitApi.GetHRVSummaryDate",
        "returnBehavior" : "Attach Return Value to returnProperty",
        "returnProperty" : "HRVSummaryDate",
        "schema" : null
      },
      "downstreamReferences" : { },
      "name" : "PE_GetHRVSummaryDate",
      "pattern" : "Procedure",
      "patternVersion" : 2,
      "uuid" : "c1b266b8-db3b-42ae-85d7-844823c5f7fd"
    },
    "PE_GetHeartRateTimeSeriesDate" : {
      "configuration" : {
        "childStreams" : [ "PE_GetSpO2SummaryDate" ],
        "imports" : null,
        "parameters" : {
          "date" : "event.date",
          "userId" : "event.user_id"
        },
        "parentStreams" : [ "PE_GetHRVSummaryDate" ],
        "partitionKey" : null,
        "procedure" : "jp.co.vantiq.common.fitbit.webapi.FitbitApi.GetHeartRateTimeSeriesDate",
        "returnBehavior" : "Attach Return Value to returnProperty",
        "returnProperty" : "HeartRateTimeSeriesDate",
        "schema" : null
      },
      "downstreamReferences" : { },
      "name" : "PE_GetHeartRateTimeSeriesDate",
      "pattern" : "Procedure",
      "patternVersion" : 2,
      "uuid" : "db089fc2-5013-4b3e-9d36-aabc0733653c"
    },
    "PE_GetNutritionTimeSeriesDateC" : {
      "configuration" : {
        "childStreams" : [ "PE_GetNutritionTimeSeriesDateW" ],
        "imports" : null,
        "parameters" : {
          "date" : "event.date",
          "resource" : "\"caloriesIn\"",
          "userId" : "event.user_id"
        },
        "parentStreams" : [ "X_AddAcParams" ],
        "partitionKey" : null,
        "procedure" : "jp.co.vantiq.common.fitbit.webapi.FitbitApi.GetNutritionTimeSeriesDate",
        "returnBehavior" : "Attach Return Value to returnProperty",
        "returnProperty" : "NutritionTimeSeriesDate",
        "schema" : null
      },
      "downstreamReferences" : { },
      "name" : "PE_GetNutritionTimeSeriesDateC",
      "pattern" : "Procedure",
      "patternVersion" : 2,
      "uuid" : "c5c0e59f-ccf6-472d-8e37-fc03fe8f02ef"
    },
    "PE_GetNutritionTimeSeriesDateW" : {
      "configuration" : {
        "childStreams" : [ "AC_StreamBind" ],
        "imports" : null,
        "parameters" : {
          "date" : "event.date",
          "resource" : "\"water\"",
          "userId" : "event.user_id"
        },
        "parentStreams" : [ "PE_GetNutritionTimeSeriesDateC" ],
        "partitionKey" : null,
        "procedure" : "jp.co.vantiq.common.fitbit.webapi.FitbitApi.GetNutritionTimeSeriesDate",
        "returnBehavior" : "Attach Return Value to returnProperty",
        "returnProperty" : "NutritionTimeSeriesDateW",
        "schema" : null
      },
      "downstreamReferences" : { },
      "name" : "PE_GetNutritionTimeSeriesDateW",
      "pattern" : "Procedure",
      "patternVersion" : 2,
      "uuid" : "fc7c172a-77fa-4395-9bc3-419652ff9c80"
    },
    "PE_GetProfile" : {
      "configuration" : {
        "childStreams" : [ "PE_GetSubscriptionList" ],
        "imports" : null,
        "parameters" : {
          "userId" : "event.user_id"
        },
        "parentStreams" : [ "PE_GetFriendsLeaderboard" ],
        "partitionKey" : null,
        "procedure" : "jp.co.vantiq.common.fitbit.webapi.FitbitApi.GetProfile",
        "returnBehavior" : "Attach Return Value to returnProperty",
        "returnProperty" : "Profile",
        "schema" : null
      },
      "downstreamReferences" : { },
      "name" : "PE_GetProfile",
      "pattern" : "Procedure",
      "patternVersion" : 2,
      "uuid" : "c52bbe3a-b494-4599-99a8-94ff70eb6da4"
    },
    "PE_GetSleepGoal" : {
      "configuration" : {
        "childStreams" : [ "PE_GetSleepLogDate" ],
        "imports" : null,
        "parameters" : {
          "userId" : "event.user_id"
        },
        "parentStreams" : [ "X_AddAcParams" ],
        "partitionKey" : null,
        "procedure" : "jp.co.vantiq.common.fitbit.webapi.FitbitApi.GetSleepGoal",
        "returnBehavior" : "Attach Return Value to returnProperty",
        "returnProperty" : "SleepGoal",
        "schema" : null
      },
      "downstreamReferences" : { },
      "name" : "PE_GetSleepGoal",
      "pattern" : "Procedure",
      "patternVersion" : 2,
      "uuid" : "2dfbf428-0fef-485c-a716-dfa6b86a12d1"
    },
    "PE_GetSleepLogDate" : {
      "configuration" : {
        "childStreams" : [ "PE_GetSleepLogList" ],
        "imports" : null,
        "parameters" : {
          "date" : "event.date",
          "userId" : "event.user_id"
        },
        "parentStreams" : [ "PE_GetSleepGoal" ],
        "partitionKey" : null,
        "procedure" : "jp.co.vantiq.common.fitbit.webapi.FitbitApi.GetSleepLogDate",
        "returnBehavior" : "Attach Return Value to returnProperty",
        "returnProperty" : "SleepLogDate",
        "schema" : null
      },
      "downstreamReferences" : { },
      "name" : "PE_GetSleepLogDate",
      "pattern" : "Procedure",
      "patternVersion" : 2,
      "uuid" : "78345259-a949-4443-a944-19b252d76d4b"
    },
    "PE_GetSleepLogList" : {
      "configuration" : {
        "childStreams" : [ "AC_StreamBind" ],
        "imports" : null,
        "parameters" : {
          "beforeDate" : "event.date",
          "limit" : "1",
          "userId" : "event.user_id"
        },
        "parentStreams" : [ "PE_GetSleepLogDate" ],
        "partitionKey" : null,
        "procedure" : "jp.co.vantiq.common.fitbit.webapi.FitbitApi.GetSleepLogList",
        "returnBehavior" : "Attach Return Value to returnProperty",
        "returnProperty" : "SleepLogList",
        "schema" : null
      },
      "downstreamReferences" : { },
      "name" : "PE_GetSleepLogList",
      "pattern" : "Procedure",
      "patternVersion" : 2,
      "uuid" : "7394acdd-be34-4eb0-8d24-e490d9b433a5"
    },
    "PE_GetSpO2SummaryDate" : {
      "configuration" : {
        "childStreams" : [ "PE_GetTemperatureCoreSummaryDate" ],
        "imports" : null,
        "parameters" : {
          "date" : "event.date",
          "userId" : "event.user_id"
        },
        "parentStreams" : [ "PE_GetHeartRateTimeSeriesDate" ],
        "partitionKey" : null,
        "procedure" : "jp.co.vantiq.common.fitbit.webapi.FitbitApi.GetSpO2SummaryDate",
        "returnBehavior" : "Attach Return Value to returnProperty",
        "returnProperty" : "SpO2SummaryDate",
        "schema" : null
      },
      "downstreamReferences" : { },
      "name" : "PE_GetSpO2SummaryDate",
      "pattern" : "Procedure",
      "patternVersion" : 2,
      "uuid" : "aaa01856-d86e-4f46-93d4-9aacd621a22b"
    },
    "PE_GetSubscriptionList" : {
      "configuration" : {
        "childStreams" : [ "AC_StreamBind" ],
        "imports" : null,
        "parameters" : {
          "collectionPath" : "\"all\"",
          "userId" : "event.user_id"
        },
        "parentStreams" : [ "PE_GetProfile" ],
        "partitionKey" : null,
        "procedure" : "jp.co.vantiq.common.fitbit.webapi.FitbitApi.GetSubscriptionList",
        "returnBehavior" : "Attach Return Value to returnProperty",
        "returnProperty" : "SubscriptionList",
        "schema" : null
      },
      "downstreamReferences" : { },
      "name" : "PE_GetSubscriptionList",
      "pattern" : "Procedure",
      "patternVersion" : 2,
      "uuid" : "8183517d-2b48-423f-a0e4-2e60271b78d1"
    },
    "PE_GetTemperatureCoreSummaryDate" : {
      "configuration" : {
        "childStreams" : [ "PE_GetTemperatureSkinSummaryDate" ],
        "imports" : null,
        "parameters" : {
          "date" : "event.date",
          "userId" : "event.user_id"
        },
        "parentStreams" : [ "PE_GetSpO2SummaryDate" ],
        "partitionKey" : null,
        "procedure" : "jp.co.vantiq.common.fitbit.webapi.FitbitApi.GetTemperatureCoreSummaryDate",
        "returnBehavior" : "Attach Return Value to returnProperty",
        "returnProperty" : "TemperatureCoreSummaryDate",
        "schema" : null
      },
      "downstreamReferences" : { },
      "name" : "PE_GetTemperatureCoreSummaryDate",
      "pattern" : "Procedure",
      "patternVersion" : 2,
      "uuid" : "27932a95-18c6-412a-aae7-d35c96b19613"
    },
    "PE_GetTemperatureSkinSummaryDate" : {
      "configuration" : {
        "childStreams" : [ "PE_GetVO2MaxSummaryDate" ],
        "imports" : null,
        "parameters" : {
          "date" : "event.date",
          "userId" : "event.user_id"
        },
        "parentStreams" : [ "PE_GetTemperatureCoreSummaryDate" ],
        "partitionKey" : null,
        "procedure" : "jp.co.vantiq.common.fitbit.webapi.FitbitApi.GetTemperatureSkinSummaryDate",
        "returnBehavior" : "Attach Return Value to returnProperty",
        "returnProperty" : "TemperatureSkinSummaryDate",
        "schema" : null
      },
      "downstreamReferences" : { },
      "name" : "PE_GetTemperatureSkinSummaryDate",
      "pattern" : "Procedure",
      "patternVersion" : 2,
      "uuid" : "52996ab9-d76b-4890-874e-c1f2de7f6c7a"
    },
    "PE_GetVO2MaxSummaryDate" : {
      "configuration" : {
        "childStreams" : [ "AC_StreamBind" ],
        "imports" : null,
        "parameters" : {
          "date" : "event.date",
          "userId" : "event.user_id"
        },
        "parentStreams" : [ "PE_GetTemperatureSkinSummaryDate" ],
        "partitionKey" : null,
        "procedure" : "jp.co.vantiq.common.fitbit.webapi.FitbitApi.GetVO2MaxSummaryDate",
        "returnBehavior" : "Attach Return Value to returnProperty",
        "returnProperty" : "VO2MaxSummaryDate",
        "schema" : null
      },
      "downstreamReferences" : { },
      "name" : "PE_GetVO2MaxSummaryDate",
      "pattern" : "Procedure",
      "patternVersion" : 2,
      "uuid" : "667748b5-9be0-4f6e-803d-cf4bb9950291"
    },
    "PE_GetWeightLog" : {
      "configuration" : {
        "childStreams" : [ "PE_GetWeightTimeSeriesDate" ],
        "imports" : null,
        "parameters" : {
          "date" : "event.date",
          "userId" : "event.user_id"
        },
        "parentStreams" : [ "PE_GetBodyTimeSeriesDateWeight" ],
        "partitionKey" : null,
        "procedure" : "jp.co.vantiq.common.fitbit.webapi.FitbitApi.GetWeightLog",
        "returnBehavior" : "Attach Return Value to returnProperty",
        "returnProperty" : "WeightLog",
        "schema" : null
      },
      "downstreamReferences" : { },
      "name" : "PE_GetWeightLog",
      "pattern" : "Procedure",
      "patternVersion" : 2,
      "uuid" : "7353f046-5575-4f76-a5ee-0f53b26f5038"
    },
    "PE_GetWeightTimeSeriesDate" : {
      "configuration" : {
        "childStreams" : [ "AC_StreamBind" ],
        "imports" : null,
        "parameters" : {
          "date" : "event.date",
          "userId" : "event.user_id"
        },
        "parentStreams" : [ "PE_GetWeightLog" ],
        "partitionKey" : null,
        "procedure" : "jp.co.vantiq.common.fitbit.webapi.FitbitApi.GetWeightTimeSeriesDate",
        "returnBehavior" : "Attach Return Value to returnProperty",
        "returnProperty" : "WeightTimeSeriesDate",
        "schema" : null
      },
      "downstreamReferences" : { },
      "name" : "PE_GetWeightTimeSeriesDate",
      "pattern" : "Procedure",
      "patternVersion" : 2,
      "uuid" : "78cb3a41-8da3-4ee5-8a11-7e588727cf19"
    },
    "SbG_UserId" : {
      "configuration" : {
        "childStreams" : [ "PE_CheckAccessToken" ],
        "groupBy" : "event.user_id",
        "groupByWindow" : null,
        "imports" : null,
        "maxOpenGroups" : null,
        "parentStreams" : [ "EventStream" ]
      },
      "downstreamReferences" : { },
      "name" : "SbG_UserId",
      "pattern" : "SplitByGroup",
      "patternVersion" : 3,
      "uuid" : "5433310b-2c81-4668-abae-3d1e41b7a92c"
    },
    "StT_UserDailyData" : {
      "configuration" : {
        "childStreams" : null,
        "parentStreams" : [ "F_StreamAllBinded" ],
        "type" : "jp.co.vantiq.common.fitbit.webapi.FitbitApps.UserDailyData",
        "upsert" : false
      },
      "downstreamReferences" : { },
      "name" : "StT_UserDailyData",
      "pattern" : "SaveToType",
      "patternVersion" : 1,
      "uuid" : "7ef412e1-7872-4438-8a04-0b8eb893cf3b"
    },
    "X_AddAcParams" : {
      "configuration" : {
        "childStreams" : [ "PE_GetECGLogList", "PE_GetBodyFatLog", "PE_GetAZMTimeSeriesDate", "PE_GetDevices", "PE_GetNutritionTimeSeriesDateC", "PE_GetSleepGoal" ],
        "imports" : null,
        "outboundResource" : null,
        "outboundResourceConfig" : null,
        "outboundResourceId" : null,
        "parentStreams" : [ "PE_CheckAccessToken" ],
        "schema" : null,
        "transformInPlace" : true,
        "transformation" : {
          "timestamp" : {
            "expression" : "now()",
            "type" : "expression"
          }
        },
        "upsert" : false
      },
      "downstreamReferences" : { },
      "name" : "X_AddAcParams",
      "pattern" : "Transformation",
      "patternVersion" : 3,
      "uuid" : "3107ea72-ddcf-4666-aadc-8cfa798b3cdb"
    }
  },
  "boundEventType" : "GetData",
  "collaboratorRoles" : [ ],
  "contextualizedAssembly" : { },
  "disableBadging" : false,
  "entityRoles" : [ ],
  "isComponent" : false,
  "isEventHandler" : true,
  "keyTypes" : [ "system.collaborations" ],
  "name" : "jp.co.vantiq.common.fitbit.webapi.FitbitApps.GetData"
}