{
  "active" : true,
  "ars_relationships" : [ ],
  "description" : null,
  "eventTypes" : {
    "ScheduledTrigger" : {
      "direction" : "INBOUND",
      "implementingResource" : "/collaborationtypes/jp.co.vantiq.designpattern.PollingToStream_ScheduledTrigger_EventHandler"
    },
    "pollingResult" : {
      "direction" : "OUTBOUND",
      "implementingEventPath" : "/topics//jp.co.vantiq.designpattern.PollingToStream/pollingResult/outbound",
      "isReliable" : false
    }
  },
  "globalType" : "jp.co.vantiq.designpattern.PollingToStream_Global",
  "interface" : [ {
    "name" : "polling",
    "parameters" : [ {
      "description" : null,
      "multi" : false,
      "name" : "from",
      "required" : false,
      "type" : "DateTime"
    }, {
      "description" : null,
      "multi" : false,
      "name" : "To",
      "required" : false,
      "type" : "DateTime"
    } ]
  }, {
    "name" : "updateLastExecutionDate",
    "parameters" : [ ]
  } ],
  "name" : "jp.co.vantiq.designpattern.PollingToStream",
  "partitionedType" : null,
  "scheduledProcedures" : { }
}