{
  "active" : true,
  "ars_relationships" : [ ],
  "description" : null,
  "eventTypes" : {
    "Control" : {
      "direction" : "INBOUND",
      "eventSchema" : "jp.co.vantiq.designpattern.AirConditionerControl",
      "implementingEventPath" : "/topics//jp.co.vantiq.designpattern/control/inbound"
    },
    "Humidity" : {
      "direction" : "INBOUND",
      "eventSchema" : "jp.co.vantiq.designpattern.HumidityType",
      "implementingEventPath" : "/topics//jp.co.vantiq.designpattern/humidity/inbound"
    },
    "Temp" : {
      "direction" : "INBOUND",
      "eventSchema" : "jp.co.vantiq.designpattern.TempType",
      "implementingEventPath" : "/topics//jp.co.vantiq.designpattern/temperature/inbound"
    }
  },
  "globalType" : null,
  "interface" : [ {
    "name" : "AccumulateStateStateGet",
    "parameters" : [ {
      "default" : null,
      "description" : null,
      "multi" : false,
      "name" : "partitionKey",
      "required" : false,
      "type" : "String"
    } ]
  }, {
    "name" : "AccumulateStateStateReset",
    "parameters" : [ {
      "default" : null,
      "description" : null,
      "multi" : false,
      "name" : "partitionKey",
      "required" : false,
      "type" : "String"
    } ]
  }, {
    "name" : "AccumulateStateStateUpdate",
    "parameters" : [ {
      "default" : null,
      "description" : null,
      "multi" : false,
      "name" : "partitionKey",
      "required" : false,
      "type" : "String"
    }, {
      "default" : null,
      "description" : null,
      "multi" : false,
      "name" : "event",
      "required" : false,
      "type" : "Object"
    } ]
  } ],
  "name" : "jp.co.vantiq.designpattern.ControlACApp",
  "partitionedType" : "jp.co.vantiq.designpattern.ControlACApp.PartitionedAppState",
  "scheduledProcedures" : { }
}