{
  "active" : true,
  "appType" : true,
  "ars_properties" : {
    "dataVersion" : 5,
    "graph" : {
      "lastZoomRequest" : 0,
      "scale" : 0.5498505000850372,
      "translate" : [ 402.5354615595387, -31.798895793270816 ]
    },
    "groupSettings" : {
      "appGroupOpenHash" : {
        "actions" : true,
        "filters" : true,
        "flowControl" : true,
        "modifiers" : true
      },
      "ctGroupOpenHash" : {
        "actions" : true,
        "mobile" : true
      },
      "ctServiceOpen" : false,
      "serviceGroupOpenHash" : { }
    },
    "paletteWidth" : 170,
    "propertyWidth" : 280
  },
  "ars_relationships" : [ ],
  "assembly" : {
    "Delay" : {
      "configuration" : {
        "childStreams" : [ ],
        "delay" : "1 second",
        "imports" : null,
        "parentStreams" : [ "saveBatchStatus" ]
      },
      "downstreamReferences" : { },
      "pattern" : "Delay",
      "patternVersion" : 1,
      "uuid" : "0c20b95e-5212-4214-9bc7-48171515a55b"
    },
    "GetBatchList" : {
      "configuration" : {
        "childStreams" : [ "GetToday" ],
        "imports" : null,
        "parameters" : null,
        "parentStreams" : [ "Initiate" ],
        "partitionKey" : "\"dummy\"",
        "procedure" : "jp.co.vantiq.designpattern.LoopWhileBatch.getBatchList",
        "returnBehavior" : "Attach Return Value to returnProperty",
        "returnProperty" : "batchList",
        "schema" : null
      },
      "downstreamReferences" : { },
      "pattern" : "Procedure",
      "patternVersion" : 1,
      "uuid" : "65173ef4-a8d8-4dee-84ad-a8a7fa968dbb"
    },
    "GetToday" : {
      "configuration" : {
        "childStreams" : [ "SaveBatchList" ],
        "imports" : null,
        "outboundResource" : null,
        "outboundResourceConfig" : null,
        "outboundResourceId" : null,
        "parentStreams" : [ "GetBatchList" ],
        "schema" : null,
        "transformInPlace" : true,
        "transformation" : {
          "date" : {
            "expression" : "format(\"{0,date,yyyyMMdd}\", now())",
            "type" : "expression"
          }
        },
        "upsert" : false
      },
      "downstreamReferences" : { },
      "pattern" : "Transformation",
      "patternVersion" : 1,
      "uuid" : "9035bbcc-3904-4087-8b2c-f1dffe0b44b5"
    },
    "Initiate" : {
      "configuration" : {
        "childStreams" : [ "GetBatchList" ],
        "inboundResource" : "topics",
        "inboundResourceId" : "/jp.co.vantiq.designpattern.LoopWhileBatch/initiate/handler/inbound",
        "parentStreams" : [ ]
      },
      "downstreamReferences" : { },
      "pattern" : "EventStream",
      "patternVersion" : 1,
      "uuid" : "1f78843a-7358-4d7f-844a-4d1ece5a53c7"
    },
    "LoopWhile" : {
      "configuration" : {
        "condition" : "counter < event.batchList.size()",
        "counterProperty" : "counter",
        "imports" : null,
        "maxRetryCount" : null,
        "onceFalseStreams" : [ "NotifyComplete" ],
        "parentStreams" : [ "SaveBatchList" ],
        "whileTrueStreams" : [ "SomeProcess" ]
      },
      "downstreamReferences" : { },
      "downstreamUUIDS" : {
        "onceFalse" : "e90926ee-e0b8-406b-9fb6-40159646f88a",
        "whileTrue" : "66a55ee0-0e14-421b-88d8-ce7275c9c6f1"
      },
      "pattern" : "LoopWhile",
      "patternVersion" : 1,
      "uuid" : "ec98b471-b12d-44d4-b66d-1cda7fc54eea"
    },
    "NotifyComplete" : {
      "configuration" : {
        "catalog" : null,
        "childStreams" : null,
        "event" : null,
        "inboundResource" : "topics",
        "inboundResourceId" : "/jp.co.vantiq.designpattern.LoopWhileBatch/notifyComplete/handler/inbound",
        "parentStreams" : [ "LoopWhile:onceFalse" ],
        "processedByClause" : "",
        "topic" : "/jp.co.vantiq.designpattern.LoopWhileBatch/notifyComplete/outbound"
      },
      "downstreamReferences" : { },
      "pattern" : "PublishToTopic",
      "patternVersion" : 1,
      "uuid" : "7bcefce9-279f-4719-8314-6803bde84b56"
    },
    "SaveBatchList" : {
      "configuration" : {
        "childStreams" : [ "LoopWhile" ],
        "imports" : null,
        "parameters" : {
          "batchList" : "event.batchList",
          "date" : "event.date"
        },
        "parentStreams" : [ "GetToday" ],
        "partitionKey" : "\"dummy\"",
        "procedure" : "jp.co.vantiq.designpattern.LoopWhileBatch.saveBatchList",
        "returnBehavior" : "Attach Return Value to returnProperty",
        "returnProperty" : "saveBatchList",
        "schema" : null
      },
      "downstreamReferences" : { },
      "pattern" : "Procedure",
      "patternVersion" : 1,
      "uuid" : "a88b9617-6bdf-4a54-85b1-a3ad7096952e"
    },
    "SomeProcess" : {
      "configuration" : {
        "childStreams" : [ "saveBatchStatus" ],
        "imports" : null,
        "parameters" : {
          "batchName" : "event.batchList[event.counter]"
        },
        "parentStreams" : [ "LoopWhile:whileTrue" ],
        "partitionKey" : "\"dummy\"",
        "procedure" : "jp.co.vantiq.designpattern.LoopWhileBatch.someProcess",
        "returnBehavior" : "Attach Return Value to returnProperty",
        "returnProperty" : "batchStatus",
        "schema" : null
      },
      "downstreamReferences" : { },
      "pattern" : "Procedure",
      "patternVersion" : 1,
      "uuid" : "c17c544f-a0be-4ce4-88d9-36bfb9e0dd83"
    },
    "saveBatchStatus" : {
      "configuration" : {
        "childStreams" : [ "Delay" ],
        "imports" : null,
        "parameters" : {
          "batchName" : "event.batchList[event.counter]",
          "date" : "event.date",
          "status" : "event.batchStatus"
        },
        "parentStreams" : [ "SomeProcess" ],
        "partitionKey" : "\"dummy\"",
        "procedure" : "jp.co.vantiq.designpattern.LoopWhileBatch.saveBatchStatus",
        "returnBehavior" : "Attach Return Value to returnProperty",
        "returnProperty" : "saveBatchStatus",
        "schema" : null
      },
      "downstreamReferences" : { },
      "pattern" : "Procedure",
      "patternVersion" : 1,
      "uuid" : "cec985a1-167b-4c84-b62b-c9324f27c9f6"
    }
  },
  "boundService" : "jp.co.vantiq.designpattern.LoopWhileBatch",
  "collaboratorRoles" : [ ],
  "disableBadging" : false,
  "entityRoles" : [ ],
  "isComponent" : false,
  "isEventHandler" : true,
  "keyTypes" : [ "system.collaborations" ],
  "name" : "jp.co.vantiq.designpattern.LoopWhileBatch_initiate_EventHandler"
}