{
  "activationConstraint" : "",
  "active" : false,
  "ars_properties" : null,
  "config" : {
    "contentType" : "application/json",
    "enabledSaslMechanisms" : [ "PLAIN" ],
    "password" : "password",
    "passwordType" : "string",
    "serverURIs" : [ "amqps://servicebus.windows.net:5671" ],
    "topics" : [ "eh_topic/ConsumerGroups/$default/Partitions/0" ],
    "username" : "RootManageSharedAccessKey"
  },
  "direction" : "BOTH",
  "messageType" : null,
  "mockMode" : false,
  "mockProcedures" : {
    "publish" : "procedure_mocking",
    "query" : "mocking_pub"
  },
  "name" : "AMQP_EH",
  "type" : "AMQP"
}