{
  "activationConstraint" : "",
  "active" : false,
  "ars_properties" : null,
  "config" : {
    "bootstrap.servers" : "sb://servicebus.windows.net:9093",
    "consumer.group.id" : "$Default",
    "consumer.topics" : [ "eh_topic" ],
    "sasl.jaas.config" : "org.apache.kafka.common.security.plain.PlainLoginModule required username=\"$ConnectionString\" password=\"Endpoint=sb://<>.servicebus.windows.net/;SharedAccessKeyName=RootManageSharedAccessKey;SharedAccessKey=<>\";",
    "sasl.mechanism" : "PLAIN",
    "security.protocol" : "SASL_SSL"
  },
  "direction" : "BOTH",
  "messageType" : null,
  "mockProcedures" : { },
  "name" : "KAFKA_EH",
  "type" : "KAFKA"
}