{
  "active" : true,
  "appType" : true,
  "ars_properties" : {
    "dataVersion" : 5,
    "graph" : {
      "lastZoomRequest" : 0,
      "scale" : 2.343821623270498,
      "translate" : [ 275, 103.49426790311767 ]
    },
    "groupSettings" : {
      "appGroupOpenHash" : {
        "actions" : true,
        "filters" : true,
        "flowControl" : true
      },
      "ctGroupOpenHash" : {
        "actions" : true,
        "mobile" : true
      },
      "ctServiceOpen" : false,
      "serviceGroupOpenHash" : { }
    }
  },
  "ars_relationships" : [ ],
  "assembly" : {
    "ConvertTemperature" : {
      "configuration" : {
        "childStreams" : [ "LogStream" ],
        "imports" : null,
        "parameters" : null,
        "parentStreams" : [ "Event" ],
        "partitionKey" : "",
        "procedure" : "convertTemperature",
        "returnBehavior" : "Use Return Value as Outbound event",
        "returnProperty" : null,
        "schema" : null
      },
      "downstreamReferences" : { },
      "pattern" : "Procedure",
      "patternVersion" : 1,
      "uuid" : "9458f2c1-c537-4dc2-bc68-3fe668f8a601"
    },
    "Event" : {
      "configuration" : {
        "childStreams" : [ "ConvertTemperature" ],
        "condition" : "",
        "eventTypeName" : null,
        "inboundResource" : "topics",
        "inboundResourceId" : "/debug/sample/app",
        "op" : null,
        "outboundResource" : null,
        "outboundResourceConfig" : null,
        "outboundResourceId" : null,
        "parentStreams" : [ ],
        "schema" : null,
        "upsert" : false
      },
      "downstreamReferences" : { },
      "pattern" : "EventStream",
      "patternVersion" : 1,
      "uuid" : "a357e26a-e7fa-4b56-811e-952d8467d957"
    },
    "LogStream" : {
      "configuration" : {
        "level" : null,
        "parentStreams" : [ "ConvertTemperature" ]
      },
      "downstreamReferences" : { },
      "pattern" : "LogStream",
      "patternVersion" : 1,
      "uuid" : "f42716f6-995c-4a3f-9069-74b8d57da2e8"
    }
  },
  "collaboratorRoles" : [ ],
  "disableBadging" : false,
  "entityRoles" : [ ],
  "isComponent" : false,
  "isEventHandler" : false,
  "keyTypes" : [ "system.collaborations" ],
  "name" : "sampleApp"
}