{
  "ars_relationships" : [ ],
  "links" : [ {
    "source" : "procedure/CreateScheduledEvents",
    "target" : "topic//TrainingDataGen/RPMS"
  }, {
    "source" : "procedure/CreateScheduledEvents",
    "target" : "topic//TrainingDataGen/Temp"
  }, {
    "source" : "rule/RPMSDataGenerator",
    "target" : "source/TrainingDataGenMQTT"
  }, {
    "source" : "topic//TrainingDataGen/RPMS",
    "target" : "rule/RPMSDataGenerator"
  }, {
    "source" : "rule/RPMSDataGenerator",
    "target" : "topic//DataGeneratorMonitor"
  }, {
    "source" : "rule/TempDataGenerator",
    "target" : "source/TrainingDataGenMQTT"
  }, {
    "source" : "topic//TrainingDataGen/Temp",
    "target" : "rule/TempDataGenerator"
  }, {
    "source" : "rule/TempDataGenerator",
    "target" : "topic//DataGeneratorMonitor"
  }, {
    "source" : "procedure/updateTrainingDataGenControl",
    "target" : "type/TrainingDataGenControl"
  }, {
    "source" : "procedure/CreateScheduledEvents",
    "target" : "topic//TrainingDataGen/Stop"
  }, {
    "source" : "topic//TrainingDataGen/Stop",
    "target" : "rule/onStopTrainingDataGen"
  }, {
    "source" : "rule/onStopTrainingDataGen",
    "target" : "procedure/DeleteScheduledEvents"
  }, {
    "source" : "topic//logs/scrubber",
    "target" : "rule/logscrubber"
  }, {
    "source" : "scheduledevent/LogScrubber",
    "target" : "topic//logs/scrubber"
  }, {
    "source" : "client/TrainingDataGeneratorClient",
    "target" : "topic//my/response/topic"
  }, {
    "source" : "procedure/CreateRPMSScheduledEvents",
    "target" : "topic//TrainingDataGen/Stop"
  }, {
    "source" : "procedure/CreateRPMSScheduledEvents",
    "target" : "topic//TrainingDataGen/RPMS"
  }, {
    "source" : "procedure/CreateRPMSScheduledEvents",
    "target" : "procedure/DeleteScheduledEvents"
  }, {
    "source" : "rule/TempDataGenerator",
    "target" : "type/TrainingDataGenConfig"
  }, {
    "source" : "rule/TempDataGenerator",
    "target" : "type/TrainingDataGenControl"
  }, {
    "source" : "rule/RPMSDataGenerator",
    "target" : "type/TrainingDataGenControl"
  }, {
    "source" : "rule/RPMSDataGenerator",
    "target" : "type/TrainingDataGenConfig"
  }, {
    "source" : "topic//DataGeneratorMonitor",
    "target" : "client/TrainingDataGeneratorClient"
  }, {
    "source" : "type/TrainingDataGenControl",
    "target" : "client/TrainingDataGeneratorClient"
  } ],
  "name" : "TrainingDataGen",
  "options" : {
    "description" : "このプロジェクトは、データジェネレータ用プロジェクトとなります。\nワークショップでの開発プロジェクトとは分けてご利用ください。\n\nVANTIQ Japan",
    "dockCollapsed" : {
      "bottom" : true,
      "left" : false,
      "right" : false,
      "top" : false,
      "viewtabs" : false
    },
    "dockDimensions" : {
      "bottom" : 200,
      "debug" : [ 0, 0, 0 ],
      "left" : 270,
      "right" : 220,
      "top" : 0,
      "viewtabs" : 0
    },
    "filterBitArray" : "ffffffffffffffffffffffffffffffff",
    "isModeloProject" : true,
    "layoutStyle" : "custom",
    "openFolders" : [ "client", "source" ],
    "rootViewFlavor" : 1,
    "showGrid" : true,
    "type" : "dev",
    "v" : 5,
    "viewUUID" : "MAINVIEW"
  },
  "resources" : [ {
    "label" : "/DataGeneratorMonitor",
    "name" : "/DataGeneratorMonitor",
    "node" : {
      "x" : 168,
      "y" : 250.8
    },
    "resourceReference" : "/topics//DataGeneratorMonitor",
    "type" : 10
  }, {
    "label" : "/TrainingDataGen/RPMS",
    "name" : "/TrainingDataGen/RPMS",
    "node" : {
      "x" : 177.5,
      "y" : 42.3
    },
    "resourceReference" : "/topics//TrainingDataGen/RPMS",
    "type" : 10
  }, {
    "label" : "/TrainingDataGen/Stop",
    "name" : "/TrainingDataGen/Stop",
    "node" : {
      "x" : 609.7,
      "y" : 129
    },
    "resourceReference" : "/topics//TrainingDataGen/Stop",
    "type" : 10
  }, {
    "label" : "/TrainingDataGen/Temp",
    "name" : "/TrainingDataGen/Temp",
    "node" : {
      "x" : 93.7,
      "y" : 201.6
    },
    "resourceReference" : "/topics//TrainingDataGen/Temp",
    "type" : 10
  }, {
    "label" : "/logs/scrubber",
    "name" : "/logs/scrubber",
    "node" : {
      "x" : 137.2,
      "y" : -89.9
    },
    "resourceReference" : "/topics//logs/scrubber",
    "type" : 10
  }, {
    "label" : "/my/response/topic",
    "name" : "/my/response/topic",
    "node" : {
      "x" : 240.7,
      "y" : 487.4
    },
    "resourceReference" : "/topics//my/response/topic",
    "type" : 10
  }, {
    "inventory" : { },
    "label" : "CreateRPMSScheduledEvents",
    "name" : "CreateRPMSScheduledEvents",
    "node" : {
      "x" : 692.5,
      "y" : 169.5
    },
    "procedureName" : "CreateRPMSScheduledEvents",
    "resourceReference" : "/procedures/CreateRPMSScheduledEvents",
    "timestamp" : "2022-09-30T08:33:18.362Z",
    "type" : 3
  }, {
    "inventory" : { },
    "label" : "CreateScheduledEvents",
    "name" : "CreateScheduledEvents",
    "node" : {
      "x" : 208.5,
      "y" : 152.7
    },
    "procedureName" : "CreateScheduledEvents",
    "resourceReference" : "/procedures/CreateScheduledEvents",
    "timestamp" : "2022-09-30T08:33:18.357Z",
    "type" : 3
  }, {
    "inventory" : { },
    "label" : "DeleteScheduledEvents",
    "name" : "DeleteScheduledEvents",
    "node" : {
      "x" : 374.1,
      "y" : 120.6
    },
    "procedureName" : "DeleteScheduledEvents",
    "resourceReference" : "/procedures/DeleteScheduledEvents",
    "timestamp" : "2022-09-30T08:33:18.357Z",
    "type" : 3
  }, {
    "inventory" : { },
    "label" : "LogScrubber",
    "name" : "LogScrubber",
    "node" : {
      "x" : 282,
      "y" : -141.8
    },
    "resourceReference" : "/system.scheduledevents/LogScrubber",
    "timestamp" : "2022-09-30T08:33:18.885Z",
    "type" : 17
  }, {
    "inventory" : { },
    "label" : "RPMSDataGenerator",
    "name" : "RPMSDataGenerator",
    "node" : {
      "x" : 177.3,
      "y" : 92.1
    },
    "resourceReference" : "/rules/RPMSDataGenerator",
    "timestamp" : "2022-09-30T08:33:18.363Z",
    "type" : 2
  }, {
    "inventory" : { },
    "label" : "TempDataGenerator",
    "name" : "TempDataGenerator",
    "node" : {
      "x" : 571.2,
      "y" : 28.7
    },
    "resourceReference" : "/rules/TempDataGenerator",
    "timestamp" : "2022-09-30T08:33:18.357Z",
    "type" : 2
  }, {
    "label" : "TrainingDataGenConfig",
    "name" : "TrainingDataGenConfig",
    "node" : {
      "x" : 335.6,
      "y" : -12.6
    },
    "resourceReference" : "/types/TrainingDataGenConfig",
    "timestamp" : "2022-09-30T08:33:16.983Z",
    "type" : 1
  }, {
    "label" : "TrainingDataGenControl",
    "name" : "TrainingDataGenControl",
    "node" : {
      "x" : 198.1,
      "y" : 332.9
    },
    "resourceReference" : "/types/TrainingDataGenControl",
    "timestamp" : "2022-09-30T08:33:16.985Z",
    "type" : 1
  }, {
    "inventory" : { },
    "label" : "TrainingDataGenMQTT",
    "name" : "TrainingDataGenMQTT",
    "node" : {
      "x" : 432.7,
      "y" : 57.5
    },
    "resourceReference" : "/sources/TrainingDataGenMQTT",
    "timestamp" : "2022-09-30T08:34:58.483Z",
    "type" : 4
  }, {
    "inventory" : { },
    "label" : "TrainingDataGeneratorClient",
    "name" : "TrainingDataGeneratorClient",
    "node" : {
      "x" : 343,
      "y" : 373.3
    },
    "resourceReference" : "/system.clients/TrainingDataGeneratorClient",
    "timestamp" : "2022-09-30T09:11:47.300Z",
    "type" : 15
  }, {
    "inventory" : { },
    "label" : "logscrubber",
    "name" : "logscrubber",
    "node" : {
      "x" : 22.8,
      "y" : 19.3
    },
    "resourceReference" : "/rules/logscrubber",
    "timestamp" : "2022-09-30T08:33:18.355Z",
    "type" : 2
  }, {
    "inventory" : { },
    "label" : "onStopTrainingDataGen",
    "name" : "onStopTrainingDataGen",
    "node" : {
      "x" : 635.2,
      "y" : 287.4
    },
    "resourceReference" : "/rules/onStopTrainingDataGen",
    "timestamp" : "2022-09-30T08:33:18.356Z",
    "type" : 2
  }, {
    "label" : "system.scheduledevents",
    "name" : "system.scheduledevents",
    "node" : {
      "x" : 414.3,
      "y" : 267.1
    },
    "resourceReference" : "/types/system.scheduledevents",
    "timestamp" : "2022-09-10T18:06:09.668Z",
    "type" : 1
  }, {
    "inventory" : { },
    "label" : "updateTrainingDataGenControl",
    "name" : "updateTrainingDataGenControl",
    "node" : {
      "x" : 577.9,
      "y" : 246.2
    },
    "procedureName" : "updateTrainingDataGenControl",
    "resourceReference" : "/procedures/updateTrainingDataGenControl",
    "timestamp" : "2022-09-30T08:33:18.357Z",
    "type" : 3
  } ],
  "tools" : [ {
    "isPinned" : false,
    "name" : "Errors",
    "type" : 13
  }, {
    "dockLocation" : "top",
    "isPinned" : false,
    "name" : "Inactive Panes",
    "type" : 99
  }, {
    "isPinned" : false,
    "name" : "Project Contents",
    "type" : 2
  }, {
    "isPinned" : false,
    "name" : "Project Description",
    "pane" : {
      "h" : 170,
      "w" : 450,
      "x" : 20,
      "y" : 20
    },
    "state" : 3,
    "type" : 82
  }, {
    "isPinned" : false,
    "name" : "TrainingDataGeneratorClient",
    "pane" : {
      "h" : 700,
      "w" : 1130,
      "x" : 20,
      "y" : 200
    },
    "resourceKey" : "client/TrainingDataGeneratorClient",
    "state" : 3,
    "type" : 63
  } ],
  "type" : "dev",
  "views" : [ {
    "name" : "Project Contents",
    "projectToolKeys" : [ "errorviewer/Errors", "tiledock/Inactive Panes", "list/Project Contents", "projectdescription/Project Description", "client/TrainingDataGeneratorClient" ]
  } ]
}