{
  "ars_relationships" : [ ],
  "links" : [ {
    "source" : "procedure/CreateScheduledEvents",
    "target" : "topic//TrainingDataGen/RPMS"
  }, {
    "source" : "procedure/CreateScheduledEvents",
    "target" : "topic//TrainingDataGen/Temp"
  }, {
    "source" : "rule/RPMSDataGenerator",
    "target" : "source/TrainingDataGenMQTT"
  }, {
    "source" : "topic//TrainingDataGen/RPMS",
    "target" : "rule/RPMSDataGenerator"
  }, {
    "source" : "rule/RPMSDataGenerator",
    "target" : "topic//DataGeneratorMonitor"
  }, {
    "source" : "rule/TempDataGenerator",
    "target" : "source/TrainingDataGenMQTT"
  }, {
    "source" : "topic//TrainingDataGen/Temp",
    "target" : "rule/TempDataGenerator"
  }, {
    "source" : "rule/TempDataGenerator",
    "target" : "topic//DataGeneratorMonitor"
  }, {
    "source" : "procedure/updateTrainingDataGenControl",
    "target" : "type/TrainingDataGenControl"
  }, {
    "source" : "procedure/CreateScheduledEvents",
    "target" : "topic//TrainingDataGen/Stop"
  }, {
    "source" : "topic//TrainingDataGen/Stop",
    "target" : "rule/onStopTrainingDataGen"
  }, {
    "source" : "rule/onStopTrainingDataGen",
    "target" : "procedure/DeleteScheduledEvents"
  }, {
    "source" : "topic//logs/scrubber",
    "target" : "rule/logscrubber"
  }, {
    "source" : "scheduledevent/LogScrubber",
    "target" : "topic//logs/scrubber"
  }, {
    "source" : "type/TrainingDataGenControl",
    "target" : "client/TrainingDataGeneratorClient"
  }, {
    "source" : "client/TrainingDataGeneratorClient",
    "target" : "topic//my/response/topic"
  }, {
    "source" : "topic//DataGeneratorMonitor",
    "target" : "client/TrainingDataGeneratorClient"
  }, {
    "source" : "procedure/CreateRPMSScheduledEvents",
    "target" : "topic//TrainingDataGen/Stop"
  }, {
    "source" : "procedure/CreateRPMSScheduledEvents",
    "target" : "topic//TrainingDataGen/RPMS"
  }, {
    "source" : "procedure/CreateRPMSScheduledEvents",
    "target" : "procedure/DeleteScheduledEvents"
  }, {
    "source" : "rule/TempDataGenerator",
    "target" : "type/TrainingDataGenConfig"
  }, {
    "source" : "rule/TempDataGenerator",
    "target" : "type/TrainingDataGenControl"
  }, {
    "source" : "rule/RPMSDataGenerator",
    "target" : "type/TrainingDataGenControl"
  }, {
    "source" : "rule/RPMSDataGenerator",
    "target" : "type/TrainingDataGenConfig"
  } ],
  "name" : "TrainingDataGen",
  "options" : {
    "description" : "このプロジェクトは、データジェネレータ用プロジェクトとなります。\nワークショップでの開発プロジェクトとは分けてご利用ください。\n\nVANTIQ Japan",
    "dockCollapsed" : {
      "bottom" : false,
      "left" : false,
      "right" : false,
      "top" : false,
      "viewtabs" : false
    },
    "dockDimensions" : {
      "bottom" : 200,
      "debug" : [ 0, 0, 0 ],
      "left" : 210,
      "right" : 220,
      "top" : 0,
      "viewtabs" : 0
    },
    "filterBitArray" : "ffffffffffffffffffffffffffffffff",
    "isModeloProject" : true,
    "layoutStyle" : "custom",
    "rootViewFlavor" : 1,
    "showGrid" : true,
    "type" : "dev",
    "v" : 4,
    "viewUUID" : "MAINVIEW"
  },
  "resources" : [ {
    "label" : "/DataGeneratorMonitor",
    "name" : "/DataGeneratorMonitor",
    "node" : {
      "x" : 168,
      "y" : 250.8
    },
    "resourceReference" : "/topics//DataGeneratorMonitor",
    "type" : 10
  }, {
    "label" : "/TrainingDataGen/RPMS",
    "name" : "/TrainingDataGen/RPMS",
    "node" : {
      "x" : 177.5,
      "y" : 42.3
    },
    "resourceReference" : "/topics//TrainingDataGen/RPMS",
    "type" : 10
  }, {
    "label" : "/TrainingDataGen/Stop",
    "name" : "/TrainingDataGen/Stop",
    "node" : {
      "x" : 609.7,
      "y" : 129
    },
    "resourceReference" : "/topics//TrainingDataGen/Stop",
    "type" : 10
  }, {
    "label" : "/TrainingDataGen/Temp",
    "name" : "/TrainingDataGen/Temp",
    "node" : {
      "x" : 93.7,
      "y" : 201.6
    },
    "resourceReference" : "/topics//TrainingDataGen/Temp",
    "type" : 10
  }, {
    "label" : "/logs/scrubber",
    "name" : "/logs/scrubber",
    "node" : {
      "x" : 137.2,
      "y" : -89.9
    },
    "resourceReference" : "/topics//logs/scrubber",
    "type" : 10
  }, {
    "label" : "/my/response/topic",
    "name" : "/my/response/topic",
    "node" : {
      "x" : 240.7,
      "y" : 487.4
    },
    "resourceReference" : "/topics//my/response/topic",
    "type" : 10
  }, {
    "inventory" : {
      "clientHash" : [ ],
      "clients" : [ ],
      "collaborationHash" : [ ],
      "collaborations" : [ ],
      "eventstreamHash" : [ ],
      "eventstreams" : [ ],
      "procedureHash" : [ "out" ],
      "procedures" : [ "DeleteScheduledEvents" ],
      "sourceHash" : [ ],
      "sources" : [ ],
      "systemmodelHash" : [ ],
      "systemmodels" : [ ],
      "topicHash" : [ "out", "out" ],
      "topics" : [ "/TrainingDataGen/RPMS", "/TrainingDataGen/Stop" ],
      "typeHash" : [ ],
      "types" : [ ]
    },
    "label" : "CreateRPMSScheduledEvents",
    "name" : "CreateRPMSScheduledEvents",
    "node" : {
      "x" : 692.5,
      "y" : 169.5
    },
    "procedureName" : "CreateRPMSScheduledEvents",
    "resourceReference" : "/procedures/CreateRPMSScheduledEvents",
    "timestamp" : "2021-11-19T06:57:51.672Z",
    "type" : 3
  }, {
    "inventory" : {
      "clientHash" : [ ],
      "clients" : [ ],
      "collaborationHash" : [ ],
      "collaborations" : [ ],
      "eventstreamHash" : [ ],
      "eventstreams" : [ ],
      "procedureHash" : [ ],
      "procedures" : [ ],
      "sourceHash" : [ ],
      "sources" : [ ],
      "systemmodelHash" : [ ],
      "systemmodels" : [ ],
      "topicHash" : [ "out", "out", "out" ],
      "topics" : [ "/TrainingDataGen/RPMS", "/TrainingDataGen/Temp", "/TrainingDataGen/Stop" ],
      "typeHash" : [ ],
      "types" : [ ]
    },
    "label" : "CreateScheduledEvents",
    "name" : "CreateScheduledEvents",
    "node" : {
      "x" : 208.5,
      "y" : 152.7
    },
    "procedureName" : "CreateScheduledEvents",
    "resourceReference" : "/procedures/CreateScheduledEvents",
    "timestamp" : "2021-11-19T06:57:51.671Z",
    "type" : 3
  }, {
    "inventory" : {
      "clientHash" : [ ],
      "clients" : [ ],
      "collaborationHash" : [ ],
      "collaborations" : [ ],
      "eventstreamHash" : [ ],
      "eventstreams" : [ ],
      "procedureHash" : [ ],
      "procedures" : [ ],
      "sourceHash" : [ ],
      "sources" : [ ],
      "systemmodelHash" : [ ],
      "systemmodels" : [ ],
      "topicHash" : [ ],
      "topics" : [ ],
      "typeHash" : [ "out" ],
      "types" : [ "system.scheduledevents" ]
    },
    "label" : "DeleteScheduledEvents",
    "name" : "DeleteScheduledEvents",
    "node" : {
      "x" : 374.1,
      "y" : 120.6
    },
    "procedureName" : "DeleteScheduledEvents",
    "resourceReference" : "/procedures/DeleteScheduledEvents",
    "timestamp" : "2021-11-19T06:57:51.671Z",
    "type" : 3
  }, {
    "inventory" : {
      "clientHash" : [ ],
      "clients" : [ ],
      "collaborationHash" : [ ],
      "collaborations" : [ ],
      "eventstreamHash" : [ ],
      "eventstreams" : [ ],
      "procedureHash" : [ ],
      "procedures" : [ ],
      "sourceHash" : [ ],
      "sources" : [ ],
      "systemmodelHash" : [ ],
      "systemmodels" : [ ],
      "topicHash" : [ "out" ],
      "topics" : [ "/logs/scrubber" ],
      "typeHash" : [ ],
      "types" : [ ]
    },
    "label" : "LogScrubber",
    "name" : "LogScrubber",
    "node" : {
      "x" : 282,
      "y" : -141.8
    },
    "resourceReference" : "/system.scheduledevents/LogScrubber",
    "timestamp" : "2021-11-19T06:57:52.061Z",
    "type" : 17
  }, {
    "inventory" : {
      "clientHash" : [ ],
      "clients" : [ ],
      "collaborationHash" : [ ],
      "collaborations" : [ ],
      "eventstreamHash" : [ ],
      "eventstreams" : [ ],
      "procedureHash" : [ "out", "out" ],
      "procedures" : [ "random", "now" ],
      "sourceHash" : [ "out" ],
      "sources" : [ "TrainingDataGenMQTT" ],
      "systemmodelHash" : [ ],
      "systemmodels" : [ ],
      "topicHash" : [ "in", "out" ],
      "topics" : [ "/TrainingDataGen/RPMS", "/DataGeneratorMonitor" ],
      "typeHash" : [ "in", "in" ],
      "types" : [ "TrainingDataGenConfig", "TrainingDataGenControl" ]
    },
    "label" : "RPMSDataGenerator",
    "name" : "RPMSDataGenerator",
    "node" : {
      "x" : 177.3,
      "y" : 92.1
    },
    "resourceReference" : "/rules/RPMSDataGenerator",
    "timestamp" : "2021-11-19T06:57:51.497Z",
    "type" : 2
  }, {
    "inventory" : {
      "clientHash" : [ ],
      "clients" : [ ],
      "collaborationHash" : [ ],
      "collaborations" : [ ],
      "eventstreamHash" : [ ],
      "eventstreams" : [ ],
      "procedureHash" : [ "out", "out" ],
      "procedures" : [ "random", "now" ],
      "sourceHash" : [ "out" ],
      "sources" : [ "TrainingDataGenMQTT" ],
      "systemmodelHash" : [ ],
      "systemmodels" : [ ],
      "topicHash" : [ "in", "out" ],
      "topics" : [ "/TrainingDataGen/Temp", "/DataGeneratorMonitor" ],
      "typeHash" : [ "in", "in" ],
      "types" : [ "TrainingDataGenConfig", "TrainingDataGenControl" ]
    },
    "label" : "TempDataGenerator",
    "name" : "TempDataGenerator",
    "node" : {
      "x" : 571.2,
      "y" : 28.7
    },
    "resourceReference" : "/rules/TempDataGenerator",
    "timestamp" : "2021-11-19T06:57:51.494Z",
    "type" : 2
  }, {
    "label" : "TrainingDataGenConfig",
    "name" : "TrainingDataGenConfig",
    "node" : {
      "x" : 335.6,
      "y" : -12.6
    },
    "resourceReference" : "/types/TrainingDataGenConfig",
    "timestamp" : "2021-11-19T06:57:49.557Z",
    "type" : 1
  }, {
    "label" : "TrainingDataGenControl",
    "name" : "TrainingDataGenControl",
    "node" : {
      "x" : 198.1,
      "y" : 332.9
    },
    "resourceReference" : "/types/TrainingDataGenControl",
    "timestamp" : "2021-11-19T06:57:49.687Z",
    "type" : 1
  }, {
    "inventory" : {
      "clientHash" : [ ],
      "clients" : [ ],
      "collaborationHash" : [ ],
      "collaborations" : [ ],
      "eventstreamHash" : [ ],
      "eventstreams" : [ ],
      "procedureHash" : [ ],
      "procedures" : [ ],
      "sourceHash" : [ ],
      "sources" : [ ],
      "systemmodelHash" : [ ],
      "systemmodels" : [ ],
      "topicHash" : [ ],
      "topics" : [ ],
      "typeHash" : [ ],
      "types" : [ ]
    },
    "label" : "TrainingDataGenMQTT",
    "name" : "TrainingDataGenMQTT",
    "node" : {
      "x" : 432.7,
      "y" : 57.5
    },
    "resourceReference" : "/sources/TrainingDataGenMQTT",
    "timestamp" : "2021-11-19T06:58:27.040Z",
    "type" : 4
  }, {
    "inventory" : {
      "clientHash" : [ ],
      "clients" : [ ],
      "collaborationHash" : [ ],
      "collaborations" : [ ],
      "eventstreamHash" : [ ],
      "eventstreams" : [ ],
      "procedureHash" : [ ],
      "procedures" : [ ],
      "sourceHash" : [ ],
      "sources" : [ ],
      "systemmodelHash" : [ ],
      "systemmodels" : [ ],
      "topicHash" : [ "out", "in" ],
      "topics" : [ "/my/response/topic", "/DataGeneratorMonitor" ],
      "typeHash" : [ "in" ],
      "types" : [ "TrainingDataGenControl" ]
    },
    "label" : "TrainingDataGeneratorClient",
    "name" : "TrainingDataGeneratorClient",
    "node" : {
      "x" : 343,
      "y" : 373.3
    },
    "resourceReference" : "/system.clients/TrainingDataGeneratorClient",
    "timestamp" : "2021-11-19T06:57:51.359Z",
    "type" : 15
  }, {
    "inventory" : {
      "clientHash" : [ ],
      "clients" : [ ],
      "collaborationHash" : [ ],
      "collaborations" : [ ],
      "eventstreamHash" : [ ],
      "eventstreams" : [ ],
      "procedureHash" : [ "out", "out" ],
      "procedures" : [ "now", "minusMillis" ],
      "sourceHash" : [ ],
      "sources" : [ ],
      "systemmodelHash" : [ ],
      "systemmodels" : [ ],
      "topicHash" : [ "in" ],
      "topics" : [ "/logs/scrubber" ],
      "typeHash" : [ "out" ],
      "types" : [ "logs" ]
    },
    "label" : "logscrubber",
    "name" : "logscrubber",
    "node" : {
      "x" : 22.8,
      "y" : 19.3
    },
    "resourceReference" : "/rules/logscrubber",
    "timestamp" : "2021-11-19T06:57:51.638Z",
    "type" : 2
  }, {
    "inventory" : {
      "clientHash" : [ ],
      "clients" : [ ],
      "collaborationHash" : [ ],
      "collaborations" : [ ],
      "eventstreamHash" : [ ],
      "eventstreams" : [ ],
      "procedureHash" : [ "out" ],
      "procedures" : [ "DeleteScheduledEvents" ],
      "sourceHash" : [ ],
      "sources" : [ ],
      "systemmodelHash" : [ ],
      "systemmodels" : [ ],
      "topicHash" : [ "in" ],
      "topics" : [ "/TrainingDataGen/Stop" ],
      "typeHash" : [ ],
      "types" : [ ]
    },
    "label" : "onStopTrainingDataGen",
    "name" : "onStopTrainingDataGen",
    "node" : {
      "x" : 635.2,
      "y" : 287.4
    },
    "resourceReference" : "/rules/onStopTrainingDataGen",
    "timestamp" : "2021-11-19T06:57:51.674Z",
    "type" : 2
  }, {
    "label" : "system.scheduledevents",
    "name" : "system.scheduledevents",
    "node" : {
      "x" : 414.3,
      "y" : 267.1
    },
    "resourceReference" : "/types/system.scheduledevents",
    "timestamp" : "2021-03-03T09:42:51.067Z",
    "type" : 1
  }, {
    "inventory" : {
      "clientHash" : [ ],
      "clients" : [ ],
      "collaborationHash" : [ ],
      "collaborations" : [ ],
      "eventstreamHash" : [ ],
      "eventstreams" : [ ],
      "procedureHash" : [ "out" ],
      "procedures" : [ "range" ],
      "sourceHash" : [ ],
      "sources" : [ ],
      "systemmodelHash" : [ ],
      "systemmodels" : [ ],
      "topicHash" : [ ],
      "topics" : [ ],
      "typeHash" : [ "out" ],
      "types" : [ "TrainingDataGenControl" ]
    },
    "label" : "updateTrainingDataGenControl",
    "name" : "updateTrainingDataGenControl",
    "node" : {
      "x" : 577.9,
      "y" : 246.2
    },
    "procedureName" : "updateTrainingDataGenControl",
    "resourceReference" : "/procedures/updateTrainingDataGenControl",
    "timestamp" : "2021-11-19T06:57:51.721Z",
    "type" : 3
  } ],
  "tools" : [ {
    "isPinned" : false,
    "name" : "CreateRPMSScheduledEvents",
    "pane" : {
      "h" : 400,
      "w" : 600,
      "x" : 640.0000305175781,
      "y" : 1280.0000610351562
    },
    "resourceKey" : "procedure/CreateRPMSScheduledEvents",
    "state" : 3,
    "type" : 24
  }, {
    "isPinned" : false,
    "name" : "CreateScheduledEvents",
    "pane" : {
      "h" : 400,
      "w" : 600,
      "x" : 640,
      "y" : 860
    },
    "resourceKey" : "procedure/CreateScheduledEvents",
    "state" : 3,
    "type" : 24
  }, {
    "isPinned" : false,
    "name" : "DeleteScheduledEvents",
    "pane" : {
      "h" : 400,
      "w" : 600,
      "x" : 1260,
      "y" : 860
    },
    "resourceKey" : "procedure/DeleteScheduledEvents",
    "state" : 3,
    "type" : 24
  }, {
    "isPinned" : false,
    "name" : "Project Contents",
    "type" : 2
  }, {
    "isPinned" : false,
    "name" : "Project Description",
    "pane" : {
      "h" : 170,
      "w" : 600,
      "x" : 20,
      "y" : 20
    },
    "state" : 3,
    "type" : 82
  }, {
    "isPinned" : false,
    "name" : "Project Resource Graph",
    "pane" : {
      "h" : 400,
      "w" : 600,
      "x" : 20,
      "y" : 210
    },
    "state" : 3,
    "toolOptions" : {
      "scaleAndTranslationState" : {
        "lastZoomRequest" : 0,
        "scale" : 0.6155722066724582,
        "translate" : [ 95.57816849268471, 99.88758538592205 ]
      }
    },
    "type" : 1
  }, {
    "isPinned" : false,
    "name" : "RPMSDataGenerator",
    "pane" : {
      "h" : 400,
      "w" : 600,
      "x" : 20,
      "y" : 630
    },
    "resourceKey" : "rule/RPMSDataGenerator",
    "state" : 3,
    "type" : 3
  }, {
    "isPinned" : false,
    "name" : "TempDataGenerator",
    "pane" : {
      "h" : 400,
      "w" : 600,
      "x" : 20,
      "y" : 1050
    },
    "resourceKey" : "rule/TempDataGenerator",
    "state" : 3,
    "type" : 3
  }, {
    "isPinned" : false,
    "name" : "TrainingDataGenMQTT",
    "pane" : {
      "h" : 400,
      "w" : 600,
      "x" : 20,
      "y" : 1460
    },
    "resourceKey" : "source/TrainingDataGenMQTT",
    "state" : 3,
    "type" : 5
  }, {
    "isPinned" : false,
    "name" : "TrainingDataGeneratorClient",
    "pane" : {
      "h" : 700,
      "w" : 1000,
      "x" : 640,
      "y" : 20
    },
    "resourceKey" : "client/TrainingDataGeneratorClient",
    "state" : 3,
    "toolOptions" : {
      "isRunning" : false
    },
    "type" : 63
  }, {
    "isPinned" : false,
    "name" : "エラー",
    "type" : 13
  }, {
    "dockLocation" : "top",
    "isPinned" : false,
    "name" : "非アクティブ ペイン",
    "type" : 99
  } ],
  "type" : "dev",
  "views" : [ {
    "name" : "Project Contents",
    "projectToolKeys" : [ "cmeditorprocedure/CreateRPMSScheduledEvents", "cmeditorprocedure/CreateScheduledEvents", "cmeditorprocedure/DeleteScheduledEvents", "list/Project Contents", "projectdescription/Project Description", "graph/Project Resource Graph", "cmeditorrule/RPMSDataGenerator", "cmeditorrule/TempDataGenerator", "subsourceeditor/TrainingDataGenMQTT", "client/TrainingDataGeneratorClient", "errorviewer/エラー", "tiledock/非アクティブ ペイン" ]
  } ]
}