{
  "links" : [ {
    "source" : "procedure/CreateScheduledEvents",
    "target" : "topic//TrainingDataGen/RPMS"
  }, {
    "source" : "procedure/CreateScheduledEvents",
    "target" : "topic//TrainingDataGen/Temp"
  }, {
    "source" : "procedure/DeleteScheduledEvents",
    "target" : "type/system.scheduledevents"
  }, {
    "source" : "type/TrainingDataGenConfig",
    "target" : "rule/RPMSDataGenerator"
  }, {
    "source" : "type/TrainingDataGenControl",
    "target" : "rule/RPMSDataGenerator"
  }, {
    "source" : "rule/RPMSDataGenerator",
    "target" : "source/TrainingDataGenMQTT"
  }, {
    "source" : "topic//TrainingDataGen/RPMS",
    "target" : "rule/RPMSDataGenerator"
  }, {
    "source" : "rule/RPMSDataGenerator",
    "target" : "topic//DataGeneratorMonitor"
  }, {
    "source" : "type/TrainingDataGenConfig",
    "target" : "rule/TempDataGenerator"
  }, {
    "source" : "type/TrainingDataGenControl",
    "target" : "rule/TempDataGenerator"
  }, {
    "source" : "rule/TempDataGenerator",
    "target" : "source/TrainingDataGenMQTT"
  }, {
    "source" : "topic//TrainingDataGen/Temp",
    "target" : "rule/TempDataGenerator"
  }, {
    "source" : "rule/TempDataGenerator",
    "target" : "topic//DataGeneratorMonitor"
  }, {
    "source" : "procedure/updateTrainingDataGenControl",
    "target" : "type/TrainingDataGenControl"
  }, {
    "source" : "procedure/CreateScheduledEvents",
    "target" : "topic//TrainingDataGen/Stop"
  }, {
    "source" : "topic//TrainingDataGen/Stop",
    "target" : "rule/onStopTrainingDataGen"
  }, {
    "source" : "rule/onStopTrainingDataGen",
    "target" : "procedure/DeleteScheduledEvents"
  }, {
    "source" : "topic//logs/scrubber",
    "target" : "rule/logscrubber"
  }, {
    "source" : "scheduledevent/LogScrubber",
    "target" : "topic//logs/scrubber"
  }, {
    "source" : "type/TrainingDataGenControl",
    "target" : "client/TrainingDataGeneratorClient"
  }, {
    "source" : "client/TrainingDataGeneratorClient",
    "target" : "topic//my/response/topic"
  }, {
    "source" : "topic//DataGeneratorMonitor",
    "target" : "client/TrainingDataGeneratorClient"
  }, {
    "source" : "procedure/CreateRPMSScheduledEvents",
    "target" : "topic//TrainingDataGen/Stop"
  }, {
    "source" : "procedure/CreateRPMSScheduledEvents",
    "target" : "topic//TrainingDataGen/RPMS"
  }, {
    "source" : "scheduledevent/609f26b0-681b-11ea-8413-a66c26f5966c",
    "target" : "topic//TrainingDataGen/Stop"
  }, {
    "source" : "procedure/CreateRPMSScheduledEvents",
    "target" : "procedure/DeleteScheduledEvents"
  } ],
  "name" : "TrainingDataGen",
  "options" : {
    "description" : "このプロジェクトは、データジェネレータ用プロジェクトとなります。\nワークショップでの開発プロジェクトとは分けてご利用ください。\n\nVANTIQ Japan",
    "filterBitArray" : "ffffffffffffffffffffffffffffffff",
    "isModeloProject" : true,
    "layoutStyle" : "custom",
    "showGrid" : true,
    "v" : 3
  },
  "resources" : [ {
    "label" : "/DataGeneratorMonitor",
    "name" : "/DataGeneratorMonitor",
    "node" : {
      "x" : 168,
      "y" : 250.8
    },
    "type" : 10
  }, {
    "label" : "/TrainingDataGen/RPMS",
    "name" : "/TrainingDataGen/RPMS",
    "node" : {
      "x" : 177.5,
      "y" : 42.3
    },
    "type" : 10
  }, {
    "label" : "/TrainingDataGen/Stop",
    "name" : "/TrainingDataGen/Stop",
    "node" : {
      "x" : 609.7,
      "y" : 129
    },
    "type" : 10
  }, {
    "label" : "/TrainingDataGen/Temp",
    "name" : "/TrainingDataGen/Temp",
    "node" : {
      "x" : 93.7,
      "y" : 201.6
    },
    "type" : 10
  }, {
    "label" : "/logs/scrubber",
    "name" : "/logs/scrubber",
    "node" : {
      "x" : 137.2,
      "y" : -89.9
    },
    "type" : 10
  }, {
    "label" : "/my/response/topic",
    "name" : "/my/response/topic",
    "node" : {
      "x" : 240.7,
      "y" : 487.4
    },
    "type" : 10
  }, {
    "inventory" : {
      "clientHash" : [ ],
      "clients" : [ ],
      "collaborationHash" : [ ],
      "collaborations" : [ ],
      "eventstreamHash" : [ ],
      "eventstreams" : [ ],
      "procedureHash" : [ ],
      "procedures" : [ ],
      "sourceHash" : [ ],
      "sources" : [ ],
      "systemmodelHash" : [ ],
      "systemmodels" : [ ],
      "topicHash" : [ "out" ],
      "topics" : [ "/TrainingDataGen/Stop" ],
      "typeHash" : [ ],
      "types" : [ ]
    },
    "name" : "609f26b0-681b-11ea-8413-a66c26f5966c",
    "node" : {
      "x" : 546.3,
      "y" : -28.5
    },
    "timestamp" : "2020-03-17T06:48:58.284Z",
    "type" : 17
  }, {
    "inventory" : {
      "clientHash" : [ ],
      "clients" : [ ],
      "collaborationHash" : [ ],
      "collaborations" : [ ],
      "eventstreamHash" : [ ],
      "eventstreams" : [ ],
      "procedureHash" : [ "out" ],
      "procedures" : [ "DeleteScheduledEvents" ],
      "sourceHash" : [ ],
      "sources" : [ ],
      "systemmodelHash" : [ ],
      "systemmodels" : [ ],
      "topicHash" : [ "out", "out" ],
      "topics" : [ "/TrainingDataGen/RPMS", "/TrainingDataGen/Stop" ],
      "typeHash" : [ ],
      "types" : [ ]
    },
    "label" : "CreateRPMSScheduledEvents",
    "name" : "CreateRPMSScheduledEvents",
    "node" : {
      "x" : 692.5,
      "y" : 169.5
    },
    "timestamp" : "2020-03-17T06:50:28.574Z",
    "type" : 3
  }, {
    "inventory" : {
      "clientHash" : [ ],
      "clients" : [ ],
      "collaborationHash" : [ ],
      "collaborations" : [ ],
      "eventstreamHash" : [ ],
      "eventstreams" : [ ],
      "procedureHash" : [ ],
      "procedures" : [ ],
      "sourceHash" : [ ],
      "sources" : [ ],
      "systemmodelHash" : [ ],
      "systemmodels" : [ ],
      "topicHash" : [ "out", "out", "out" ],
      "topics" : [ "/TrainingDataGen/RPMS", "/TrainingDataGen/Temp", "/TrainingDataGen/Stop" ],
      "typeHash" : [ ],
      "types" : [ ]
    },
    "label" : "CreateScheduledEvents",
    "name" : "CreateScheduledEvents",
    "node" : {
      "x" : 208.5,
      "y" : 152.7
    },
    "timestamp" : "2020-03-11T00:40:14.326Z",
    "type" : 3
  }, {
    "inventory" : {
      "clientHash" : [ ],
      "clients" : [ ],
      "collaborationHash" : [ ],
      "collaborations" : [ ],
      "eventstreamHash" : [ ],
      "eventstreams" : [ ],
      "procedureHash" : [ ],
      "procedures" : [ ],
      "sourceHash" : [ ],
      "sources" : [ ],
      "systemmodelHash" : [ ],
      "systemmodels" : [ ],
      "topicHash" : [ ],
      "topics" : [ ],
      "typeHash" : [ "out" ],
      "types" : [ "system.scheduledevents" ]
    },
    "label" : "DeleteScheduledEvents",
    "name" : "DeleteScheduledEvents",
    "node" : {
      "x" : 374.1,
      "y" : 120.6
    },
    "timestamp" : "2020-03-17T06:47:40.199Z",
    "type" : 3
  }, {
    "inventory" : {
      "clientHash" : [ ],
      "clients" : [ ],
      "collaborationHash" : [ ],
      "collaborations" : [ ],
      "eventstreamHash" : [ ],
      "eventstreams" : [ ],
      "procedureHash" : [ ],
      "procedures" : [ ],
      "sourceHash" : [ ],
      "sources" : [ ],
      "systemmodelHash" : [ ],
      "systemmodels" : [ ],
      "topicHash" : [ "out" ],
      "topics" : [ "/logs/scrubber" ],
      "typeHash" : [ ],
      "types" : [ ]
    },
    "label" : "LogScrubber",
    "name" : "LogScrubber",
    "node" : {
      "x" : 282,
      "y" : -141.8
    },
    "timestamp" : "2020-03-17T05:49:30.624Z",
    "type" : 17
  }, {
    "inventory" : {
      "clientHash" : [ ],
      "clients" : [ ],
      "collaborationHash" : [ ],
      "collaborations" : [ ],
      "eventstreamHash" : [ ],
      "eventstreams" : [ ],
      "procedureHash" : [ "out", "out" ],
      "procedures" : [ "random", "now" ],
      "sourceHash" : [ "out" ],
      "sources" : [ "TrainingDataGenMQTT" ],
      "systemmodelHash" : [ ],
      "systemmodels" : [ ],
      "topicHash" : [ "in", "out" ],
      "topics" : [ "/TrainingDataGen/RPMS", "/DataGeneratorMonitor" ],
      "typeHash" : [ "in", "in" ],
      "types" : [ "TrainingDataGenConfig", "TrainingDataGenControl" ]
    },
    "label" : "RPMSDataGenerator",
    "name" : "RPMSDataGenerator",
    "node" : {
      "x" : 177.3,
      "y" : 92.1
    },
    "timestamp" : "2020-03-17T05:49:30.092Z",
    "type" : 2
  }, {
    "inventory" : {
      "clientHash" : [ ],
      "clients" : [ ],
      "collaborationHash" : [ ],
      "collaborations" : [ ],
      "eventstreamHash" : [ ],
      "eventstreams" : [ ],
      "procedureHash" : [ "out", "out" ],
      "procedures" : [ "random", "now" ],
      "sourceHash" : [ "out" ],
      "sources" : [ "TrainingDataGenMQTT" ],
      "systemmodelHash" : [ ],
      "systemmodels" : [ ],
      "topicHash" : [ "in", "out" ],
      "topics" : [ "/TrainingDataGen/Temp", "/DataGeneratorMonitor" ],
      "typeHash" : [ "in", "in" ],
      "types" : [ "TrainingDataGenConfig", "TrainingDataGenControl" ]
    },
    "label" : "TempDataGenerator",
    "name" : "TempDataGenerator",
    "node" : {
      "x" : 571.2,
      "y" : 28.7
    },
    "timestamp" : "2020-03-17T05:49:30.127Z",
    "type" : 2
  }, {
    "label" : "TrainingDataGenConfig",
    "name" : "TrainingDataGenConfig",
    "node" : {
      "x" : 335.6,
      "y" : -12.6
    },
    "timestamp" : "2020-03-17T05:49:30.239Z",
    "type" : 1
  }, {
    "label" : "TrainingDataGenControl",
    "name" : "TrainingDataGenControl",
    "node" : {
      "x" : 198.1,
      "y" : 332.9
    },
    "timestamp" : "2020-03-17T05:49:30.237Z",
    "type" : 1
  }, {
    "inventory" : {
      "clientHash" : [ ],
      "clients" : [ ],
      "collaborationHash" : [ ],
      "collaborations" : [ ],
      "eventstreamHash" : [ ],
      "eventstreams" : [ ],
      "procedureHash" : [ ],
      "procedures" : [ ],
      "sourceHash" : [ ],
      "sources" : [ ],
      "systemmodelHash" : [ ],
      "systemmodels" : [ ],
      "topicHash" : [ ],
      "topics" : [ ],
      "typeHash" : [ ],
      "types" : [ ]
    },
    "label" : "TrainingDataGenMQTT",
    "name" : "TrainingDataGenMQTT",
    "node" : {
      "x" : 432.7,
      "y" : 57.5
    },
    "timestamp" : "2020-03-17T05:49:30.672Z",
    "type" : 4
  }, {
    "inventory" : {
      "clientHash" : [ ],
      "clients" : [ ],
      "collaborationHash" : [ ],
      "collaborations" : [ ],
      "eventstreamHash" : [ ],
      "eventstreams" : [ ],
      "procedureHash" : [ ],
      "procedures" : [ ],
      "sourceHash" : [ ],
      "sources" : [ ],
      "systemmodelHash" : [ ],
      "systemmodels" : [ ],
      "topicHash" : [ "out", "in" ],
      "topics" : [ "/my/response/topic", "/DataGeneratorMonitor" ],
      "typeHash" : [ "in" ],
      "types" : [ "TrainingDataGenControl" ]
    },
    "label" : "TrainingDataGeneratorClient",
    "name" : "TrainingDataGeneratorClient",
    "node" : {
      "x" : 343,
      "y" : 373.3
    },
    "timestamp" : "2020-03-17T06:53:41.435Z",
    "type" : 15
  }, {
    "inventory" : {
      "clientHash" : [ ],
      "clients" : [ ],
      "collaborationHash" : [ ],
      "collaborations" : [ ],
      "eventstreamHash" : [ ],
      "eventstreams" : [ ],
      "procedureHash" : [ "out", "out" ],
      "procedures" : [ "now", "minusMillis" ],
      "sourceHash" : [ ],
      "sources" : [ ],
      "systemmodelHash" : [ ],
      "systemmodels" : [ ],
      "topicHash" : [ "in" ],
      "topics" : [ "/logs/scrubber" ],
      "typeHash" : [ "out" ],
      "types" : [ "logs" ]
    },
    "label" : "logscrubber",
    "name" : "logscrubber",
    "node" : {
      "x" : 22.8,
      "y" : 19.3
    },
    "timestamp" : "2020-03-17T05:49:30.108Z",
    "type" : 2
  }, {
    "inventory" : {
      "clientHash" : [ ],
      "clients" : [ ],
      "collaborationHash" : [ ],
      "collaborations" : [ ],
      "eventstreamHash" : [ ],
      "eventstreams" : [ ],
      "procedureHash" : [ "out" ],
      "procedures" : [ "DeleteScheduledEvents" ],
      "sourceHash" : [ ],
      "sources" : [ ],
      "systemmodelHash" : [ ],
      "systemmodels" : [ ],
      "topicHash" : [ "in" ],
      "topics" : [ "/TrainingDataGen/Stop" ],
      "typeHash" : [ ],
      "types" : [ ]
    },
    "label" : "onStopTrainingDataGen",
    "name" : "onStopTrainingDataGen",
    "node" : {
      "x" : 635.2,
      "y" : 287.4
    },
    "timestamp" : "2020-03-17T05:49:30.285Z",
    "type" : 2
  }, {
    "label" : "system.scheduledevents",
    "name" : "system.scheduledevents",
    "node" : {
      "x" : 414.3,
      "y" : 267.1
    },
    "timestamp" : "2019-10-17T22:26:48.300Z",
    "type" : 1
  }, {
    "inventory" : {
      "clientHash" : [ ],
      "clients" : [ ],
      "collaborationHash" : [ ],
      "collaborations" : [ ],
      "eventstreamHash" : [ ],
      "eventstreams" : [ ],
      "procedureHash" : [ "out" ],
      "procedures" : [ "range" ],
      "sourceHash" : [ ],
      "sources" : [ ],
      "systemmodelHash" : [ ],
      "systemmodels" : [ ],
      "topicHash" : [ ],
      "topics" : [ ],
      "typeHash" : [ "out" ],
      "types" : [ "TrainingDataGenControl" ]
    },
    "label" : "updateTrainingDataGenControl",
    "name" : "updateTrainingDataGenControl",
    "node" : {
      "x" : 577.9,
      "y" : 246.2
    },
    "timestamp" : "2020-03-11T00:40:14.350Z",
    "type" : 3
  } ],
  "tools" : [ {
    "isPinned" : false,
    "name" : "Project Resource Graph",
    "pane" : {
      "h" : 400,
      "w" : 600,
      "x" : 20,
      "y" : 210
    },
    "toolOptions" : {
      "scaleAndTranslationState" : {
        "lastZoomRequest" : 0,
        "scale" : 0.6155722066724582,
        "translate" : [ 95.57816849268471, 99.88758538592205 ]
      }
    },
    "type" : 1
  }, {
    "isPinned" : false,
    "name" : "TrainingDataGeneratorClient",
    "pane" : {
      "h" : 700,
      "w" : 1000,
      "x" : 640,
      "y" : 20
    },
    "resourceKey" : "client/TrainingDataGeneratorClient",
    "toolOptions" : {
      "isRunning" : false
    },
    "type" : 63
  }, {
    "isPinned" : false,
    "name" : "CreateScheduledEvents",
    "pane" : {
      "h" : 400,
      "w" : 600,
      "x" : 640,
      "y" : 860
    },
    "resourceKey" : "procedure/CreateScheduledEvents",
    "type" : 24
  }, {
    "isPinned" : false,
    "name" : "DeleteScheduledEvents",
    "pane" : {
      "h" : 400,
      "w" : 600,
      "x" : 1260,
      "y" : 860
    },
    "resourceKey" : "procedure/DeleteScheduledEvents",
    "type" : 24
  }, {
    "isPinned" : false,
    "name" : "Project Description",
    "pane" : {
      "h" : 170,
      "w" : 600,
      "x" : 20,
      "y" : 20
    },
    "type" : 82
  }, {
    "isPinned" : false,
    "name" : "RPMSDataGenerator",
    "pane" : {
      "h" : 400,
      "w" : 600,
      "x" : 20,
      "y" : 630
    },
    "resourceKey" : "rule/RPMSDataGenerator",
    "type" : 3
  }, {
    "isPinned" : false,
    "name" : "TempDataGenerator",
    "pane" : {
      "h" : 400,
      "w" : 600,
      "x" : 20,
      "y" : 1050
    },
    "resourceKey" : "rule/TempDataGenerator",
    "type" : 3
  }, {
    "isPinned" : false,
    "name" : "CreateRPMSScheduledEvents",
    "pane" : {
      "h" : 400,
      "w" : 600,
      "x" : 640.0000305175781,
      "y" : 1280.0000610351562
    },
    "resourceKey" : "procedure/CreateRPMSScheduledEvents",
    "type" : 24
  } ],
  "type" : "dev",
  "views" : [ {
    "name" : "Main",
    "projectToolKeys" : [ "graph/Project Resource Graph", "client/TrainingDataGeneratorClient", "cmeditorprocedure/CreateScheduledEvents", "cmeditorprocedure/DeleteScheduledEvents", "projectdescription/Project Description", "cmeditorrule/RPMSDataGenerator", "cmeditorrule/TempDataGenerator", "cmeditorprocedure/CreateRPMSScheduledEvents" ]
  } ]
}