{
  "activationConstraint" : "",
  "active" : true,
  "ars_properties" : null,
  "ars_relationships" : [ ],
  "autoUnwind" : false,
  "config" : {
    "oauthContentType" : "application/x-www-form-urlencoded",
    "oauthGrantType" : "client_credentials",
    "oauthUseBasicAuth" : false,
    "passwordType" : "string",
    "pollingInterval" : 0,
    "query" : { },
    "requestDefaults" : { },
    "uri" : "https://api.fitbit.com/"
  },
  "messageType" : null,
  "mockProcedures" : { },
  "name" : "jp.co.vantiq.common.fitbit.FitbitApi",
  "type" : "REMOTE"
}