[ {
  "camera_id" : "camera_005",
  "lat" : 35.68851997962132,
  "location" : "花畑",
  "lon" : 139.76492079683555
}, {
  "camera_id" : "camera_004",
  "lat" : 35.688173581806524,
  "location" : "芝生広場",
  "lon" : 139.76431734949853
}, {
  "camera_id" : "camera_003",
  "lat" : 35.68869855278474,
  "location" : "駐車場",
  "lon" : 139.76447563413294
}, {
  "camera_id" : "camera_002",
  "lat" : 35.6885439058189,
  "location" : "時計台",
  "lon" : 139.76515962484524
}, {
  "camera_id" : "camera_001",
  "lat" : 35.6885439058188,
  "location" : "多目的広場",
  "lon" : 139.76515962484524
} ]