{
  "active" : true,
  "appType" : true,
  "ars_properties" : {
    "dataVersion" : 5,
    "graph" : {
      "coordinates" : {
        "120548cc-f4c2-4f02-8c76-b720cc241307" : {
          "x" : 0,
          "y" : 0
        },
        "1f5700ec-1847-423f-a4d9-83cf127e5af9" : {
          "x" : 0,
          "y" : 160
        },
        "239dd4bb-448b-4f5a-9cb7-95b33bd2165b" : {
          "x" : 0,
          "y" : 480
        },
        "2459705d-aa74-4a98-8a42-93e486e0c723" : {
          "x" : 0,
          "y" : 320
        },
        "2a1cad5b-d185-4c30-83e7-4ef3eb36f97b" : {
          "x" : 0,
          "y" : 80
        },
        "397d5fdf-cfac-44b8-96e2-8464620e45e6" : {
          "x" : 0,
          "y" : 240
        },
        "54696c17-c635-496f-8c5a-bb5788e962e6" : {
          "x" : -195,
          "y" : 400
        },
        "b4fa287d-c639-4727-81b9-d71ac6062955" : {
          "x" : 195,
          "y" : 400
        },
        "c0fe8d5c-5588-42d7-9df1-3647bec29763" : {
          "x" : -195,
          "y" : 480
        },
        "e6b4588e-2695-48ac-be61-054a9f4a38af" : {
          "x" : 195,
          "y" : 480
        },
        "f63c3d6e-7ee6-4272-9199-42dc41cdacb1" : {
          "x" : 0,
          "y" : 400
        }
      },
      "lastZoomRequest" : 0,
      "scale" : 0.9024635425990444,
      "translate" : [ 570.3819592668585, 29.408745472947828 ]
    },
    "groupSettings" : {
      "appGroupOpenHash" : {
        "actions" : true,
        "flowControl" : true,
        "modifiers" : true
      },
      "ctGroupOpenHash" : {
        "actions" : true,
        "mobile" : true
      },
      "ctServiceOpen" : false,
      "serviceGroupOpenHash" : { }
    }
  },
  "ars_relationships" : [ ],
  "assembly" : {
    "AttachCondition" : {
      "configuration" : {
        "associatedType" : "sorting_condition",
        "childStreams" : [ "Transformation" ],
        "foreignKeys" : {
          "code" : {
            "expression" : "event.code",
            "type" : "expression"
          }
        },
        "groupByProperty" : "",
        "groupByWindow" : null,
        "parentStreams" : [ "SplitByCode" ],
        "refreshInterval" : "1 day"
      },
      "downstreamReferences" : { },
      "name" : "AttachCondition",
      "pattern" : "CachedEnrich",
      "patternVersion" : 4,
      "uuid" : "1f5700ec-1847-423f-a4d9-83cf127e5af9"
    },
    "ExtractToKanagawa" : {
      "configuration" : {
        "childStreams" : [ "PublishToKanagawa" ],
        "condition" : "event.message.center_id == 2",
        "imports" : null,
        "outboundResource" : null,
        "outboundResourceConfig" : null,
        "outboundResourceId" : null,
        "parentStreams" : [ "TransformForMqtt" ],
        "upsert" : false
      },
      "downstreamReferences" : { },
      "name" : "ExtractToKanagawa",
      "pattern" : "Filter",
      "patternVersion" : 4,
      "uuid" : "54696c17-c635-496f-8c5a-bb5788e962e6"
    },
    "ExtractToSaitama" : {
      "configuration" : {
        "childStreams" : [ "PublishToSaitama" ],
        "condition" : "event.message.center_id == 3",
        "imports" : null,
        "outboundResource" : null,
        "outboundResourceConfig" : null,
        "outboundResourceId" : null,
        "parentStreams" : [ "TransformForMqtt" ],
        "upsert" : false
      },
      "downstreamReferences" : { },
      "name" : "ExtractToSaitama",
      "pattern" : "Filter",
      "patternVersion" : 4,
      "uuid" : "f63c3d6e-7ee6-4272-9199-42dc41cdacb1"
    },
    "ExtractToTokyo" : {
      "configuration" : {
        "childStreams" : [ "PublishToTokyo" ],
        "condition" : "event.message.center_id == 1",
        "imports" : null,
        "outboundResource" : null,
        "outboundResourceConfig" : null,
        "outboundResourceId" : null,
        "parentStreams" : [ "TransformForMqtt" ],
        "upsert" : false
      },
      "downstreamReferences" : { },
      "name" : "ExtractToTokyo",
      "pattern" : "Filter",
      "patternVersion" : 4,
      "uuid" : "b4fa287d-c639-4727-81b9-d71ac6062955"
    },
    "PublishToKanagawa" : {
      "configuration" : {
        "childStreams" : null,
        "parentStreams" : [ "ExtractToKanagawa" ],
        "redeliverOnError" : null,
        "retries" : null,
        "source" : "SortingResultMqtt",
        "sourceConfig" : "{\"topic\": \"/center/kanagawa/yourname\"}"
      },
      "downstreamReferences" : { },
      "name" : "PublishToKanagawa",
      "pattern" : "PublishToSource",
      "patternVersion" : 3,
      "uuid" : "c0fe8d5c-5588-42d7-9df1-3647bec29763"
    },
    "PublishToSaitama" : {
      "configuration" : {
        "childStreams" : null,
        "parentStreams" : [ "ExtractToSaitama" ],
        "redeliverOnError" : null,
        "retries" : null,
        "source" : "SortingResultMqtt",
        "sourceConfig" : "{\"topic\": \"/center/saitama/yourname\"}"
      },
      "downstreamReferences" : { },
      "name" : "PublishToSaitama",
      "pattern" : "PublishToSource",
      "patternVersion" : 3,
      "uuid" : "239dd4bb-448b-4f5a-9cb7-95b33bd2165b"
    },
    "PublishToTokyo" : {
      "configuration" : {
        "childStreams" : null,
        "parentStreams" : [ "ExtractToTokyo" ],
        "redeliverOnError" : null,
        "retries" : null,
        "source" : "SortingResultMqtt",
        "sourceConfig" : "{\"topic\": \"/center/tokyo/yourname\"}"
      },
      "downstreamReferences" : { },
      "name" : "PublishToTokyo",
      "pattern" : "PublishToSource",
      "patternVersion" : 3,
      "uuid" : "e6b4588e-2695-48ac-be61-054a9f4a38af"
    },
    "ReceiveBoxInfo" : {
      "configuration" : {
        "childStreams" : [ "SplitByCode" ],
        "condition" : null,
        "eventTypeName" : null,
        "inboundResource" : "sources",
        "inboundResourceId" : "BoxInfoMqtt",
        "op" : null,
        "outboundResource" : null,
        "outboundResourceConfig" : null,
        "outboundResourceId" : null,
        "parentStreams" : [ ],
        "schema" : null,
        "upsert" : false
      },
      "downstreamReferences" : { },
      "name" : "ReceiveBoxInfo",
      "pattern" : "EventStream",
      "patternVersion" : 4,
      "uuid" : "120548cc-f4c2-4f02-8c76-b720cc241307"
    },
    "SplitByCode" : {
      "configuration" : {
        "childStreams" : [ "AttachCondition" ],
        "groupBy" : "event.code",
        "groupByWindow" : null,
        "imports" : null,
        "maxOpenGroups" : null,
        "parentStreams" : [ "ReceiveBoxInfo" ]
      },
      "downstreamReferences" : { },
      "name" : "SplitByCode",
      "pattern" : "SplitByGroup",
      "patternVersion" : 4,
      "uuid" : "2a1cad5b-d185-4c30-83e7-4ef3eb36f97b"
    },
    "TransformForMqtt" : {
      "configuration" : {
        "childStreams" : [ "ExtractToSaitama", "ExtractToKanagawa", "ExtractToTokyo" ],
        "imports" : null,
        "outboundResource" : null,
        "outboundResourceConfig" : null,
        "outboundResourceId" : null,
        "parentStreams" : [ "Transformation" ],
        "schema" : null,
        "transformInPlace" : false,
        "transformation" : {
          "message" : {
            "expression" : "event",
            "type" : "expression"
          }
        },
        "upsert" : false
      },
      "downstreamReferences" : { },
      "name" : "TransformForMqtt",
      "pattern" : "Transformation",
      "patternVersion" : 4,
      "uuid" : "2459705d-aa74-4a98-8a42-93e486e0c723"
    },
    "Transformation" : {
      "configuration" : {
        "childStreams" : [ "TransformForMqtt" ],
        "imports" : null,
        "outboundResource" : null,
        "outboundResourceConfig" : null,
        "outboundResourceId" : null,
        "parentStreams" : [ "AttachCondition" ],
        "schema" : null,
        "transformInPlace" : false,
        "transformation" : {
          "center_id" : {
            "expression" : "event.sorting_condition.center_id",
            "type" : "expression"
          },
          "center_name" : {
            "expression" : "event.sorting_condition.center_name",
            "type" : "expression"
          },
          "code" : {
            "expression" : "event.code",
            "type" : "expression"
          },
          "name" : {
            "expression" : "event.name",
            "type" : "expression"
          },
          "time" : {
            "expression" : "event.time",
            "type" : "expression"
          }
        },
        "upsert" : false
      },
      "downstreamReferences" : { },
      "name" : "Transformation",
      "pattern" : "Transformation",
      "patternVersion" : 4,
      "uuid" : "397d5fdf-cfac-44b8-96e2-8464620e45e6"
    }
  },
  "collaboratorRoles" : [ ],
  "contextualizedAssembly" : { },
  "conversationNames" : [ ],
  "disableBadging" : false,
  "entityRoles" : [ ],
  "isComponent" : false,
  "isEventHandler" : false,
  "keyTypes" : [ "system.collaborations" ],
  "name" : "BoxSorter"
}