{
  "activationConstraint" : "",
  "active" : false,
  "ars_properties" : null,
  "ars_relationships" : [ ],
  "config" : {
    "automaticReconnect" : true,
    "cleanSession" : true,
    "connectionTimeout" : 15,
    "contentType" : "application/json",
    "keepAliveInterval" : 15,
    "maxInflight" : 10,
    "passwordType" : "string",
    "qos" : "AT_LEAST_ONCE",
    "serverURIs" : [ "mqtts://your-mqtt-broker.com" ],
    "topics" : [ "/guards/location" ]
  },
  "direction" : "BOTH",
  "messageType" : null,
  "mockProcedures" : { },
  "name" : "MqttBroker",
  "type" : "MQTT"
}