{
  "ars_relationships" : [ ],
  "links" : [ {
    "source" : "services/AWSAPIUtils",
    "target" : "procedure/AWSAPIUtils.dec2sbin"
  }, {
    "source" : "services/AWSAPIUtils",
    "target" : "procedure/AWSAPIUtils.genAWSAPIHeaders"
  }, {
    "source" : "services/AWSAPIUtils",
    "target" : "procedure/AWSAPIUtils.genSignatureVer4AWS"
  }, {
    "source" : "services/AWSAPIUtils",
    "target" : "procedure/AWSAPIUtils.dec2shex"
  }, {
    "source" : "procedure/AWSAPIUtils.dec2sbin",
    "target" : "services/AWSAPIUtils"
  }, {
    "source" : "procedure/AWSAPIUtils.genSignatureVer4AWS",
    "target" : "procedure/AWSAPIUtils.dec2shex"
  }, {
    "source" : "procedure/AWSAPIUtils.genSignatureVer4AWS",
    "target" : "services/AWSAPIUtils"
  }, {
    "source" : "procedure/AWSAPIUtils.dec2shex",
    "target" : "procedure/AWSAPIUtils.dec2sbin"
  }, {
    "source" : "procedure/AWSAPIUtils.dec2shex",
    "target" : "services/AWSAPIUtils"
  }, {
    "source" : "procedure/AWSAPIUtils.genAWSAPIHeaders",
    "target" : "procedure/AWSAPIUtils.dec2shex"
  }, {
    "source" : "procedure/AWSAPIUtils.genAWSAPIHeaders",
    "target" : "procedure/AWSAPIUtils.genSignatureVer4AWS"
  }, {
    "source" : "procedure/AWSAPIUtils.genAWSAPIHeaders",
    "target" : "services/AWSAPIUtils"
  }, {
    "source" : "procedure/AWSIoTAPI.getThingShadowIoTCore",
    "target" : "source/AWSIoTCoreDeviceShadow"
  }, {
    "source" : "procedure/AWSIoTAPI.getThingShadowIoTCore",
    "target" : "procedure/AWSAPIUtils.genAWSAPIHeaders"
  }, {
    "source" : "procedure/AWSIoTAPI.getThingShadowIoTCore",
    "target" : "services/AWSIoTAPI"
  }, {
    "source" : "services/AWSIoTAPI",
    "target" : "procedure/AWSIoTAPI.getThingShadowIoTCore"
  }, {
    "source" : "procedure/AWSIoTAPI.updateThingShadowIoTCore",
    "target" : "source/AWSIoTCoreDeviceShadow"
  }, {
    "source" : "procedure/AWSIoTAPI.updateThingShadowIoTCore",
    "target" : "procedure/AWSAPIUtils.genAWSAPIHeaders"
  }, {
    "source" : "procedure/AWSIoTAPI.updateThingShadowIoTCore",
    "target" : "services/AWSIoTAPI"
  }, {
    "source" : "services/AWSIoTAPI",
    "target" : "procedure/AWSIoTAPI.updateThingShadowIoTCore"
  }, {
    "source" : "procedure/AWSIoTAPI.describeThingIoTCore",
    "target" : "source/AWSIoTAPI"
  }, {
    "source" : "procedure/AWSIoTAPI.describeThingIoTCore",
    "target" : "procedure/AWSAPIUtils.genAWSAPIHeaders"
  }, {
    "source" : "procedure/AWSIoTAPI.describeThingIoTCore",
    "target" : "services/AWSIoTAPI"
  }, {
    "source" : "services/AWSIoTAPI",
    "target" : "procedure/AWSIoTAPI.describeThingIoTCore"
  }, {
    "source" : "services/AWSIoTAPI",
    "target" : "procedure/AWSIoTAPI.listThingsIoTCore"
  }, {
    "source" : "procedure/AWSIoTAPI.listThingsIoTCore",
    "target" : "source/AWSIoTAPI"
  }, {
    "source" : "procedure/AWSIoTAPI.listThingsIoTCore",
    "target" : "procedure/AWSAPIUtils.genAWSAPIHeaders"
  }, {
    "source" : "procedure/AWSIoTAPI.listThingsIoTCore",
    "target" : "services/AWSIoTAPI"
  }, {
    "source" : "source/IoTShadowSubscribe",
    "target" : "rule/OnDeviceShadowUpdate"
  }, {
    "source" : "rule/OnDeviceShadowUpdate",
    "target" : "topic//tempsensor/fun_switch/update"
  }, {
    "source" : "rule/OnDeviceShadowUpdate",
    "target" : "procedure/AWSIoTAPI.describeThingIoTCore"
  } ],
  "name" : "awsiot",
  "options" : {
    "description" : "",
    "dockCollapsed" : {
      "bottom" : false,
      "left" : false,
      "right" : false,
      "top" : false,
      "viewtabs" : false
    },
    "dockDimensions" : {
      "bottom" : 200,
      "debug" : [ 0, 0, 0 ],
      "left" : 210,
      "right" : 220,
      "top" : 0,
      "viewtabs" : 0
    },
    "filterBitArray" : "ffffffffffffffffffffffffffffffff",
    "isModeloProject" : true,
    "layoutStyle" : "custom",
    "openFolders" : [ "services", "source", "topic" ],
    "rootViewFlavor" : 5,
    "showGrid" : true,
    "type" : "dev",
    "v" : 5,
    "viewUUID" : "MAINVIEW"
  },
  "resources" : [ {
    "label" : "/tempsensor/fun_switch/update",
    "name" : "/tempsensor/fun_switch/update",
    "resourceReference" : "/topics//tempsensor/fun_switch/update",
    "type" : 10
  }, {
    "label" : "AWSAPIUtils",
    "name" : "AWSAPIUtils",
    "resourceReference" : "/system.services/AWSAPIUtils",
    "timestamp" : "2022-05-11T08:26:33.319Z",
    "type" : 63
  }, {
    "label" : "AWSAPIUtils.dec2sbin",
    "name" : "AWSAPIUtils.dec2sbin",
    "procedureName" : "dec2sbin",
    "resourceReference" : "/procedures/AWSAPIUtils.dec2sbin",
    "serviceName" : "AWSAPIUtils",
    "timestamp" : "2022-05-11T08:26:33.562Z",
    "type" : 3
  }, {
    "label" : "AWSAPIUtils.dec2shex",
    "name" : "AWSAPIUtils.dec2shex",
    "procedureName" : "dec2shex",
    "resourceReference" : "/procedures/AWSAPIUtils.dec2shex",
    "serviceName" : "AWSAPIUtils",
    "timestamp" : "2022-05-11T08:26:33.556Z",
    "type" : 3
  }, {
    "label" : "AWSAPIUtils.genAWSAPIHeaders",
    "name" : "AWSAPIUtils.genAWSAPIHeaders",
    "procedureName" : "genAWSAPIHeaders",
    "resourceReference" : "/procedures/AWSAPIUtils.genAWSAPIHeaders",
    "serviceName" : "AWSAPIUtils",
    "timestamp" : "2022-05-11T08:26:33.560Z",
    "type" : 3
  }, {
    "label" : "AWSAPIUtils.genSignatureVer4AWS",
    "name" : "AWSAPIUtils.genSignatureVer4AWS",
    "procedureName" : "genSignatureVer4AWS",
    "resourceReference" : "/procedures/AWSAPIUtils.genSignatureVer4AWS",
    "serviceName" : "AWSAPIUtils",
    "timestamp" : "2022-05-11T08:26:33.546Z",
    "type" : 3
  }, {
    "label" : "AWSIoTAPI",
    "name" : "AWSIoTAPI",
    "resourceReference" : "/sources/AWSIoTAPI",
    "timestamp" : "2022-05-11T08:26:52.101Z",
    "type" : 4
  }, {
    "label" : "AWSIoTAPI",
    "name" : "AWSIoTAPI",
    "resourceReference" : "/system.services/AWSIoTAPI",
    "timestamp" : "2022-05-11T08:26:33.320Z",
    "type" : 63
  }, {
    "label" : "AWSIoTAPI.describeThingIoTCore",
    "name" : "AWSIoTAPI.describeThingIoTCore",
    "procedureName" : "describeThingIoTCore",
    "resourceReference" : "/procedures/AWSIoTAPI.describeThingIoTCore",
    "serviceName" : "AWSIoTAPI",
    "timestamp" : "2022-05-11T08:30:19.727Z",
    "type" : 3
  }, {
    "label" : "AWSIoTAPI.getThingShadowIoTCore",
    "name" : "AWSIoTAPI.getThingShadowIoTCore",
    "procedureName" : "getThingShadowIoTCore",
    "resourceReference" : "/procedures/AWSIoTAPI.getThingShadowIoTCore",
    "serviceName" : "AWSIoTAPI",
    "timestamp" : "2022-05-11T08:29:22.623Z",
    "type" : 3
  }, {
    "label" : "AWSIoTAPI.listThingsIoTCore",
    "name" : "AWSIoTAPI.listThingsIoTCore",
    "procedureName" : "listThingsIoTCore",
    "resourceReference" : "/procedures/AWSIoTAPI.listThingsIoTCore",
    "serviceName" : "AWSIoTAPI",
    "timestamp" : "2022-05-11T08:30:07.035Z",
    "type" : 3
  }, {
    "label" : "AWSIoTAPI.updateThingShadowIoTCore",
    "name" : "AWSIoTAPI.updateThingShadowIoTCore",
    "procedureName" : "updateThingShadowIoTCore",
    "resourceReference" : "/procedures/AWSIoTAPI.updateThingShadowIoTCore",
    "serviceName" : "AWSIoTAPI",
    "timestamp" : "2022-05-11T08:29:52.917Z",
    "type" : 3
  }, {
    "label" : "AWSIoTCoreDeviceShadow",
    "name" : "AWSIoTCoreDeviceShadow",
    "resourceReference" : "/sources/AWSIoTCoreDeviceShadow",
    "timestamp" : "2022-05-11T08:27:45.220Z",
    "type" : 4
  }, {
    "label" : "AWSIoTMQTT",
    "name" : "AWSIoTMQTT",
    "resourceReference" : "/sources/AWSIoTMQTT",
    "timestamp" : "2022-05-11T08:28:12.055Z",
    "type" : 4
  }, {
    "label" : "IoTShadowSubscribe",
    "name" : "IoTShadowSubscribe",
    "resourceReference" : "/sources/IoTShadowSubscribe",
    "timestamp" : "2022-05-11T08:26:31.788Z",
    "type" : 4
  }, {
    "label" : "OnDeviceShadowUpdate",
    "name" : "OnDeviceShadowUpdate",
    "resourceReference" : "/rules/OnDeviceShadowUpdate",
    "timestamp" : "2022-05-11T08:26:33.494Z",
    "type" : 2
  } ],
  "tools" : [ {
    "isPinned" : false,
    "name" : "/tempsensor/fun_switch/update",
    "pane" : {
      "h" : 400,
      "w" : 600,
      "x" : 10,
      "y" : 1650
    },
    "resourceKey" : "topic//tempsensor/fun_switch/update",
    "state" : 3,
    "type" : 8
  }, {
    "isPinned" : false,
    "name" : "/tempsensor/fun_switch/update",
    "pane" : {
      "h" : 400,
      "w" : 600,
      "x" : 620,
      "y" : 1650
    },
    "resourceKey" : "topic//tempsensor/fun_switch/update",
    "state" : 3,
    "type" : 11
  }, {
    "isPinned" : false,
    "name" : "AWSAPIUtils.dec2sbin",
    "pane" : {
      "h" : 400,
      "w" : 600,
      "x" : 620,
      "y" : 1240
    },
    "resourceKey" : "procedure/AWSAPIUtils.dec2sbin",
    "state" : 3,
    "type" : 24
  }, {
    "isPinned" : false,
    "name" : "AWSIoTAPI",
    "pane" : {
      "h" : 400,
      "w" : 600,
      "x" : 10,
      "y" : 10
    },
    "resourceKey" : "source/AWSIoTAPI",
    "state" : 3,
    "type" : 5
  }, {
    "isPinned" : false,
    "name" : "AWSIoTAPI.describeThingIoTCore",
    "pane" : {
      "h" : 400,
      "w" : 600,
      "x" : 620,
      "y" : 420
    },
    "resourceKey" : "procedure/AWSIoTAPI.describeThingIoTCore",
    "state" : 3,
    "type" : 24
  }, {
    "isPinned" : false,
    "name" : "AWSIoTAPI.getThingShadowIoTCore",
    "pane" : {
      "h" : 400,
      "w" : 600,
      "x" : 10,
      "y" : 830
    },
    "resourceKey" : "procedure/AWSIoTAPI.getThingShadowIoTCore",
    "state" : 3,
    "type" : 24
  }, {
    "isPinned" : false,
    "name" : "AWSIoTAPI.listThingsIoTCore",
    "pane" : {
      "h" : 400,
      "w" : 600,
      "x" : 10,
      "y" : 420
    },
    "resourceKey" : "procedure/AWSIoTAPI.listThingsIoTCore",
    "state" : 3,
    "type" : 24
  }, {
    "isPinned" : false,
    "name" : "AWSIoTAPI.updateThingShadowIoTCore",
    "pane" : {
      "h" : 400,
      "w" : 600,
      "x" : 620,
      "y" : 830
    },
    "resourceKey" : "procedure/AWSIoTAPI.updateThingShadowIoTCore",
    "state" : 3,
    "type" : 24
  }, {
    "isPinned" : false,
    "name" : "AWSIoTCoreDeviceShadow",
    "pane" : {
      "h" : 400,
      "w" : 600,
      "x" : 620,
      "y" : 10
    },
    "resourceKey" : "source/AWSIoTCoreDeviceShadow",
    "state" : 3,
    "type" : 5
  }, {
    "isPinned" : false,
    "name" : "AWSIoTMQTT",
    "pane" : {
      "h" : 400,
      "w" : 600,
      "x" : 1240,
      "y" : 10
    },
    "resourceKey" : "source/AWSIoTMQTT",
    "state" : 3,
    "type" : 5
  }, {
    "isPinned" : false,
    "name" : "OnDeviceShadowUpdate",
    "pane" : {
      "h" : 400,
      "w" : 600,
      "x" : 10,
      "y" : 1240
    },
    "resourceKey" : "rule/OnDeviceShadowUpdate",
    "state" : 3,
    "type" : 3
  }, {
    "isPinned" : false,
    "name" : "Project Contents",
    "type" : 2
  }, {
    "isPinned" : false,
    "name" : "エラー",
    "type" : 13
  }, {
    "dockLocation" : "top",
    "isPinned" : false,
    "name" : "非アクティブ ペイン",
    "type" : 99
  } ],
  "type" : "dev",
  "views" : [ {
    "name" : "Project Contents",
    "projectToolKeys" : [ "subtopiceditor//tempsensor/fun_switch/update", "dataviewer//tempsensor/fun_switch/update", "cmeditorprocedure/AWSAPIUtils.dec2sbin", "subsourceeditor/AWSIoTAPI", "cmeditorprocedure/AWSIoTAPI.describeThingIoTCore", "cmeditorprocedure/AWSIoTAPI.getThingShadowIoTCore", "cmeditorprocedure/AWSIoTAPI.listThingsIoTCore", "cmeditorprocedure/AWSIoTAPI.updateThingShadowIoTCore", "subsourceeditor/AWSIoTCoreDeviceShadow", "subsourceeditor/AWSIoTMQTT", "cmeditorrule/OnDeviceShadowUpdate", "list/Project Contents", "errorviewer/エラー", "tiledock/非アクティブ ペイン" ]
  } ]
}