{
  "active" : true,
  "appType" : true,
  "ars_properties" : {
    "dataVersion" : 5,
    "graph" : {
      "lastZoomRequest" : 0,
      "scale" : 1.0299455599904659,
      "translate" : [ 291.4070473039492, 182.14791936936547 ]
    },
    "groupSettings" : {
      "appGroupOpenHash" : {
        "actions" : true,
        "filters" : true,
        "flowControl" : true
      },
      "ctGroupOpenHash" : {
        "actions" : true,
        "mobile" : true
      },
      "ctServiceOpen" : false,
      "serviceGroupOpenHash" : { }
    }
  },
  "ars_relationships" : [ ],
  "assembly" : {
    "AttachCondition" : {
      "configuration" : {
        "associatedType" : "sorting_condition",
        "childStreams" : [ "ExtractToTokyo", "ExtractToKanagawa", "ExtractToSaitama" ],
        "foreignKeys" : [ {
          "type" : "Property",
          "value" : "code"
        } ],
        "outboundResource" : null,
        "outboundResourceConfig" : null,
        "outboundResourceId" : null,
        "parentStreams" : [ "ReceiveBoxInfo" ],
        "upsert" : false
      },
      "downstreamReferences" : { },
      "pattern" : "Enrich",
      "patternVersion" : 1,
      "uuid" : "e47af253-ef55-47ea-bc3a-bb151b729291"
    },
    "ExtractToKanagawa" : {
      "configuration" : {
        "childStreams" : [ "LogToKanagawa" ],
        "condition" : "event.sorting_condition.center_id == 2",
        "imports" : null,
        "outboundResource" : null,
        "outboundResourceConfig" : null,
        "outboundResourceId" : null,
        "parentStreams" : [ "AttachCondition" ],
        "upsert" : false
      },
      "downstreamReferences" : { },
      "pattern" : "Filter",
      "patternVersion" : 1,
      "uuid" : "5c9c4bb4-c0bb-4964-96b4-76828dfdbe3a"
    },
    "ExtractToSaitama" : {
      "configuration" : {
        "childStreams" : [ "LogToSaitama" ],
        "condition" : "event.sorting_condition.center_id == 3",
        "imports" : null,
        "outboundResource" : null,
        "outboundResourceConfig" : null,
        "outboundResourceId" : null,
        "parentStreams" : [ "AttachCondition" ],
        "upsert" : false
      },
      "downstreamReferences" : { },
      "pattern" : "Filter",
      "patternVersion" : 1,
      "uuid" : "079a45e1-ea86-41e5-9031-910254286765"
    },
    "ExtractToTokyo" : {
      "configuration" : {
        "childStreams" : [ "LogToTokyo" ],
        "condition" : "event.sorting_condition.center_id == 1",
        "imports" : null,
        "outboundResource" : null,
        "outboundResourceConfig" : null,
        "outboundResourceId" : null,
        "parentStreams" : [ "AttachCondition" ],
        "upsert" : false
      },
      "downstreamReferences" : { },
      "pattern" : "Filter",
      "patternVersion" : 1,
      "uuid" : "7e768428-65ff-45c4-8e51-6cdf2a87f9eb"
    },
    "LogToKanagawa" : {
      "configuration" : {
        "level" : "info",
        "parentStreams" : [ "ExtractToKanagawa" ]
      },
      "downstreamReferences" : { },
      "pattern" : "LogStream",
      "patternVersion" : 1,
      "uuid" : "bc64f9b1-8b72-4f4a-b6f1-53ddc824a8ab"
    },
    "LogToSaitama" : {
      "configuration" : {
        "level" : "info",
        "parentStreams" : [ "ExtractToSaitama" ]
      },
      "downstreamReferences" : { },
      "pattern" : "LogStream",
      "patternVersion" : 1,
      "uuid" : "09cacdfe-7691-40ca-8189-8bdb46aa92ea"
    },
    "LogToTokyo" : {
      "configuration" : {
        "level" : "info",
        "parentStreams" : [ "ExtractToTokyo" ]
      },
      "downstreamReferences" : { },
      "pattern" : "LogStream",
      "patternVersion" : 1,
      "uuid" : "a577adf8-976a-4cee-a516-cbe84f015f7d"
    },
    "ReceiveBoxInfo" : {
      "configuration" : {
        "childStreams" : [ "AttachCondition" ],
        "condition" : "",
        "eventTypeName" : null,
        "inboundResource" : "topics",
        "inboundResourceId" : "/BoxInfoApi",
        "op" : null,
        "outboundResource" : null,
        "outboundResourceConfig" : null,
        "outboundResourceId" : null,
        "parentStreams" : [ ],
        "schema" : null,
        "upsert" : false
      },
      "downstreamReferences" : { },
      "pattern" : "EventStream",
      "patternVersion" : 1,
      "uuid" : "5a5127f8-5925-455a-8651-3bbd981a9fd7"
    }
  },
  "collaboratorRoles" : [ ],
  "disableBadging" : false,
  "entityRoles" : [ ],
  "isComponent" : false,
  "isEventHandler" : false,
  "keyTypes" : [ "system.collaborations" ],
  "name" : "BoxSorter"
}