{
  "active" : true,
  "appType" : true,
  "ars_properties" : {
    "dataVersion" : 5,
    "graph" : {
      "coordinates" : {
        "0fa6357e-1ada-4547-95fc-da38bf83476e" : {
          "x" : 0,
          "y" : 0
        },
        "5773f6aa-0dfe-4c5b-8cd3-572f14b37597" : {
          "x" : 0,
          "y" : 80
        },
        "8bd31316-b400-4b85-9c7b-4165337a635f" : {
          "x" : 0,
          "y" : 240
        },
        "9f6332ad-a190-4494-858b-7a72dae588ee" : {
          "x" : 0,
          "y" : 160
        },
        "f7d7acb8-aebd-4a43-8909-c60939fdc5bd" : {
          "x" : 0,
          "y" : 320
        }
      },
      "lastZoomRequest" : 0,
      "scale" : 1.3767797198929321,
      "translate" : [ 712, 50.71524875612923 ]
    },
    "groupSettings" : {
      "appGroupOpenHash" : {
        "ServiceProcedures" : true,
        "actions" : true,
        "ai" : true,
        "collab" : true,
        "filters" : true,
        "flowControl" : true,
        "math" : true,
        "mobile" : true,
        "modifiers" : true,
        "nlp" : true,
        "vision" : true
      },
      "ctGroupOpenHash" : {
        "actions" : true,
        "mobile" : true
      },
      "ctServiceOpen" : {
        "events" : true,
        "procedures" : true
      },
      "serviceGroupOpenHash" : {
        "Chat" : {
          "events" : true,
          "procedures" : true
        },
        "Notification" : {
          "events" : true,
          "procedures" : true
        },
        "Recommend" : {
          "events" : true,
          "procedures" : true
        },
        "jp-vantiq-AzureWebChatService" : {
          "events" : true,
          "procedures" : true
        },
        "jp-vantiq-DebugTools" : {
          "events" : true,
          "procedures" : true
        },
        "jp-vantiq-Mattermost" : {
          "events" : true,
          "procedures" : true
        },
        "jp-vantiq-Settings" : {
          "events" : true,
          "procedures" : true
        },
        "jp-vantiq-SimpleChatService" : {
          "events" : true,
          "procedures" : true
        },
        "jp-vantiq-SlackAppService" : {
          "events" : true,
          "procedures" : true
        },
        "jp-vantiq-Teams" : {
          "events" : true,
          "procedures" : true
        },
        "jp-vantiq-TeamsService" : {
          "events" : true,
          "procedures" : true
        },
        "jp-vantiq-WebChatService" : {
          "events" : true,
          "procedures" : true
        },
        "jp-vantiq-WorkRule" : {
          "events" : true,
          "procedures" : true
        },
        "jp-vantiq-WorkRuleNavi" : {
          "events" : true,
          "procedures" : true
        }
      }
    },
    "isHidden" : false,
    "paletteWidth" : 284,
    "propertyWidth" : 280
  },
  "ars_relationships" : [ ],
  "assembly" : {
    "AccumulateState" : {
      "configuration" : {
        "childStreams" : [ "SemanticSearch" ],
        "imports" : null,
        "outboundBehavior" : "Attach state value to outboundProperty",
        "outboundProperty" : "state",
        "parentStreams" : [ "SplitByThread" ],
        "procedure" : {
          "vailScript" : "// Update the value of state using event.\nif(!state){\nstate = {}\n}\nif(!state.convId){\n   // convIdが存在しない場合、ConversationMemoryに会話を開始するようにリクエストする\n   var startConv = []\n   state.convId = io.vantiq.ai.ConversationMemory.startConversation(startConv)\n} "
        },
        "resetFrequency" : null,
        "schema" : null,
        "stateProperty" : null
      },
      "downstreamReferences" : { },
      "name" : "AccumulateState",
      "pattern" : "AccumulateState",
      "patternVersion" : 5,
      "uuid" : "9f6332ad-a190-4494-858b-7a72dae588ee"
    },
    "Initiate" : {
      "configuration" : {
        "childStreams" : [ "SplitByThread" ],
        "condition" : null,
        "eventTypeName" : null,
        "inboundResource" : "topics",
        "inboundResourceId" : "/jp.vantiq.mattermost/inbound",
        "op" : null,
        "outboundResource" : null,
        "outboundResourceConfig" : null,
        "outboundResourceId" : null,
        "parentStreams" : [ ],
        "schema" : null,
        "upsert" : false
      },
      "downstreamReferences" : { },
      "name" : "Initiate",
      "pattern" : "EventStream",
      "patternVersion" : 5,
      "uuid" : "0fa6357e-1ada-4547-95fc-da38bf83476e"
    },
    "SemanticSearch" : {
      "configuration" : {
        "childStreams" : [ "SendToMatterMost" ],
        "imports" : null,
        "parameters" : {
          "convId" : "event.state.convId",
          "question" : "event.text"
        },
        "parentStreams" : [ "AccumulateState" ],
        "partitionKey" : null,
        "procedure" : "jp.vantiq.Mattermost.SemanticSearch",
        "redeliverOnError" : null,
        "returnBehavior" : "Attach Return Value to returnProperty",
        "returnProperty" : "llmResponse",
        "schema" : null
      },
      "downstreamReferences" : { },
      "name" : "SemanticSearch",
      "pattern" : "Procedure",
      "patternVersion" : 4,
      "uuid" : "8bd31316-b400-4b85-9c7b-4165337a635f"
    },
    "SendToMatterMost" : {
      "configuration" : {
        "childStreams" : null,
        "imports" : null,
        "parameters" : {
          "channel_id" : "event.channel_id",
          "llmResponse" : "event.llmResponse",
          "post_id" : "event.post_id"
        },
        "parentStreams" : [ "SemanticSearch" ],
        "partitionKey" : null,
        "procedure" : "jp.vantiq.Mattermost.SendToMatterMost",
        "redeliverOnError" : null,
        "returnBehavior" : "Use Return Value as Outbound event",
        "returnProperty" : null,
        "schema" : null
      },
      "downstreamReferences" : { },
      "name" : "SendToMatterMost",
      "pattern" : "Procedure",
      "patternVersion" : 4,
      "uuid" : "f7d7acb8-aebd-4a43-8909-c60939fdc5bd"
    },
    "SplitByThread" : {
      "configuration" : {
        "childStreams" : [ "AccumulateState" ],
        "groupBy" : "event.post_id",
        "groupByWindow" : null,
        "imports" : null,
        "maxOpenGroups" : null,
        "parentStreams" : [ "Initiate" ]
      },
      "downstreamReferences" : { },
      "name" : "SplitByThread",
      "pattern" : "SplitByGroup",
      "patternVersion" : 5,
      "uuid" : "5773f6aa-0dfe-4c5b-8cd3-572f14b37597"
    }
  },
  "contextualizedAssembly" : { },
  "disableBadging" : false,
  "isComponent" : false,
  "isEventHandler" : true,
  "keyTypes" : [ "system.collaborations" ],
  "name" : "jp.vantiq.Mattermost.inbound"
}