{
  "active" : false,
  "ars_properties" : {
    "filterPrivateGenerated" : false,
    "filterPublicGenerated" : false,
    "fragmentList" : [ ]
  },
  "ars_relationships" : [ ],
  "description" : null,
  "eventTypes" : { },
  "globalType" : null,
  "interface" : [ {
    "name" : "sendMail",
    "parameters" : [ {
      "description" : null,
      "multi" : false,
      "name" : "event",
      "required" : false,
      "type" : null
    } ]
  } ],
  "internalEventHandlers" : [ "/collaborationtypes/com.example.AzureEmailService.EmailInbound" ],
  "name" : "com.example.AzureEmailService",
  "partitionedType" : null,
  "replicationFactor" : 1,
  "scheduledProcedures" : { }
}