{
  "ars_relationships" : [ ],
  "links" : [ {
    "source" : "app/BoxSorter",
    "target" : "type/sorting_condition"
  }, {
    "source" : "app/BoxSorter",
    "target" : "source/SortingResultMqtt"
  }, {
    "source" : "source/SortingResultMqtt",
    "target" : "services/apps.services.BoxSorter"
  }, {
    "source" : "services/apps.services.BoxSorter",
    "target" : "procedure/apps.services.BoxSorter.AttachConditionStateReset"
  }, {
    "source" : "services/apps.services.BoxSorter",
    "target" : "procedure/apps.services.BoxSorter.AttachConditionStateUpdateForEvent"
  }, {
    "source" : "services/apps.services.BoxSorter",
    "target" : "procedure/apps.services.BoxSorter.AttachConditionStateGet"
  }, {
    "source" : "services/apps.services.BoxSorter",
    "target" : "procedure/apps.services.BoxSorter.AttachConditionStateGetForEvent"
  }, {
    "source" : "services/apps.services.BoxSorter",
    "target" : "type/apps.BoxSorter.PartitionedAppState"
  }, {
    "source" : "app/BoxSorter",
    "target" : "procedure/apps.services.BoxSorter.AttachConditionStateGetForEvent"
  }, {
    "source" : "app/BoxSorter",
    "target" : "services/apps.services.BoxSorter"
  }, {
    "source" : "services/apps.services.BoxSorter",
    "target" : "app/BoxSorter"
  }, {
    "source" : "procedure/apps.services.BoxSorter.AttachConditionStateGetForEvent",
    "target" : "services/apps.services.BoxSorter"
  }, {
    "source" : "procedure/apps.services.BoxSorter.AttachConditionStateGetForEvent",
    "target" : "procedure/apps.services.BoxSorter.AttachConditionStateUpdateForEvent"
  }, {
    "source" : "procedure/apps.services.BoxSorter.AttachConditionStateUpdateForEvent",
    "target" : "services/apps.services.BoxSorter"
  }, {
    "source" : "procedure/apps.services.BoxSorter.AttachConditionStateUpdateForEvent",
    "target" : "type/sorting_condition"
  }, {
    "source" : "procedure/apps.services.BoxSorter.AttachConditionStateReset",
    "target" : "services/apps.services.BoxSorter"
  }, {
    "source" : "procedure/apps.services.BoxSorter.AttachConditionStateGet",
    "target" : "services/apps.services.BoxSorter"
  }, {
    "source" : "eventstream/apps.BoxSorter.ReceiveBoxInfo",
    "target" : "topic//apps.BoxSorter/debug"
  }, {
    "source" : "eventstream/apps.BoxSorter.ReceiveBoxInfo",
    "target" : "eventstream/apps.BoxSorter.SplitByCode"
  }, {
    "source" : "eventstream/apps.BoxSorter.SplitByCode",
    "target" : "topic//apps.BoxSorter/debug"
  }, {
    "source" : "eventstream/apps.BoxSorter.AttachCondition",
    "target" : "type/sorting_condition"
  }, {
    "source" : "eventstream/apps.BoxSorter.AttachCondition",
    "target" : "topic//apps.BoxSorter/debug"
  }, {
    "source" : "eventstream/apps.BoxSorter.AttachCondition",
    "target" : "procedure/apps.services.BoxSorter.AttachConditionStateGetForEvent"
  }, {
    "source" : "eventstream/apps.BoxSorter.SplitByCode",
    "target" : "eventstream/apps.BoxSorter.AttachCondition"
  }, {
    "source" : "source/BoxInfoMqtt",
    "target" : "app/BoxSorter"
  }, {
    "source" : "source/BoxInfoMqtt",
    "target" : "services/apps.services.BoxSorter"
  }, {
    "source" : "source/BoxInfoMqtt",
    "target" : "eventstream/apps.BoxSorter.ReceiveBoxInfo"
  } ],
  "name" : "box_sorter",
  "options" : {
    "description" : "",
    "dockCollapsed" : {
      "bottom" : true,
      "left" : false,
      "right" : false,
      "top" : false,
      "viewtabs" : false
    },
    "dockDimensions" : {
      "bottom" : 200,
      "debug" : [ 0, 0, 0 ],
      "left" : 248,
      "right" : 220,
      "top" : 0,
      "viewtabs" : 0
    },
    "exclusionList" : [ "app/BoxSorter_sample", "procedure/publishTestEvent", "source/IncomingMqtt", "source/InflowMqtt", "type/sort_condition_sample" ],
    "filterBitArray" : "ffffffffffffffffffffffffffffffff",
    "isModeloProject" : true,
    "layoutStyle" : "custom",
    "openFolders" : [ "VIEWROOT/apps", "app", "source", "system", "type" ],
    "rootViewFlavor" : 5,
    "showGrid" : true,
    "type" : "dev",
    "v" : 5,
    "viewUUID" : "MAINVIEW"
  },
  "resources" : [ {
    "label" : "/apps.BoxSorter/debug",
    "name" : "/apps.BoxSorter/debug",
    "resourceReference" : "/topics//apps.BoxSorter/debug",
    "type" : 10
  }, {
    "label" : "BoxInfoMqtt",
    "name" : "BoxInfoMqtt",
    "resourceReference" : "/sources/BoxInfoMqtt",
    "timestamp" : "2023-09-21T04:04:21.103Z",
    "type" : 4
  }, {
    "label" : "BoxSorter",
    "name" : "BoxSorter",
    "resourceReference" : "/collaborationtypes/BoxSorter",
    "timestamp" : "2023-09-21T04:06:02.828Z",
    "type" : 12
  }, {
    "label" : "SortingResultMqtt",
    "name" : "SortingResultMqtt",
    "resourceReference" : "/sources/SortingResultMqtt",
    "timestamp" : "2023-09-21T04:04:21.104Z",
    "type" : 4
  }, {
    "label" : "apps.BoxSorter.AttachCondition",
    "name" : "apps.BoxSorter.AttachCondition",
    "resourceReference" : "/system.eventstreams/apps.BoxSorter.AttachCondition",
    "timestamp" : "2023-09-21T04:06:05.963Z",
    "type" : 14
  }, {
    "label" : "apps.BoxSorter.PartitionedAppState",
    "name" : "apps.BoxSorter.PartitionedAppState",
    "resourceReference" : "/types/apps.BoxSorter.PartitionedAppState",
    "timestamp" : "2023-09-21T04:04:24.360Z",
    "type" : 1
  }, {
    "label" : "apps.BoxSorter.ReceiveBoxInfo",
    "name" : "apps.BoxSorter.ReceiveBoxInfo",
    "resourceReference" : "/system.eventstreams/apps.BoxSorter.ReceiveBoxInfo",
    "timestamp" : "2023-09-21T04:06:04.582Z",
    "type" : 14
  }, {
    "label" : "apps.BoxSorter.SplitByCode",
    "name" : "apps.BoxSorter.SplitByCode",
    "resourceReference" : "/system.eventstreams/apps.BoxSorter.SplitByCode",
    "timestamp" : "2023-09-21T04:06:03.755Z",
    "type" : 14
  }, {
    "label" : "apps.services.BoxSorter",
    "name" : "apps.services.BoxSorter",
    "resourceReference" : "/system.services/apps.services.BoxSorter",
    "timestamp" : "2023-09-21T04:04:24.210Z",
    "type" : 63
  }, {
    "label" : "apps.services.BoxSorter.AttachConditionStateGet",
    "name" : "apps.services.BoxSorter.AttachConditionStateGet",
    "packageName" : "apps.services",
    "procedureName" : "AttachConditionStateGet",
    "resourceReference" : "/procedures/apps.services.BoxSorter.AttachConditionStateGet",
    "serviceName" : "BoxSorter",
    "timestamp" : "2023-09-21T04:04:25.279Z",
    "type" : 3
  }, {
    "label" : "apps.services.BoxSorter.AttachConditionStateGetForEvent",
    "name" : "apps.services.BoxSorter.AttachConditionStateGetForEvent",
    "packageName" : "apps.services",
    "procedureName" : "AttachConditionStateGetForEvent",
    "resourceReference" : "/procedures/apps.services.BoxSorter.AttachConditionStateGetForEvent",
    "serviceName" : "BoxSorter",
    "timestamp" : "2023-09-21T04:04:24.558Z",
    "type" : 3
  }, {
    "label" : "apps.services.BoxSorter.AttachConditionStateReset",
    "name" : "apps.services.BoxSorter.AttachConditionStateReset",
    "packageName" : "apps.services",
    "procedureName" : "AttachConditionStateReset",
    "resourceReference" : "/procedures/apps.services.BoxSorter.AttachConditionStateReset",
    "serviceName" : "BoxSorter",
    "timestamp" : "2023-09-21T04:04:25.520Z",
    "type" : 3
  }, {
    "label" : "apps.services.BoxSorter.AttachConditionStateUpdateForEvent",
    "name" : "apps.services.BoxSorter.AttachConditionStateUpdateForEvent",
    "packageName" : "apps.services",
    "procedureName" : "AttachConditionStateUpdateForEvent",
    "resourceReference" : "/procedures/apps.services.BoxSorter.AttachConditionStateUpdateForEvent",
    "serviceName" : "BoxSorter",
    "timestamp" : "2023-09-21T04:04:24.933Z",
    "type" : 3
  }, {
    "label" : "sorting_condition",
    "name" : "sorting_condition",
    "resourceReference" : "/types/sorting_condition",
    "timestamp" : "2023-09-21T04:04:20.731Z",
    "type" : 1
  }, {
    "label" : "system.ActivityPattern",
    "name" : "system.ActivityPattern",
    "resourceReference" : "/system.services/system.ActivityPattern",
    "timestamp" : "2023-08-18T05:15:31.167Z",
    "type" : 63
  }, {
    "label" : "system.ActivityPattern.generateCachedEnrichActivityPattern",
    "name" : "system.ActivityPattern.generateCachedEnrichActivityPattern",
    "packageName" : "system",
    "procedureName" : "generateCachedEnrichActivityPattern",
    "resourceReference" : "/procedures/system.ActivityPattern.generateCachedEnrichActivityPattern",
    "serviceName" : "ActivityPattern",
    "timestamp" : "2023-09-21T03:34:38.808Z",
    "type" : 3
  }, {
    "label" : "system.ActivityPattern.generateSplitByGroupActivityPattern",
    "name" : "system.ActivityPattern.generateSplitByGroupActivityPattern",
    "packageName" : "system",
    "procedureName" : "generateSplitByGroupActivityPattern",
    "resourceReference" : "/procedures/system.ActivityPattern.generateSplitByGroupActivityPattern",
    "serviceName" : "ActivityPattern",
    "timestamp" : "2023-09-21T03:35:55.845Z",
    "type" : 3
  }, {
    "label" : "system.Utils",
    "name" : "system.Utils",
    "resourceReference" : "/system.services/system.Utils",
    "timestamp" : "2023-08-18T05:15:42.990Z",
    "type" : 63
  }, {
    "label" : "system.Utils.getType",
    "name" : "system.Utils.getType",
    "packageName" : "system",
    "procedureName" : "getType",
    "resourceReference" : "/procedures/system.Utils.getType",
    "serviceName" : "Utils",
    "timestamp" : "2023-08-18T05:15:34.042Z",
    "type" : 3
  } ],
  "tools" : [ {
    "isPinned" : false,
    "name" : "BoxSorter",
    "pane" : {
      "h" : 500,
      "w" : 800,
      "x" : 10,
      "y" : 10
    },
    "resourceKey" : "app/BoxSorter",
    "state" : 3,
    "toolOptions" : { },
    "type" : 15
  }, {
    "isPinned" : false,
    "name" : "Errors",
    "type" : 13
  }, {
    "isPinned" : false,
    "name" : "Project Contents",
    "type" : 2
  }, {
    "dockLocation" : "top",
    "isPinned" : false,
    "name" : "非アクティブ ペイン",
    "type" : 99
  } ],
  "type" : "dev",
  "views" : [ {
    "name" : "Project Contents",
    "projectToolKeys" : [ "app/BoxSorter", "errorviewer/Errors", "list/Project Contents", "tiledock/非アクティブ ペイン" ]
  } ]
}