{
  "ars_properties" : {
    "tags" : [ "#launchable" ]
  },
  "ars_public" : false,
  "ars_relationships" : [ ],
  "controllers" : {
    "client" : {
      "customCode" : "RELOCATED to controllers/client/customCode.js"
    },
    "dataStream" : {
      "CurrentTrainingDataGenControlStream" : { },
      "DatagenMonitorStream" : {
        "onDataArrived" : "RELOCATED to controllers/dataStream/DatagenMonitorStream/onDataArrived.js"
      },
      "PublishMessageClientStream" : {
        "onDataArrived" : "RELOCATED to controllers/dataStream/PublishMessageClientStream/onDataArrived.js"
      },
      "TrainingDataGenStream" : { }
    },
    "page" : {
      "SetupPage" : {
        "onStart" : "RELOCATED to controllers/page/SetupPage/onStart.js",
        "widgets" : {
          "Button11" : {
            "onClick" : "RELOCATED to controllers/page/SetupPage/widgets/Button11/onClick.js"
          },
          "Button4" : {
            "onClick" : "RELOCATED to controllers/page/SetupPage/widgets/Button4/onClick.js"
          }
        }
      },
      "Start" : {
        "onStart" : "RELOCATED to controllers/page/Start/onStart.js",
        "widgets" : {
          "Button2" : {
            "onClick" : "RELOCATED to controllers/page/Start/widgets/Button2/onClick.js"
          },
          "Button3" : {
            "onClick" : "RELOCATED to controllers/page/Start/widgets/Button3/onClick.js"
          },
          "Button5" : {
            "onClick" : "RELOCATED to controllers/page/Start/widgets/Button5/onClick.js"
          },
          "Button52" : {
            "onClick" : "RELOCATED to controllers/page/Start/widgets/Button52/onClick.js"
          }
        }
      }
    },
    "topbar" : {
      "widgets" : {
        "MenuButton1" : {
          "onClick" : "RELOCATED to controllers/topbar/widgets/MenuButton1/onClick.js"
        },
        "MenuButton2" : {
          "onClick" : "RELOCATED to controllers/topbar/widgets/MenuButton2/onClick.js"
        }
      }
    }
  },
  "isComponent" : false,
  "isLaunchable" : true,
  "models" : {
    "dataObjects" : {
      "__GLOBAL__" : {
        "properties" : {
          "LastMessageData" : {
            "defaultLabel" : "LastMessageData",
            "defaultValue" : "Waiting...",
            "type" : "String"
          }
        }
      },
      "__PARAMETERS__" : {
        "properties" : { }
      }
    },
    "dataStreams" : [ {
      "advancedWhereClause" : null,
      "dataObjectName" : null,
      "dataTypeList" : [ ],
      "isDeleteOp" : false,
      "isInsertOp" : false,
      "isUpdateOp" : false,
      "maxRecords" : 0,
      "name" : "DatagenMonitorStream",
      "pauseAtStartup" : false,
      "property" : null,
      "sortByProperty" : null,
      "sortDescending" : false,
      "topic" : "/jp.co.vantiq.ws.datagen/DataGeneratorMonitor",
      "type" : 2,
      "updateInterval" : 60,
      "uuid" : "f33cf260-5a5c-41e6-b640-03f7bcee3dd7",
      "v" : 1
    }, {
      "advancedWhereClause" : null,
      "dataObjectName" : null,
      "dataTypeList" : [ {
        "label" : null,
        "type" : "PublishMessage"
      } ],
      "isDeleteOp" : false,
      "isInsertOp" : false,
      "isUpdateOp" : false,
      "maxRecords" : 0,
      "name" : "PublishMessageClientStream",
      "pauseAtStartup" : false,
      "sortByProperty" : null,
      "sortDescending" : false,
      "type" : 5,
      "updateInterval" : 60,
      "uuid" : "817bd9af-7a57-4c13-8a81-9406b61939b1",
      "v" : 1
    }, {
      "advancedWhereClause" : null,
      "basicQueryElement" : [ ],
      "dataObjectName" : null,
      "dataTypeList" : [ {
        "label" : null,
        "type" : "jp.co.vantiq.ws.datagen.TrainingDataGenControl"
      } ],
      "isDeleteOp" : false,
      "isInsertOp" : false,
      "isUpdateOp" : false,
      "maxRecords" : 0,
      "name" : "TrainingDataGenStream",
      "pauseAtStartup" : false,
      "property" : null,
      "sortByProperty" : null,
      "sortDescending" : false,
      "type" : 4,
      "updateInterval" : 60,
      "uuid" : "9e862ac7-0b7e-4cfb-8593-c86e568fd3df",
      "v" : 1
    }, {
      "advancedWhereClause" : null,
      "dataObjectName" : null,
      "dataTypeList" : [ {
        "label" : null,
        "type" : "jp.co.vantiq.ws.datagen.TrainingDataGenControl"
      } ],
      "isDeleteOp" : false,
      "isInsertOp" : false,
      "isUpdateOp" : false,
      "maxRecords" : 0,
      "name" : "CurrentTrainingDataGenControlStream",
      "pauseAtStartup" : false,
      "property" : null,
      "sortByProperty" : null,
      "sortDescending" : false,
      "type" : 5,
      "updateInterval" : 60,
      "uuid" : "d9846e5a-84ec-448e-885f-1139dd9a5d47",
      "v" : 1
    } ]
  },
  "name" : "jp.co.vantiq.ws.datagen.TrainingDataGeneratorClient",
  "options" : {
    "RELOCATE" : [ {
      "path" : "controllers",
      "type" : "js"
    }, {
      "path" : "views",
      "type" : "json"
    }, {
      "path" : "options.topbar",
      "type" : "jsonObj"
    } ],
    "activeTab" : "edit",
    "badgeCount" : 0,
    "componentConfiguration" : {
      "configurationProperties" : [ ]
    },
    "description" : "",
    "docAssets" : [ ],
    "hasTopbar" : true,
    "productV" : "7.10e",
    "showCategoryButtons" : false,
    "showCategoryDataDisplay" : false,
    "showCategoryDataInput" : false,
    "showCategoryLayout" : true,
    "showGridWhileEditing" : false,
    "theme" : {
      "backgroundColor" : "#f0f2f5",
      "borderColor" : "#000000",
      "cardAccentColor" : "#ffffff",
      "cardColor" : "#3c424d",
      "dataDisplayColor" : "#ffffff",
      "dataDisplayColors" : [ "#3cbce1", "#996db8", "#86d557", "#ff9800", "#425b71", "#cc467c", "#01aa93", "#ffca28", "#f583a9", "#1c84d4", "#ff6767", "#4caf50" ],
      "dataInputColor" : "#ffffff",
      "dropShadowColor" : "#566076",
      "foregroundColor" : "#000000",
      "label" : "Light",
      "name" : "light",
      "titleBarColor" : "#f0f2f8",
      "titleForegroundColor" : "#1f1d17",
      "v" : 3
    },
    "topbar" : "RELOCATED to options/topbar.json",
    "v" : 5
  },
  "resourceBinding" : {
    "requiredResources" : [ {
      "resource" : "topics",
      "resourceId" : "/jp.co.vantiq.ws.datagen/my/response/topic",
      "type" : "publishes"
    }, {
      "resource" : "topics",
      "resourceId" : "/jp.co.vantiq.ws.datagen/DataGeneratorMonitor",
      "type" : "subscribes_to"
    }, {
      "resource" : "types",
      "resourceId" : "jp.co.vantiq.ws.datagen.TrainingDataGenControl",
      "type" : "subscribes_to"
    } ]
  },
  "targetDevice" : "browser",
  "userList" : [ ],
  "views" : {
    "SetupPage" : "RELOCATED to views/SetupPage.json",
    "Start" : "RELOCATED to views/Start.json"
  }
}