{
  "ars_relationships" : [ ],
  "links" : [ {
    "source" : "services/com.example.AzureEmailService",
    "target" : "document/com.example.AzureEmailService.js"
  }, {
    "source" : "app/com.example.AzureEmailService.EmailInbound",
    "target" : "services/com.example.AzureEmailService"
  }, {
    "source" : "procedure/com.example.AzureEmailService.Transformation_EmailInbound",
    "target" : "services/com.example.AzureEmailService"
  }, {
    "source" : "services/com.example.AzureEmailService",
    "target" : "procedure/com.example.AzureEmailService.Transformation_EmailInbound"
  }, {
    "source" : "source/com.example.AzureBot",
    "target" : "app/com.example.AzureEmailService.EmailInbound"
  }, {
    "source" : "source/com.example.AzureBot",
    "target" : "rule/com.example.sendQuickMail"
  }, {
    "source" : "procedure/com.example.AzureEmailService.sendMail",
    "target" : "services/com.example.AzureEmailService"
  }, {
    "source" : "services/com.example.AzureEmailService",
    "target" : "procedure/com.example.AzureEmailService.sendMail"
  }, {
    "source" : "procedure/com.example.AzureEmailService.sendMail",
    "target" : "source/com.example.AzureBot"
  }, {
    "source" : "app/com.example.AzureEmailService.EmailInbound",
    "target" : "procedure/com.example.AzureEmailService.sendMail"
  } ],
  "name" : "EmailIntegrationSample",
  "options" : {
    "description" : "",
    "dockCollapsed" : {
      "bottom" : false,
      "left" : false,
      "right" : false,
      "top" : false,
      "viewtabs" : false
    },
    "dockDimensions" : {
      "bottom" : 200,
      "debug" : [ 581, 1336 ],
      "left" : 302,
      "right" : 220,
      "top" : 0,
      "viewtabs" : 0
    },
    "exclusionList" : [ "procedure/sendMail", "rule/com.example.test.test", "services/com.example.test", "source/com.example.AzureBotConnectorApi", "source/com.example.AzureBotDirectlineApi", "source/com.example.AzureBotEmail", "source/com.example.AzureBotOAuth", "source/com.example.AzureBotWebchatApi", "source/com.example.AzureBotWebchatApi_Copy", "source/com.example.AzureBot_MultiTenant", "source/com.example.AzureChatBot", "source/com.example.Email" ],
    "filterBitArray" : "ffffffffffffffffffffffffffffffff",
    "isModeloProject" : true,
    "layoutStyle" : "flex",
    "openFolders" : [ "com.example", "com.example/rule", "com.example/services", "com.example/source", "services/com.example.AzureEmailService" ],
    "partitionsSettings" : { },
    "rootViewFlavor" : 5,
    "showGrid" : true,
    "structure" : {
      "fraction" : 1,
      "type" : "R[3]"
    },
    "type" : "dev",
    "v" : 6,
    "viewUUID" : "MAINVIEW"
  },
  "partitions" : [ ],
  "resources" : [ {
    "label" : "com.example.AzureBot",
    "name" : "com.example.AzureBot",
    "resourceReference" : "/sources/com.example.AzureBot",
    "timestamp" : "2025-03-05T07:01:26.702Z",
    "type" : 4
  }, {
    "label" : "com.example.AzureEmailService",
    "name" : "com.example.AzureEmailService",
    "resourceReference" : "/services/com.example.AzureEmailService",
    "timestamp" : "2025-03-05T07:00:55.243Z",
    "type" : 63
  }, {
    "label" : "com.example.AzureEmailService.EmailInbound",
    "name" : "com.example.AzureEmailService.EmailInbound",
    "resourceReference" : "/collaborationtypes/com.example.AzureEmailService.EmailInbound",
    "timestamp" : "2025-03-05T07:00:56.653Z",
    "type" : 12
  }, {
    "label" : "com.example.AzureEmailService.Transformation_EmailInbound",
    "name" : "com.example.AzureEmailService.Transformation_EmailInbound",
    "packageName" : "com.example",
    "procedureName" : "Transformation_EmailInbound",
    "resourceReference" : "/procedures/com.example.AzureEmailService.Transformation_EmailInbound",
    "serviceName" : "AzureEmailService",
    "timestamp" : "2025-03-05T07:00:58.195Z",
    "type" : 3
  }, {
    "label" : "com.example.AzureEmailService.js",
    "name" : "com.example.AzureEmailService.js",
    "resourceReference" : "/documents/com.example.AzureEmailService.js",
    "timestamp" : "2025-03-05T07:00:55.538Z",
    "type" : 19
  }, {
    "label" : "com.example.AzureEmailService.sendMail",
    "name" : "com.example.AzureEmailService.sendMail",
    "packageName" : "com.example",
    "procedureName" : "sendMail",
    "resourceReference" : "/procedures/com.example.AzureEmailService.sendMail",
    "serviceName" : "AzureEmailService",
    "timestamp" : "2025-03-05T07:00:55.773Z",
    "type" : 3
  }, {
    "label" : "com.example.sendQuickMail",
    "name" : "com.example.sendQuickMail",
    "resourceReference" : "/rules/com.example.sendQuickMail",
    "timestamp" : "2025-03-05T07:01:45.809Z",
    "type" : 2
  } ],
  "tools" : [ {
    "isPinned" : false,
    "name" : "Errors",
    "type" : 13
  }, {
    "isPinned" : false,
    "name" : "Log メッセージ",
    "type" : 12
  }, {
    "isPinned" : false,
    "name" : "Project Contents",
    "type" : 2
  }, {
    "isPinned" : false,
    "name" : "com.example.AzureBot",
    "pane" : {
      "address" : "R[0]",
      "isActive" : true,
      "isActiveTool" : true
    },
    "resourceKey" : "source/com.example.AzureBot",
    "state" : 8,
    "type" : 5
  }, {
    "isPinned" : false,
    "name" : "com.example.AzureEmailService",
    "pane" : {
      "address" : "R[1]"
    },
    "resourceKey" : "services/com.example.AzureEmailService",
    "state" : 8,
    "type" : 109
  }, {
    "isPinned" : false,
    "name" : "com.example.sendQuickMail",
    "pane" : {
      "address" : "R[2]"
    },
    "resourceKey" : "rule/com.example.sendQuickMail",
    "state" : 8,
    "type" : 3
  }, {
    "dockLocation" : "top",
    "isPinned" : false,
    "name" : "非アクティブ ペイン",
    "type" : 99
  } ],
  "type" : "dev",
  "views" : [ {
    "name" : "Project Contents",
    "projectToolKeys" : [ "errorviewer/Errors", "logviewer/Log メッセージ", "list/Project Contents", "subsourceeditor/com.example.AzureBot", "services/com.example.AzureEmailService", "cmeditorrule/com.example.sendQuickMail", "tiledock/非アクティブ ペイン" ]
  } ]
}