{
  "activationConstraint" : "",
  "active" : true,
  "ars_properties" : null,
  "ars_relationships" : [ ],
  "config" : {
    "cleanSession" : true,
    "connectionTimeout" : 15,
    "contentType" : "application/json",
    "keepAliveInterval" : 15,
    "maxInflight" : 10,
    "passwordType" : "string",
    "qos" : "AT_LEAST_ONCE",
    "serverURIs" : [ "tcp://public.vantiq.com:1883" ],
    "topics" : [ "/jp.co.vantiq.designpattern/echoback/inbound" ]
  },
  "messageType" : null,
  "mockProcedures" : { },
  "name" : "jp.co.vantiq.designpattern.MQTTSource",
  "type" : "MQTT"
}