{
  "active" : true,
  "ars_relationships" : [ ],
  "description" : null,
  "eventTypes" : {
    "TestJoinedState" : {
      "direction" : "INBOUND",
      "implementingResource" : "/collaborationtypes/jp.co.vantiq.designpattern.upsertstate.TestJoinedState/initiate"
    }
  },
  "globalType" : "jp.co.vantiq.designpattern.upsertstate.UpsertState_Global",
  "interface" : [ {
    "name" : "bulkUpsertState",
    "parameters" : [ {
      "description" : null,
      "multi" : false,
      "name" : "keyName",
      "required" : false,
      "type" : "String"
    }, {
      "description" : null,
      "multi" : true,
      "name" : "objList",
      "required" : false,
      "type" : "Object"
    }, {
      "description" : null,
      "multi" : false,
      "name" : "propName",
      "required" : false,
      "type" : "String"
    } ]
  }, {
    "name" : "getState",
    "parameters" : [ {
      "description" : null,
      "multi" : false,
      "name" : "key",
      "required" : false,
      "type" : "String"
    } ]
  }, {
    "name" : "getjoinedState",
    "parameters" : [ ]
  }, {
    "name" : "upsertState",
    "parameters" : [ {
      "description" : null,
      "multi" : false,
      "name" : "keyName",
      "required" : false,
      "type" : "String"
    }, {
      "description" : null,
      "multi" : false,
      "name" : "obj",
      "required" : false,
      "type" : "Object"
    }, {
      "description" : "If propName is given, the obj is nested under the propName, otherwise, the result is flattend.",
      "multi" : false,
      "name" : "propName",
      "required" : false,
      "type" : "String"
    } ]
  } ],
  "name" : "jp.co.vantiq.designpattern.upsertstate.UpsertState",
  "partitionedType" : null,
  "replicationFactor" : 1,
  "scheduledProcedures" : { }
}