{
  "ars_relationships" : [ ],
  "links" : [ {
    "source" : "topic//trigger/eventgenerator",
    "target" : "app/EventGenerator"
  }, {
    "source" : "procedure/EventGenerator.getConfigurations",
    "target" : "procedure/Configurations.constants"
  }, {
    "source" : "app/EventGenerator",
    "target" : "procedure/EventGenerator.getConfigurations"
  }, {
    "source" : "app/EventGenerator",
    "target" : "procedure/EventGenerator.createScheduledEvents"
  }, {
    "source" : "procedure/EventGenerator.createScheduledEvents",
    "target" : "topic//generate/guard/event"
  }, {
    "source" : "procedure/EventGeneratorUi.start",
    "target" : "topic//trigger/eventgenerator"
  }, {
    "source" : "topic//generate/guard/event",
    "target" : "app/EventGenerator"
  }, {
    "source" : "app/EventGenerator",
    "target" : "procedure/EventGenerator.generateGuards"
  }, {
    "source" : "app/EventGenerator",
    "target" : "procedure/EventGenerator.generateGuardEvent"
  }, {
    "source" : "app/EventGenerator",
    "target" : "procedure/EventGenerator.generateAiCameraEvent"
  }, {
    "source" : "procedure/EventGenerator.publishToMqttBroker",
    "target" : "source/MqttBroker"
  }, {
    "source" : "procedure/EventGenerator.publishToVantiq",
    "target" : "source/Vantiq"
  }, {
    "source" : "app/EventGenerator",
    "target" : "procedure/EventGenerator.publishToVantiq"
  }, {
    "source" : "app/EventGenerator",
    "target" : "procedure/EventGenerator.publishToMqttBroker"
  }, {
    "source" : "topic//last/ai_camera/event",
    "target" : "client/EventGenerator"
  }, {
    "source" : "topic//last/guard/event",
    "target" : "client/EventGenerator"
  }, {
    "source" : "procedure/EventGenerator.createScheduledEvents",
    "target" : "topic//generate/ai_camera/event"
  }, {
    "source" : "app/EventGenerator",
    "target" : "topic//last/ai_camera/event"
  }, {
    "source" : "app/EventGenerator",
    "target" : "topic//last/guard/event"
  }, {
    "source" : "topic//generate/ai_camera/event",
    "target" : "app/EventGenerator"
  }, {
    "source" : "procedure/EventGeneratorUi.stop",
    "target" : "topic//last/guard/event"
  }, {
    "source" : "procedure/EventGeneratorUi.stop",
    "target" : "topic//last/ai_camera/event"
  }, {
    "source" : "app/EventGenerator",
    "target" : "procedure/EventGenerator.generateAiCameras"
  }, {
    "source" : "procedure/EventGenerator.generateAiCameraEvent",
    "target" : "procedure/ImageUtils.suspiciousPersonImage"
  } ],
  "name" : "event_generator",
  "options" : {
    "description" : "",
    "dockCollapsed" : {
      "bottom" : true,
      "left" : false,
      "right" : false,
      "top" : false,
      "viewtabs" : false
    },
    "dockDimensions" : {
      "bottom" : 200,
      "debug" : [ 0, 0, 0 ],
      "left" : 253,
      "right" : 220,
      "top" : 0,
      "viewtabs" : 0
    },
    "exclusionList" : [ "source/HTTP", "source/api", "topic//from/http", "topic//generate/aicamera/event", "topic//generate/event", "topic//my/response/topic" ],
    "filterBitArray" : "ffffffffffffffffffffffffffffffff",
    "isModeloProject" : true,
    "layoutStyle" : "custom",
    "openFolders" : [ "scheduledevent" ],
    "rootViewFlavor" : 1,
    "showGrid" : true,
    "type" : "dev",
    "v" : 4,
    "viewUUID" : "MAINVIEW"
  },
  "resources" : [ {
    "label" : "/generate/ai_camera/event",
    "name" : "/generate/ai_camera/event",
    "resourceReference" : "/topics//generate/ai_camera/event",
    "type" : 10
  }, {
    "label" : "/generate/guard/event",
    "name" : "/generate/guard/event",
    "resourceReference" : "/topics//generate/guard/event",
    "type" : 10
  }, {
    "label" : "/last/ai_camera/event",
    "name" : "/last/ai_camera/event",
    "resourceReference" : "/topics//last/ai_camera/event",
    "type" : 10
  }, {
    "label" : "/last/guard/event",
    "name" : "/last/guard/event",
    "resourceReference" : "/topics//last/guard/event",
    "type" : 10
  }, {
    "label" : "/trigger/eventgenerator",
    "name" : "/trigger/eventgenerator",
    "resourceReference" : "/topics//trigger/eventgenerator",
    "type" : 10
  }, {
    "label" : "Configurations",
    "name" : "Configurations",
    "resourceReference" : "/system.services/Configurations",
    "timestamp" : "2021-09-09T09:09:02.722Z",
    "type" : 63
  }, {
    "inventory" : {
      "clientHash" : [ ],
      "clients" : [ ],
      "collaborationHash" : [ ],
      "collaborations" : [ ],
      "eventstreamHash" : [ ],
      "eventstreams" : [ ],
      "procedureHash" : [ ],
      "procedures" : [ ],
      "sourceHash" : [ ],
      "sources" : [ ],
      "systemmodelHash" : [ ],
      "systemmodels" : [ ],
      "topicHash" : [ ],
      "topics" : [ ],
      "typeHash" : [ ],
      "types" : [ ]
    },
    "label" : "Configurations.constants",
    "name" : "Configurations.constants",
    "procedureName" : "constants",
    "resourceReference" : "/procedures/Configurations.constants",
    "serviceName" : "Configurations",
    "timestamp" : "2021-09-14T03:36:50.309Z",
    "type" : 3
  }, {
    "label" : "EventGenerator",
    "name" : "EventGenerator",
    "resourceReference" : "/system.services/EventGenerator",
    "timestamp" : "2021-09-09T23:54:35.364Z",
    "type" : 63
  }, {
    "inventory" : {
      "clientHash" : [ ],
      "clients" : [ ],
      "collaborationHash" : [ ],
      "collaborations" : [ ],
      "eventstreamHash" : [ ],
      "eventstreams" : [ ],
      "procedureHash" : [ "out", "out", "out", "out", "out", "out", "out", "out" ],
      "procedures" : [ "EventGenerator.getConfigurations", "EventGenerator.createScheduledEvents", "EventGenerator.generateGuards", "EventGenerator.generateGuardEvent", "EventGenerator.generateAiCameraEvent", "EventGenerator.publishToMqttBroker", "EventGenerator.publishToVantiq", "EventGenerator.generateAiCameras" ],
      "sourceHash" : [ ],
      "sources" : [ ],
      "systemmodelHash" : [ ],
      "systemmodels" : [ ],
      "topicHash" : [ "in", "in", "in", "out", "out" ],
      "topics" : [ "/trigger/eventgenerator", "/generate/ai_camera/event", "/generate/guard/event", "/last/ai_camera/event", "/last/guard/event" ],
      "typeHash" : [ ],
      "types" : [ ]
    },
    "label" : "EventGenerator",
    "name" : "EventGenerator",
    "resourceReference" : "/collaborationtypes/EventGenerator",
    "timestamp" : "2021-09-15T01:12:16.226Z",
    "type" : 12
  }, {
    "inventory" : {
      "clientHash" : [ ],
      "clients" : [ ],
      "collaborationHash" : [ ],
      "collaborations" : [ ],
      "eventstreamHash" : [ ],
      "eventstreams" : [ ],
      "procedureHash" : [ ],
      "procedures" : [ ],
      "sourceHash" : [ ],
      "sources" : [ ],
      "systemmodelHash" : [ ],
      "systemmodels" : [ ],
      "topicHash" : [ "in", "in" ],
      "topics" : [ "/last/ai_camera/event", "/last/guard/event" ],
      "typeHash" : [ ],
      "types" : [ ]
    },
    "label" : "EventGenerator",
    "name" : "EventGenerator",
    "resourceReference" : "/system.clients/EventGenerator",
    "timestamp" : "2021-09-15T01:13:55.215Z",
    "type" : 15
  }, {
    "inventory" : {
      "clientHash" : [ ],
      "clients" : [ ],
      "collaborationHash" : [ ],
      "collaborations" : [ ],
      "eventstreamHash" : [ ],
      "eventstreams" : [ ],
      "procedureHash" : [ "out" ],
      "procedures" : [ "stringToInterval" ],
      "sourceHash" : [ ],
      "sources" : [ ],
      "systemmodelHash" : [ ],
      "systemmodels" : [ ],
      "topicHash" : [ "out", "out" ],
      "topics" : [ "/generate/ai_camera/event", "/generate/guard/event" ],
      "typeHash" : [ ],
      "types" : [ ]
    },
    "label" : "EventGenerator.createScheduledEvents",
    "name" : "EventGenerator.createScheduledEvents",
    "procedureName" : "createScheduledEvents",
    "resourceReference" : "/procedures/EventGenerator.createScheduledEvents",
    "serviceName" : "EventGenerator",
    "timestamp" : "2021-09-14T03:39:15.413Z",
    "type" : 3
  }, {
    "inventory" : {
      "clientHash" : [ ],
      "clients" : [ ],
      "collaborationHash" : [ ],
      "collaborations" : [ ],
      "eventstreamHash" : [ ],
      "eventstreams" : [ ],
      "procedureHash" : [ "out" ],
      "procedures" : [ "ImageUtils.suspiciousPersonImage" ],
      "sourceHash" : [ ],
      "sources" : [ ],
      "systemmodelHash" : [ ],
      "systemmodels" : [ ],
      "topicHash" : [ ],
      "topics" : [ ],
      "typeHash" : [ ],
      "types" : [ ]
    },
    "label" : "EventGenerator.generateAiCameraEvent",
    "name" : "EventGenerator.generateAiCameraEvent",
    "procedureName" : "generateAiCameraEvent",
    "resourceReference" : "/procedures/EventGenerator.generateAiCameraEvent",
    "serviceName" : "EventGenerator",
    "timestamp" : "2021-09-15T01:09:29.636Z",
    "type" : 3
  }, {
    "inventory" : {
      "clientHash" : [ ],
      "clients" : [ ],
      "collaborationHash" : [ ],
      "collaborations" : [ ],
      "eventstreamHash" : [ ],
      "eventstreams" : [ ],
      "procedureHash" : [ "out", "out" ],
      "procedures" : [ "range", "push" ],
      "sourceHash" : [ ],
      "sources" : [ ],
      "systemmodelHash" : [ ],
      "systemmodels" : [ ],
      "topicHash" : [ ],
      "topics" : [ ],
      "typeHash" : [ ],
      "types" : [ ]
    },
    "label" : "EventGenerator.generateAiCameras",
    "name" : "EventGenerator.generateAiCameras",
    "procedureName" : "generateAiCameras",
    "resourceReference" : "/procedures/EventGenerator.generateAiCameras",
    "serviceName" : "EventGenerator",
    "timestamp" : "2021-09-15T00:43:52.087Z",
    "type" : 3
  }, {
    "inventory" : {
      "clientHash" : [ ],
      "clients" : [ ],
      "collaborationHash" : [ ],
      "collaborations" : [ ],
      "eventstreamHash" : [ ],
      "eventstreams" : [ ],
      "procedureHash" : [ ],
      "procedures" : [ ],
      "sourceHash" : [ ],
      "sources" : [ ],
      "systemmodelHash" : [ ],
      "systemmodels" : [ ],
      "topicHash" : [ ],
      "topics" : [ ],
      "typeHash" : [ ],
      "types" : [ ]
    },
    "label" : "EventGenerator.generateGuardEvent",
    "name" : "EventGenerator.generateGuardEvent",
    "procedureName" : "generateGuardEvent",
    "resourceReference" : "/procedures/EventGenerator.generateGuardEvent",
    "serviceName" : "EventGenerator",
    "timestamp" : "2021-09-10T02:29:39.489Z",
    "type" : 3
  }, {
    "inventory" : {
      "clientHash" : [ ],
      "clients" : [ ],
      "collaborationHash" : [ ],
      "collaborations" : [ ],
      "eventstreamHash" : [ ],
      "eventstreams" : [ ],
      "procedureHash" : [ "out", "out" ],
      "procedures" : [ "range", "push" ],
      "sourceHash" : [ ],
      "sources" : [ ],
      "systemmodelHash" : [ ],
      "systemmodels" : [ ],
      "topicHash" : [ ],
      "topics" : [ ],
      "typeHash" : [ ],
      "types" : [ ]
    },
    "label" : "EventGenerator.generateGuards",
    "name" : "EventGenerator.generateGuards",
    "procedureName" : "generateGuards",
    "resourceReference" : "/procedures/EventGenerator.generateGuards",
    "serviceName" : "EventGenerator",
    "timestamp" : "2021-09-10T01:10:21.306Z",
    "type" : 3
  }, {
    "inventory" : {
      "clientHash" : [ ],
      "clients" : [ ],
      "collaborationHash" : [ ],
      "collaborations" : [ ],
      "eventstreamHash" : [ ],
      "eventstreams" : [ ],
      "procedureHash" : [ "out" ],
      "procedures" : [ "Configurations.constants" ],
      "sourceHash" : [ ],
      "sources" : [ ],
      "systemmodelHash" : [ ],
      "systemmodels" : [ ],
      "topicHash" : [ ],
      "topics" : [ ],
      "typeHash" : [ ],
      "types" : [ ]
    },
    "label" : "EventGenerator.getConfigurations",
    "name" : "EventGenerator.getConfigurations",
    "procedureName" : "getConfigurations",
    "resourceReference" : "/procedures/EventGenerator.getConfigurations",
    "serviceName" : "EventGenerator",
    "timestamp" : "2021-09-10T00:23:20.687Z",
    "type" : 3
  }, {
    "inventory" : {
      "clientHash" : [ ],
      "clients" : [ ],
      "collaborationHash" : [ ],
      "collaborations" : [ ],
      "eventstreamHash" : [ ],
      "eventstreams" : [ ],
      "procedureHash" : [ ],
      "procedures" : [ ],
      "sourceHash" : [ "out" ],
      "sources" : [ "MqttBroker" ],
      "systemmodelHash" : [ ],
      "systemmodels" : [ ],
      "topicHash" : [ ],
      "topics" : [ ],
      "typeHash" : [ ],
      "types" : [ ]
    },
    "label" : "EventGenerator.publishToMqttBroker",
    "name" : "EventGenerator.publishToMqttBroker",
    "procedureName" : "publishToMqttBroker",
    "resourceReference" : "/procedures/EventGenerator.publishToMqttBroker",
    "serviceName" : "EventGenerator",
    "timestamp" : "2021-09-10T03:30:59.688Z",
    "type" : 3
  }, {
    "inventory" : {
      "clientHash" : [ ],
      "clients" : [ ],
      "collaborationHash" : [ ],
      "collaborations" : [ ],
      "eventstreamHash" : [ ],
      "eventstreams" : [ ],
      "procedureHash" : [ ],
      "procedures" : [ ],
      "sourceHash" : [ "out" ],
      "sources" : [ "Vantiq" ],
      "systemmodelHash" : [ ],
      "systemmodels" : [ ],
      "topicHash" : [ ],
      "topics" : [ ],
      "typeHash" : [ ],
      "types" : [ ]
    },
    "label" : "EventGenerator.publishToVantiq",
    "name" : "EventGenerator.publishToVantiq",
    "procedureName" : "publishToVantiq",
    "resourceReference" : "/procedures/EventGenerator.publishToVantiq",
    "serviceName" : "EventGenerator",
    "timestamp" : "2021-09-10T03:28:31.495Z",
    "type" : 3
  }, {
    "label" : "EventGeneratorUi",
    "name" : "EventGeneratorUi",
    "resourceReference" : "/system.services/EventGeneratorUi",
    "timestamp" : "2021-09-10T00:32:05.522Z",
    "type" : 63
  }, {
    "inventory" : {
      "clientHash" : [ ],
      "clients" : [ ],
      "collaborationHash" : [ ],
      "collaborations" : [ ],
      "eventstreamHash" : [ ],
      "eventstreams" : [ ],
      "procedureHash" : [ ],
      "procedures" : [ ],
      "sourceHash" : [ ],
      "sources" : [ ],
      "systemmodelHash" : [ ],
      "systemmodels" : [ ],
      "topicHash" : [ "out" ],
      "topics" : [ "/trigger/eventgenerator" ],
      "typeHash" : [ ],
      "types" : [ ]
    },
    "label" : "EventGeneratorUi.start",
    "name" : "EventGeneratorUi.start",
    "procedureName" : "start",
    "resourceReference" : "/procedures/EventGeneratorUi.start",
    "serviceName" : "EventGeneratorUi",
    "timestamp" : "2021-09-10T00:34:46.994Z",
    "type" : 3
  }, {
    "inventory" : {
      "clientHash" : [ ],
      "clients" : [ ],
      "collaborationHash" : [ ],
      "collaborations" : [ ],
      "eventstreamHash" : [ ],
      "eventstreams" : [ ],
      "procedureHash" : [ ],
      "procedures" : [ ],
      "sourceHash" : [ ],
      "sources" : [ ],
      "systemmodelHash" : [ ],
      "systemmodels" : [ ],
      "topicHash" : [ "out", "out" ],
      "topics" : [ "/last/ai_camera/event", "/last/guard/event" ],
      "typeHash" : [ "out" ],
      "types" : [ "system.scheduledevents" ]
    },
    "label" : "EventGeneratorUi.stop",
    "name" : "EventGeneratorUi.stop",
    "procedureName" : "stop",
    "resourceReference" : "/procedures/EventGeneratorUi.stop",
    "serviceName" : "EventGeneratorUi",
    "timestamp" : "2021-09-10T04:01:10.415Z",
    "type" : 3
  }, {
    "label" : "ImageUtils",
    "name" : "ImageUtils",
    "resourceReference" : "/system.services/ImageUtils",
    "timestamp" : "2021-09-15T00:58:40.691Z",
    "type" : 63
  }, {
    "inventory" : {
      "clientHash" : [ ],
      "clients" : [ ],
      "collaborationHash" : [ ],
      "collaborations" : [ ],
      "eventstreamHash" : [ ],
      "eventstreams" : [ ],
      "procedureHash" : [ ],
      "procedures" : [ ],
      "sourceHash" : [ ],
      "sources" : [ ],
      "systemmodelHash" : [ ],
      "systemmodels" : [ ],
      "topicHash" : [ ],
      "topics" : [ ],
      "typeHash" : [ ],
      "types" : [ ]
    },
    "label" : "ImageUtils.suspiciousPersonImage",
    "name" : "ImageUtils.suspiciousPersonImage",
    "procedureName" : "suspiciousPersonImage",
    "resourceReference" : "/procedures/ImageUtils.suspiciousPersonImage",
    "serviceName" : "ImageUtils",
    "timestamp" : "2021-09-15T00:58:40.709Z",
    "type" : 3
  }, {
    "inventory" : {
      "clientHash" : [ ],
      "clients" : [ ],
      "collaborationHash" : [ ],
      "collaborations" : [ ],
      "eventstreamHash" : [ ],
      "eventstreams" : [ ],
      "procedureHash" : [ ],
      "procedures" : [ ],
      "sourceHash" : [ ],
      "sources" : [ ],
      "systemmodelHash" : [ ],
      "systemmodels" : [ ],
      "topicHash" : [ ],
      "topics" : [ ],
      "typeHash" : [ ],
      "types" : [ ]
    },
    "label" : "MqttBroker",
    "name" : "MqttBroker",
    "resourceReference" : "/sources/MqttBroker",
    "timestamp" : "2021-09-21T05:24:51.129Z",
    "type" : 4
  }, {
    "label" : "TimeUtils",
    "name" : "TimeUtils",
    "resourceReference" : "/system.services/TimeUtils",
    "timestamp" : "2021-09-10T01:18:05.782Z",
    "type" : 63
  }, {
    "inventory" : {
      "clientHash" : [ ],
      "clients" : [ ],
      "collaborationHash" : [ ],
      "collaborations" : [ ],
      "eventstreamHash" : [ ],
      "eventstreams" : [ ],
      "procedureHash" : [ "out" ],
      "procedures" : [ "format" ],
      "sourceHash" : [ ],
      "sources" : [ ],
      "systemmodelHash" : [ ],
      "systemmodels" : [ ],
      "topicHash" : [ ],
      "topics" : [ ],
      "typeHash" : [ ],
      "types" : [ ]
    },
    "label" : "TimeUtils.jstNow",
    "name" : "TimeUtils.jstNow",
    "procedureName" : "jstNow",
    "resourceReference" : "/procedures/TimeUtils.jstNow",
    "serviceName" : "TimeUtils",
    "timestamp" : "2021-09-10T01:18:08.194Z",
    "type" : 3
  }, {
    "inventory" : {
      "clientHash" : [ ],
      "clients" : [ ],
      "collaborationHash" : [ ],
      "collaborations" : [ ],
      "eventstreamHash" : [ ],
      "eventstreams" : [ ],
      "procedureHash" : [ "out" ],
      "procedures" : [ "date" ],
      "sourceHash" : [ ],
      "sources" : [ ],
      "systemmodelHash" : [ ],
      "systemmodels" : [ ],
      "topicHash" : [ ],
      "topics" : [ ],
      "typeHash" : [ ],
      "types" : [ ]
    },
    "label" : "TimeUtils.unixTimestamp",
    "name" : "TimeUtils.unixTimestamp",
    "procedureName" : "unixTimestamp",
    "resourceReference" : "/procedures/TimeUtils.unixTimestamp",
    "serviceName" : "TimeUtils",
    "timestamp" : "2021-09-10T01:19:02.215Z",
    "type" : 3
  }, {
    "inventory" : {
      "clientHash" : [ ],
      "clients" : [ ],
      "collaborationHash" : [ ],
      "collaborations" : [ ],
      "eventstreamHash" : [ ],
      "eventstreams" : [ ],
      "procedureHash" : [ ],
      "procedures" : [ ],
      "sourceHash" : [ ],
      "sources" : [ ],
      "systemmodelHash" : [ ],
      "systemmodels" : [ ],
      "topicHash" : [ ],
      "topics" : [ ],
      "typeHash" : [ ],
      "types" : [ ]
    },
    "label" : "Vantiq",
    "name" : "Vantiq",
    "resourceReference" : "/sources/Vantiq",
    "timestamp" : "2021-09-10T03:22:51.154Z",
    "type" : 4
  } ],
  "tools" : [ {
    "isPinned" : false,
    "name" : "EventGenerator",
    "pane" : {
      "h" : 500,
      "w" : 1070,
      "x" : 10,
      "y" : 10
    },
    "resourceKey" : "app/EventGenerator",
    "state" : 3,
    "toolOptions" : { },
    "type" : 15
  }, {
    "isPinned" : false,
    "name" : "Project Contents",
    "type" : 2
  }, {
    "isPinned" : false,
    "name" : "エラー",
    "type" : 13
  }, {
    "dockLocation" : "top",
    "isPinned" : false,
    "name" : "非アクティブ ペイン",
    "type" : 99
  } ],
  "type" : "dev",
  "views" : [ {
    "name" : "Project Contents",
    "projectToolKeys" : [ "app/EventGenerator", "list/Project Contents", "errorviewer/エラー", "tiledock/非アクティブ ペイン" ]
  } ]
}