{
  "ars_relationships" : [ ],
  "links" : [ {
    "source" : "services/com.example.BoxSorter",
    "target" : "document/com.example.BoxSorter.js"
  }, {
    "source" : "services/com.example.BoxSorter",
    "target" : "app/com.example.BoxSorter.ReceiveBoxInfo"
  }, {
    "source" : "app/com.example.BoxSorter.ReceiveBoxInfo",
    "target" : "type/com.example.sorting_condition"
  }, {
    "source" : "app/com.example.BoxSorter.ReceiveBoxInfo",
    "target" : "services/com.example.BoxSorter"
  } ],
  "name" : "BoxSorter",
  "options" : {
    "description" : "",
    "dockCollapsed" : {
      "bottom" : false,
      "left" : false,
      "right" : false,
      "top" : false,
      "viewtabs" : false
    },
    "dockDimensions" : {
      "bottom" : 263,
      "debug" : [ 576, 1341 ],
      "left" : 248,
      "right" : 220,
      "top" : 0,
      "viewtabs" : 0
    },
    "dockSort" : 1,
    "exclusionList" : [ "app/BoxSorter", "app/BoxSorter_sample", "app/com.example.BoxSorter.Mqqt", "document/apps.services.BoxSorter.js", "procedure/publishTestEvent", "services/system.ActivityPattern", "services/system.Utils", "source/BoxInfoMqtt", "source/IncomingMqtt", "source/InflowMqtt", "source/SortingResultMqtt", "topic//BoxInfoApi", "topic//apps.BoxSorter/debug", "topic//test", "type/apps.BoxSorter.PartitionedAppState", "type/sort_condition_sample", "type/sorting_condition" ],
    "filterBitArray" : "ffffffffffffffffffffffffffffffff",
    "isModeloProject" : true,
    "layoutStyle" : "tile",
    "openFolders" : [ "com.example", "com.example/services", "com.example/type", "services/com.example.BoxSorter" ],
    "partitionsSettings" : { },
    "rootViewFlavor" : 5,
    "showGrid" : true,
    "tileColumns" : 2,
    "tileRows" : 1,
    "type" : "dev",
    "v" : 5,
    "viewUUID" : "MAINVIEW"
  },
  "partitions" : [ ],
  "resources" : [ {
    "label" : "com.example.BoxSorter",
    "name" : "com.example.BoxSorter",
    "resourceReference" : "/system.services/com.example.BoxSorter",
    "timestamp" : "2024-07-30T08:59:15.078Z",
    "type" : 63
  }, {
    "label" : "com.example.BoxSorter.ReceiveBoxInfo",
    "name" : "com.example.BoxSorter.ReceiveBoxInfo",
    "resourceReference" : "/collaborationtypes/com.example.BoxSorter.ReceiveBoxInfo",
    "timestamp" : "2024-07-30T08:58:00.862Z",
    "type" : 12
  }, {
    "label" : "com.example.BoxSorter.js",
    "name" : "com.example.BoxSorter.js",
    "resourceReference" : "/documents/com.example.BoxSorter.js",
    "timestamp" : "2024-07-30T08:52:45.106Z",
    "type" : 19
  }, {
    "label" : "com.example.sorting_condition",
    "name" : "com.example.sorting_condition",
    "resourceReference" : "/types/com.example.sorting_condition",
    "timestamp" : "2024-07-30T08:56:41.684Z",
    "type" : 1
  } ],
  "tools" : [ {
    "isPinned" : false,
    "name" : "Access Token",
    "pane" : {
      "c" : 1,
      "r" : 0
    },
    "state" : 2,
    "type" : 34
  }, {
    "isPinned" : false,
    "name" : "Errors",
    "type" : 13
  }, {
    "isPinned" : false,
    "name" : "Log メッセージ",
    "type" : 12
  }, {
    "isPinned" : false,
    "name" : "Project Contents",
    "type" : 2
  }, {
    "isPinned" : false,
    "name" : "com.example.BoxSorter",
    "pane" : {
      "c" : 0,
      "r" : 0
    },
    "resourceKey" : "services/com.example.BoxSorter",
    "state" : 2,
    "type" : 109
  }, {
    "dockLocation" : "top",
    "isPinned" : false,
    "name" : "非アクティブ ペイン",
    "type" : 99
  } ],
  "type" : "dev",
  "views" : [ {
    "name" : "Project Contents",
    "projectToolKeys" : [ "accesstokens/Access Token", "errorviewer/Errors", "logviewer/Log メッセージ", "list/Project Contents", "services/com.example.BoxSorter", "tiledock/非アクティブ ペイン" ]
  } ]
}