{
  "ars_relationships" : [ ],
  "links" : [ {
    "source" : "services/jp.co.vantiq.designpattern.StreamToBulkInsert",
    "target" : "document/jp.co.vantiq.designpattern.StreamToBulkInsert.js"
  }, {
    "source" : "topic//jp.co.vantiq.designpattern.StreamToBulkInsert/InputStream/handler/inbound",
    "target" : "app/jp.co.vantiq.designpattern.StreamToBulkInsert_InputStream_EventHandler"
  }, {
    "source" : "procedure/jp.co.vantiq.designpattern.StreamToBulkInsert.accumulateRecs",
    "target" : "services/jp.co.vantiq.designpattern.StreamToBulkInsert"
  }, {
    "source" : "services/jp.co.vantiq.designpattern.StreamToBulkInsert",
    "target" : "procedure/jp.co.vantiq.designpattern.StreamToBulkInsert.accumulateRecs"
  }, {
    "source" : "topic//jp.co.vantiq.designpattern.StreamToBulkInsert_InputStream_EventHandler/tasks/Delay",
    "target" : "eventstream/jp.co.vantiq.designpattern.StreamToBulkInsert_InputStream_EventHandler.TransformTrigger"
  }, {
    "source" : "eventstream/jp.co.vantiq.designpattern.StreamToBulkInsert_InputStream_EventHandler.TransformTrigger",
    "target" : "topic//jp.co.vantiq.designpattern.StreamToBulkInsert_InputStream_EventHandler/debug"
  }, {
    "source" : "eventstream/jp.co.vantiq.designpattern.StreamToBulkInsert_InputStream_EventHandler.InputStream",
    "target" : "topic//jp.co.vantiq.designpattern.StreamToBulkInsert_InputStream_EventHandler/debug"
  }, {
    "source" : "services/jp.co.vantiq.designpattern.StreamToBulkInsert",
    "target" : "type/jp.co.vantiq.designpattern.StreamToBulkInsert_Global"
  }, {
    "source" : "app/jp.co.vantiq.designpattern.StreamToBulkInsert_InputStream_EventHandler",
    "target" : "services/jp.co.vantiq.designpattern.StreamToBulkInsert"
  }, {
    "source" : "topic//jp.co.vantiq.designpattern.StreamToBulkInsert/InputStream/handler/inbound",
    "target" : "eventstream/jp.co.vantiq.designpattern.StreamToBulkInsert_InputStream_EventHandler.InputStream"
  }, {
    "source" : "procedure/jp.co.vantiq.designpattern.test.StreamToBulkInsertTest",
    "target" : "type/jp.co.vantiq.designpattern.TargetTable"
  }, {
    "source" : "services/jp.co.vantiq.designpattern.StreamToBulkInsert",
    "target" : "procedure/jp.co.vantiq.designpattern.StreamToBulkInsert.getRecs"
  }, {
    "source" : "procedure/jp.co.vantiq.designpattern.StreamToBulkInsert.getRecs",
    "target" : "services/jp.co.vantiq.designpattern.StreamToBulkInsert"
  }, {
    "source" : "services/jp.co.vantiq.designpattern.StreamToBulkInsert",
    "target" : "procedure/jp.co.vantiq.designpattern.StreamToBulkInsert.bulkinsert"
  }, {
    "source" : "app/jp.co.vantiq.designpattern.StreamToBulkInsert_InputStream_EventHandler",
    "target" : "procedure/jp.co.vantiq.designpattern.StreamToBulkInsert.bulkinsert"
  }, {
    "source" : "procedure/jp.co.vantiq.designpattern.StreamToBulkInsert.bulkinsert",
    "target" : "type/jp.co.vantiq.designpattern.TargetTable"
  }, {
    "source" : "procedure/jp.co.vantiq.designpattern.StreamToBulkInsert.bulkinsert",
    "target" : "services/jp.co.vantiq.designpattern.StreamToBulkInsert"
  }, {
    "source" : "app/jp.co.vantiq.designpattern.StreamToBulkInsert_InputStream_EventHandler",
    "target" : "procedure/jp.co.vantiq.designpattern.StreamToBulkInsert.accumulateRecs"
  }, {
    "source" : "procedure/jp.co.vantiq.designpattern.test.StreamToBulkInsertTest",
    "target" : "topic//jp.co.vantiq.designpattern.test.StreamToBulkInsertTest/initiate/inbound"
  }, {
    "source" : "topic//jp.co.vantiq.designpattern.test.StreamToBulkInsertTest/initiate/inbound",
    "target" : "services/jp.co.vantiq.designpattern.test.StreamToBulkInsertTest"
  }, {
    "source" : "topic//jp.co.vantiq.designpattern.test.StreamToBulkInsertTest/initiate/inbound",
    "target" : "app/jp.co.vantiq.designpattern.test.StreamToBulkInsertTest"
  }, {
    "source" : "app/jp.co.vantiq.designpattern.test.StreamToBulkInsertTest",
    "target" : "services/jp.co.vantiq.designpattern.test.StreamToBulkInsertTest"
  }, {
    "source" : "services/jp.co.vantiq.designpattern.test.StreamToBulkInsertTest",
    "target" : "app/jp.co.vantiq.designpattern.test.StreamToBulkInsertTest"
  }, {
    "source" : "app/jp.co.vantiq.designpattern.test.StreamToBulkInsertTest",
    "target" : "services/jp.co.vantiq.designpattern.StreamToBulkInsert"
  } ],
  "name" : "StreamToBulkInsert",
  "options" : {
    "description" : "",
    "dockCollapsed" : {
      "bottom" : false,
      "left" : false,
      "right" : false,
      "top" : false,
      "viewtabs" : false
    },
    "dockDimensions" : {
      "bottom" : 443,
      "debug" : [ 1843.9709767814252, 1993.0290232185748 ],
      "left" : 653,
      "right" : 220,
      "top" : 0,
      "viewtabs" : 0
    },
    "dockSort" : 1,
    "filterBitArray" : "ffffffffffffffffffffffffffffffff",
    "isModeloProject" : true,
    "layoutStyle" : "tile",
    "openFolders" : [ "VIEWROOT/jp.co.vantiq.designpattern", "VIEWROOT/jp.co.vantiq.designpattern/type", "VIEWROOT/jp.co.vantiq.designpattern/services", "VIEWROOT/jp.co.vantiq.designpattern/app", "VIEWROOT/jp.co.vantiq.designpattern.test", "VIEWROOT/jp.co.vantiq.designpattern.test/procedure", "jp.co.vantiq.designpattern", "jp.co.vantiq.designpattern/services", "jp.co.vantiq.designpattern/type", "jp.co.vantiq.designpattern.test", "jp.co.vantiq.designpattern.test/procedure" ],
    "rootViewFlavor" : 5,
    "showGrid" : true,
    "tileColumns" : 2,
    "tileRows" : 3,
    "type" : "dev",
    "v" : 5,
    "viewUUID" : "MAINVIEW"
  },
  "resources" : [ {
    "label" : "/jp.co.vantiq.designpattern.StreamToBulkInsert/InputStream/handler/inbound",
    "name" : "/jp.co.vantiq.designpattern.StreamToBulkInsert/InputStream/handler/inbound",
    "resourceReference" : "/topics//jp.co.vantiq.designpattern.StreamToBulkInsert/InputStream/handler/inbound",
    "type" : 10
  }, {
    "label" : "/jp.co.vantiq.designpattern.StreamToBulkInsert_InputStream_EventHandler/debug",
    "name" : "/jp.co.vantiq.designpattern.StreamToBulkInsert_InputStream_EventHandler/debug",
    "resourceReference" : "/topics//jp.co.vantiq.designpattern.StreamToBulkInsert_InputStream_EventHandler/debug",
    "type" : 10
  }, {
    "label" : "/jp.co.vantiq.designpattern.StreamToBulkInsert_InputStream_EventHandler/tasks/Delay",
    "name" : "/jp.co.vantiq.designpattern.StreamToBulkInsert_InputStream_EventHandler/tasks/Delay",
    "resourceReference" : "/topics//jp.co.vantiq.designpattern.StreamToBulkInsert_InputStream_EventHandler/tasks/Delay",
    "type" : 10
  }, {
    "name" : "/jp.co.vantiq.designpattern.test.StreamToBulkInsertTest/initiate/inbound",
    "resourceReference" : "/topics//jp.co.vantiq.designpattern.test.StreamToBulkInsertTest/initiate/inbound",
    "type" : 10
  }, {
    "label" : "jp.co.vantiq.designpattern.StreamToBulkInsert",
    "name" : "jp.co.vantiq.designpattern.StreamToBulkInsert",
    "resourceReference" : "/system.services/jp.co.vantiq.designpattern.StreamToBulkInsert",
    "timestamp" : "2022-07-15T03:25:18.691Z",
    "type" : 63
  }, {
    "label" : "jp.co.vantiq.designpattern.StreamToBulkInsert.accumulateRecs",
    "name" : "jp.co.vantiq.designpattern.StreamToBulkInsert.accumulateRecs",
    "packageName" : "jp.co.vantiq.designpattern",
    "procedureName" : "accumulateRecs",
    "resourceReference" : "/procedures/jp.co.vantiq.designpattern.StreamToBulkInsert.accumulateRecs",
    "serviceName" : "StreamToBulkInsert",
    "timestamp" : "2022-07-15T03:31:52.183Z",
    "type" : 3
  }, {
    "name" : "jp.co.vantiq.designpattern.StreamToBulkInsert.bulkinsert",
    "packageName" : "jp.co.vantiq.designpattern",
    "procedureName" : "bulkinsert",
    "resourceReference" : "/procedures/jp.co.vantiq.designpattern.StreamToBulkInsert.bulkinsert",
    "serviceName" : "StreamToBulkInsert",
    "timestamp" : "2022-07-15T03:29:21.629Z",
    "type" : 3
  }, {
    "name" : "jp.co.vantiq.designpattern.StreamToBulkInsert.getRecs",
    "packageName" : "jp.co.vantiq.designpattern",
    "procedureName" : "getRecs",
    "resourceReference" : "/procedures/jp.co.vantiq.designpattern.StreamToBulkInsert.getRecs",
    "serviceName" : "StreamToBulkInsert",
    "timestamp" : "2022-07-11T15:38:21.646Z",
    "type" : 3
  }, {
    "label" : "jp.co.vantiq.designpattern.StreamToBulkInsert.js",
    "name" : "jp.co.vantiq.designpattern.StreamToBulkInsert.js",
    "resourceReference" : "/documents/jp.co.vantiq.designpattern.StreamToBulkInsert.js",
    "timestamp" : "2022-07-11T15:38:25.772Z",
    "type" : 19
  }, {
    "label" : "jp.co.vantiq.designpattern.StreamToBulkInsert_Global",
    "name" : "jp.co.vantiq.designpattern.StreamToBulkInsert_Global",
    "resourceReference" : "/types/jp.co.vantiq.designpattern.StreamToBulkInsert_Global",
    "timestamp" : "2022-07-11T14:59:23.852Z",
    "type" : 1
  }, {
    "label" : "jp.co.vantiq.designpattern.StreamToBulkInsert_InputStream_EventHandler",
    "name" : "jp.co.vantiq.designpattern.StreamToBulkInsert_InputStream_EventHandler",
    "resourceReference" : "/collaborationtypes/jp.co.vantiq.designpattern.StreamToBulkInsert_InputStream_EventHandler",
    "timestamp" : "2022-07-15T03:29:54.034Z",
    "type" : 12
  }, {
    "label" : "jp.co.vantiq.designpattern.StreamToBulkInsert_InputStream_EventHandler.InputStream",
    "name" : "jp.co.vantiq.designpattern.StreamToBulkInsert_InputStream_EventHandler.InputStream",
    "resourceReference" : "/system.eventstreams/jp.co.vantiq.designpattern.StreamToBulkInsert_InputStream_EventHandler.InputStream",
    "timestamp" : "2022-07-15T03:26:48.985Z",
    "type" : 14
  }, {
    "label" : "jp.co.vantiq.designpattern.StreamToBulkInsert_InputStream_EventHandler.TransformTrigger",
    "name" : "jp.co.vantiq.designpattern.StreamToBulkInsert_InputStream_EventHandler.TransformTrigger",
    "resourceReference" : "/system.eventstreams/jp.co.vantiq.designpattern.StreamToBulkInsert_InputStream_EventHandler.TransformTrigger",
    "timestamp" : "2022-07-15T03:26:49.066Z",
    "type" : 14
  }, {
    "label" : "jp.co.vantiq.designpattern.TargetTable",
    "name" : "jp.co.vantiq.designpattern.TargetTable",
    "resourceReference" : "/types/jp.co.vantiq.designpattern.TargetTable",
    "timestamp" : "2022-07-11T14:14:41.225Z",
    "type" : 1
  }, {
    "label" : "jp.co.vantiq.designpattern.test.StreamToBulkInsertTest",
    "name" : "jp.co.vantiq.designpattern.test.StreamToBulkInsertTest",
    "packageName" : "jp.co.vantiq.designpattern.test",
    "procedureName" : "StreamToBulkInsertTest",
    "resourceReference" : "/procedures/jp.co.vantiq.designpattern.test.StreamToBulkInsertTest",
    "timestamp" : "2022-07-15T03:38:08.036Z",
    "type" : 3
  }, {
    "name" : "jp.co.vantiq.designpattern.test.StreamToBulkInsertTest",
    "resourceReference" : "/collaborationtypes/jp.co.vantiq.designpattern.test.StreamToBulkInsertTest",
    "timestamp" : "2022-07-15T03:38:44.291Z",
    "type" : 12
  }, {
    "name" : "jp.co.vantiq.designpattern.test.StreamToBulkInsertTest",
    "resourceReference" : "/system.services/jp.co.vantiq.designpattern.test.StreamToBulkInsertTest",
    "timestamp" : "2022-07-15T03:37:25.503Z",
    "type" : 63
  } ],
  "tools" : [ {
    "isPinned" : false,
    "name" : "Grafana",
    "pane" : {
      "c" : -1,
      "r" : -1
    },
    "state" : 4,
    "type" : 51
  }, {
    "isPinned" : false,
    "name" : "Grafana(1)",
    "pane" : {
      "c" : -1,
      "r" : -1
    },
    "state" : 4,
    "type" : 51
  }, {
    "isPinned" : false,
    "name" : "Project Contents",
    "type" : 2
  }, {
    "isPinned" : false,
    "name" : "jp.co.vantiq.designpattern.StreamToBulkInsert",
    "pane" : {
      "c" : 0,
      "r" : 2
    },
    "resourceKey" : "services/jp.co.vantiq.designpattern.StreamToBulkInsert",
    "state" : 2,
    "type" : 109
  }, {
    "isPinned" : false,
    "name" : "jp.co.vantiq.designpattern.StreamToBulkInsert_InputStream_EventHandler",
    "pane" : {
      "c" : 0,
      "r" : 1
    },
    "resourceKey" : "app/jp.co.vantiq.designpattern.StreamToBulkInsert_InputStream_EventHandler",
    "state" : 2,
    "toolOptions" : { },
    "type" : 15
  }, {
    "isPinned" : false,
    "name" : "jp.co.vantiq.designpattern.TargetTable",
    "pane" : {
      "c" : -1,
      "r" : -1
    },
    "resourceKey" : "type/jp.co.vantiq.designpattern.TargetTable",
    "state" : 4,
    "type" : 6
  }, {
    "isPinned" : false,
    "name" : "jp.co.vantiq.designpattern.test.StreamToBulkInsertTest",
    "pane" : {
      "c" : 1,
      "r" : 1
    },
    "resourceKey" : "app/jp.co.vantiq.designpattern.test.StreamToBulkInsertTest",
    "state" : 2,
    "toolOptions" : { },
    "type" : 15
  }, {
    "isPinned" : false,
    "name" : "jp.co.vantiq.designpattern.test.StreamToBulkInsertTest",
    "pane" : {
      "c" : 0,
      "r" : 0
    },
    "resourceKey" : "procedure/jp.co.vantiq.designpattern.test.StreamToBulkInsertTest",
    "state" : 2,
    "type" : 24
  }, {
    "isPinned" : false,
    "name" : "エラー",
    "type" : 13
  }, {
    "isPinned" : false,
    "name" : "ログメッセージ",
    "type" : 12
  }, {
    "dockLocation" : "top",
    "isPinned" : false,
    "name" : "非アクティブ ペイン",
    "type" : 99
  } ],
  "type" : "dev",
  "views" : [ {
    "name" : "Project Contents",
    "projectToolKeys" : [ "grafana/Grafana", "grafana/Grafana(1)", "list/Project Contents", "services/jp.co.vantiq.designpattern.StreamToBulkInsert", "app/jp.co.vantiq.designpattern.StreamToBulkInsert_InputStream_EventHandler", "subtypeeditor/jp.co.vantiq.designpattern.TargetTable", "app/jp.co.vantiq.designpattern.test.StreamToBulkInsertTest", "cmeditorprocedure/jp.co.vantiq.designpattern.test.StreamToBulkInsertTest", "errorviewer/エラー", "logviewer/ログメッセージ", "tiledock/非アクティブ ペイン" ]
  } ]
}