{
  "ars_relationships" : [ ],
  "links" : [ {
    "source" : "services/jp.co.vantiq.designpattern.StreamToBulkInsert",
    "target" : "document/jp.co.vantiq.designpattern.StreamToBulkInsert.js"
  }, {
    "source" : "topic//jp.co.vantiq.designpattern.StreamToBulkInsert/InputStream/handler/inbound",
    "target" : "app/jp.co.vantiq.designpattern.StreamToBulkInsert_InputStream_EventHandler"
  }, {
    "source" : "procedure/jp.co.vantiq.designpattern.StreamToBulkInsert.accumulateRecs",
    "target" : "services/jp.co.vantiq.designpattern.StreamToBulkInsert"
  }, {
    "source" : "services/jp.co.vantiq.designpattern.StreamToBulkInsert",
    "target" : "procedure/jp.co.vantiq.designpattern.StreamToBulkInsert.accumulateRecs"
  }, {
    "source" : "eventstream/jp.co.vantiq.designpattern.StreamToBulkInsert_InputStream_EventHandler.InputStream",
    "target" : "topic//jp.co.vantiq.designpattern.StreamToBulkInsert_InputStream_EventHandler/debug"
  }, {
    "source" : "services/jp.co.vantiq.designpattern.StreamToBulkInsert",
    "target" : "type/jp.co.vantiq.designpattern.StreamToBulkInsert_Global"
  }, {
    "source" : "app/jp.co.vantiq.designpattern.StreamToBulkInsert_InputStream_EventHandler",
    "target" : "services/jp.co.vantiq.designpattern.StreamToBulkInsert"
  }, {
    "source" : "procedure/jp.co.vantiq.designpattern.test.StreamToBulkInsertTest",
    "target" : "type/jp.co.vantiq.designpattern.TargetTable"
  }, {
    "source" : "services/jp.co.vantiq.designpattern.StreamToBulkInsert",
    "target" : "procedure/jp.co.vantiq.designpattern.StreamToBulkInsert.bulkinsert"
  }, {
    "source" : "app/jp.co.vantiq.designpattern.StreamToBulkInsert_InputStream_EventHandler",
    "target" : "procedure/jp.co.vantiq.designpattern.StreamToBulkInsert.bulkinsert"
  }, {
    "source" : "procedure/jp.co.vantiq.designpattern.StreamToBulkInsert.bulkinsert",
    "target" : "type/jp.co.vantiq.designpattern.TargetTable"
  }, {
    "source" : "procedure/jp.co.vantiq.designpattern.StreamToBulkInsert.bulkinsert",
    "target" : "services/jp.co.vantiq.designpattern.StreamToBulkInsert"
  }, {
    "source" : "procedure/jp.co.vantiq.designpattern.test.StreamToBulkInsertTest",
    "target" : "topic//jp.co.vantiq.designpattern.test.StreamToBulkInsertTest/initiate/inbound"
  }, {
    "source" : "topic//jp.co.vantiq.designpattern.test.StreamToBulkInsertTest/initiate/inbound",
    "target" : "services/jp.co.vantiq.designpattern.test.StreamToBulkInsertTest"
  }, {
    "source" : "topic//jp.co.vantiq.designpattern.test.StreamToBulkInsertTest/initiate/inbound",
    "target" : "app/jp.co.vantiq.designpattern.test.StreamToBulkInsertTest"
  }, {
    "source" : "app/jp.co.vantiq.designpattern.test.StreamToBulkInsertTest",
    "target" : "services/jp.co.vantiq.designpattern.test.StreamToBulkInsertTest"
  }, {
    "source" : "services/jp.co.vantiq.designpattern.test.StreamToBulkInsertTest",
    "target" : "app/jp.co.vantiq.designpattern.test.StreamToBulkInsertTest"
  }, {
    "source" : "services/jp.co.vantiq.designpattern.StreamToBulkInsert",
    "target" : "procedure/jp.co.vantiq.designpattern.StreamToBulkInsert.getrecs"
  }, {
    "source" : "procedure/jp.co.vantiq.designpattern.StreamToBulkInsert.getrecs",
    "target" : "services/jp.co.vantiq.designpattern.StreamToBulkInsert"
  }, {
    "source" : "eventstream/jp.co.vantiq.designpattern.StreamToBulkInsert_InputStream_EventHandler.InputStream",
    "target" : "topic//jp.co.vantiq.designpattern.StreamToBulkInsert/InputStream/handler/inbound"
  }, {
    "source" : "procedure/jp.co.vantiq.designpattern.StreamToBulkInsert_InputStream_EventHandler.TransformTrigger",
    "target" : "services/jp.co.vantiq.designpattern.StreamToBulkInsert"
  }, {
    "source" : "app/jp.co.vantiq.designpattern.StreamToBulkInsert_InputStream_EventHandler",
    "target" : "procedure/jp.co.vantiq.designpattern.StreamToBulkInsert.accumulateRecs"
  }, {
    "source" : "app/jp.co.vantiq.designpattern.StreamToBulkInsert_InputStream_EventHandler",
    "target" : "app/jp.co.vantiq.designpattern.StreamToBulk"
  }, {
    "source" : "procedure/jp.co.vantiq.designpattern.StreamToBulkInsert_InputStream_EventHandler.StreamToBulk_TransformTrigger",
    "target" : "services/jp.co.vantiq.designpattern.StreamToBulkInsert"
  } ],
  "name" : "StreamToBulkInsert",
  "options" : {
    "description" : "# Stream To Bulk\n\naccumulate events from stream and output an array when the designated time has passed or the max records is reached.\n\n# how to run the test\n1. Open Procedure : jp.co.vantiq.designpattern.test.StreamToBulkInsertTest and run the test\n2. Observe in the log message that the (buffered) stream data are converted in chunks and then inserted to Type.",
    "dockCollapsed" : {
      "bottom" : false,
      "left" : false,
      "right" : false,
      "top" : false,
      "viewtabs" : false
    },
    "dockDimensions" : {
      "bottom" : 203,
      "debug" : [ 1031.828384447408, 1365.171615552592 ],
      "left" : 653,
      "right" : 220,
      "top" : 0,
      "viewtabs" : 0
    },
    "dockSort" : 1,
    "filterBitArray" : "ffffffffffffffffffffffffffffffff",
    "isModeloProject" : true,
    "layoutStyle" : "tile",
    "openFolders" : [ "jp.co.vantiq.designpattern", "jp.co.vantiq.designpattern.StreamToBulkInsert", "jp.co.vantiq.designpattern.StreamToBulkInsert/topic", "jp.co.vantiq.designpattern.test", "jp.co.vantiq.designpattern.test.StreamToBulkInsertTest", "jp.co.vantiq.designpattern.test.StreamToBulkInsertTest/topic", "jp.co.vantiq.designpattern.test/app", "jp.co.vantiq.designpattern.test/procedure", "jp.co.vantiq.designpattern/app", "jp.co.vantiq.designpattern/services", "jp.co.vantiq.designpattern/type", "services/jp.co.vantiq.designpattern.StreamToBulkInsert" ],
    "rootViewFlavor" : 5,
    "showGrid" : true,
    "tileColumns" : 2,
    "tileRows" : 3,
    "type" : "dev",
    "v" : 5,
    "viewUUID" : "MAINVIEW"
  },
  "resources" : [ {
    "label" : "/jp.co.vantiq.designpattern.StreamToBulkInsert/InputStream/handler/inbound",
    "name" : "/jp.co.vantiq.designpattern.StreamToBulkInsert/InputStream/handler/inbound",
    "resourceReference" : "/topics//jp.co.vantiq.designpattern.StreamToBulkInsert/InputStream/handler/inbound",
    "type" : 10
  }, {
    "label" : "/jp.co.vantiq.designpattern.StreamToBulkInsert_InputStream_EventHandler/debug",
    "name" : "/jp.co.vantiq.designpattern.StreamToBulkInsert_InputStream_EventHandler/debug",
    "resourceReference" : "/topics//jp.co.vantiq.designpattern.StreamToBulkInsert_InputStream_EventHandler/debug",
    "type" : 10
  }, {
    "label" : "/jp.co.vantiq.designpattern.StreamToBulkInsert_InputStream_EventHandler/tasks/Delay",
    "name" : "/jp.co.vantiq.designpattern.StreamToBulkInsert_InputStream_EventHandler/tasks/Delay",
    "resourceReference" : "/topics//jp.co.vantiq.designpattern.StreamToBulkInsert_InputStream_EventHandler/tasks/Delay",
    "type" : 10
  }, {
    "label" : "/jp.co.vantiq.designpattern.test.StreamToBulkInsertTest/initiate/inbound",
    "name" : "/jp.co.vantiq.designpattern.test.StreamToBulkInsertTest/initiate/inbound",
    "resourceReference" : "/topics//jp.co.vantiq.designpattern.test.StreamToBulkInsertTest/initiate/inbound",
    "type" : 10
  }, {
    "name" : "jp.co.vantiq.designpattern.StreamToBulk",
    "resourceReference" : "/collaborationtypes/jp.co.vantiq.designpattern.StreamToBulk",
    "timestamp" : "2022-10-13T10:00:06.391Z",
    "type" : 12
  }, {
    "label" : "jp.co.vantiq.designpattern.StreamToBulkInsert",
    "name" : "jp.co.vantiq.designpattern.StreamToBulkInsert",
    "resourceReference" : "/system.services/jp.co.vantiq.designpattern.StreamToBulkInsert",
    "timestamp" : "2022-10-13T09:43:02.679Z",
    "type" : 63
  }, {
    "label" : "jp.co.vantiq.designpattern.StreamToBulkInsert.accumulateRecs",
    "name" : "jp.co.vantiq.designpattern.StreamToBulkInsert.accumulateRecs",
    "packageName" : "jp.co.vantiq.designpattern",
    "procedureName" : "accumulateRecs",
    "resourceReference" : "/procedures/jp.co.vantiq.designpattern.StreamToBulkInsert.accumulateRecs",
    "serviceName" : "StreamToBulkInsert",
    "timestamp" : "2022-10-13T09:43:00.488Z",
    "type" : 3
  }, {
    "label" : "jp.co.vantiq.designpattern.StreamToBulkInsert.bulkinsert",
    "name" : "jp.co.vantiq.designpattern.StreamToBulkInsert.bulkinsert",
    "packageName" : "jp.co.vantiq.designpattern",
    "procedureName" : "bulkinsert",
    "resourceReference" : "/procedures/jp.co.vantiq.designpattern.StreamToBulkInsert.bulkinsert",
    "serviceName" : "StreamToBulkInsert",
    "timestamp" : "2022-07-15T03:29:21.629Z",
    "type" : 3
  }, {
    "name" : "jp.co.vantiq.designpattern.StreamToBulkInsert.getrecs",
    "packageName" : "jp.co.vantiq.designpattern",
    "procedureName" : "getrecs",
    "resourceReference" : "/procedures/jp.co.vantiq.designpattern.StreamToBulkInsert.getrecs",
    "serviceName" : "StreamToBulkInsert",
    "timestamp" : "2022-08-09T05:36:46.557Z",
    "type" : 3
  }, {
    "label" : "jp.co.vantiq.designpattern.StreamToBulkInsert.js",
    "name" : "jp.co.vantiq.designpattern.StreamToBulkInsert.js",
    "resourceReference" : "/documents/jp.co.vantiq.designpattern.StreamToBulkInsert.js",
    "timestamp" : "2022-08-09T06:12:33.092Z",
    "type" : 19
  }, {
    "label" : "jp.co.vantiq.designpattern.StreamToBulkInsert_Global",
    "name" : "jp.co.vantiq.designpattern.StreamToBulkInsert_Global",
    "resourceReference" : "/types/jp.co.vantiq.designpattern.StreamToBulkInsert_Global",
    "timestamp" : "2022-08-09T06:12:31.382Z",
    "type" : 1
  }, {
    "label" : "jp.co.vantiq.designpattern.StreamToBulkInsert_InputStream_EventHandler",
    "name" : "jp.co.vantiq.designpattern.StreamToBulkInsert_InputStream_EventHandler",
    "resourceReference" : "/collaborationtypes/jp.co.vantiq.designpattern.StreamToBulkInsert_InputStream_EventHandler",
    "timestamp" : "2022-10-13T10:00:14.599Z",
    "type" : 12
  }, {
    "label" : "jp.co.vantiq.designpattern.StreamToBulkInsert_InputStream_EventHandler.InputStream",
    "name" : "jp.co.vantiq.designpattern.StreamToBulkInsert_InputStream_EventHandler.InputStream",
    "resourceReference" : "/system.eventstreams/jp.co.vantiq.designpattern.StreamToBulkInsert_InputStream_EventHandler.InputStream",
    "timestamp" : "2022-10-13T09:43:36.706Z",
    "type" : 14
  }, {
    "label" : "jp.co.vantiq.designpattern.TargetTable",
    "name" : "jp.co.vantiq.designpattern.TargetTable",
    "resourceReference" : "/types/jp.co.vantiq.designpattern.TargetTable",
    "timestamp" : "2022-08-30T01:47:00.106Z",
    "type" : 1
  }, {
    "label" : "jp.co.vantiq.designpattern.test.StreamToBulkInsertTest",
    "name" : "jp.co.vantiq.designpattern.test.StreamToBulkInsertTest",
    "packageName" : "jp.co.vantiq.designpattern.test",
    "procedureName" : "StreamToBulkInsertTest",
    "resourceReference" : "/procedures/jp.co.vantiq.designpattern.test.StreamToBulkInsertTest",
    "timestamp" : "2022-10-13T09:49:03.262Z",
    "type" : 3
  }, {
    "label" : "jp.co.vantiq.designpattern.test.StreamToBulkInsertTest",
    "name" : "jp.co.vantiq.designpattern.test.StreamToBulkInsertTest",
    "resourceReference" : "/collaborationtypes/jp.co.vantiq.designpattern.test.StreamToBulkInsertTest",
    "timestamp" : "2022-07-15T03:42:08.068Z",
    "type" : 12
  }, {
    "label" : "jp.co.vantiq.designpattern.test.StreamToBulkInsertTest",
    "name" : "jp.co.vantiq.designpattern.test.StreamToBulkInsertTest",
    "resourceReference" : "/system.services/jp.co.vantiq.designpattern.test.StreamToBulkInsertTest",
    "timestamp" : "2022-07-15T03:42:08.324Z",
    "type" : 63
  } ],
  "tools" : [ {
    "isPinned" : false,
    "name" : "Errors",
    "type" : 13
  }, {
    "isPinned" : false,
    "name" : "Grafana",
    "pane" : {
      "c" : -1,
      "r" : -1
    },
    "state" : 4,
    "type" : 51
  }, {
    "isPinned" : false,
    "name" : "Grafana(1)",
    "pane" : {
      "c" : -1,
      "r" : -1
    },
    "state" : 4,
    "type" : 51
  }, {
    "isPinned" : false,
    "name" : "Log メッセージ",
    "type" : 12
  }, {
    "isPinned" : false,
    "name" : "Project Contents",
    "type" : 2
  }, {
    "isPinned" : false,
    "name" : "Project を説明",
    "pane" : {
      "c" : 0,
      "r" : 0
    },
    "state" : 2,
    "type" : 82
  }, {
    "isPinned" : false,
    "name" : "jp.co.vantiq.designpattern.StreamToBulk",
    "pane" : {
      "c" : 0,
      "r" : 2
    },
    "resourceKey" : "app/jp.co.vantiq.designpattern.StreamToBulk",
    "state" : 2,
    "toolOptions" : { },
    "type" : 15
  }, {
    "isPinned" : false,
    "name" : "jp.co.vantiq.designpattern.StreamToBulkInsert",
    "pane" : {
      "c" : -1,
      "r" : -1
    },
    "resourceKey" : "services/jp.co.vantiq.designpattern.StreamToBulkInsert",
    "state" : 4,
    "type" : 109
  }, {
    "isPinned" : false,
    "name" : "jp.co.vantiq.designpattern.StreamToBulkInsert.accumulateRecs",
    "pane" : {
      "c" : -1,
      "r" : -1
    },
    "resourceKey" : "procedure/jp.co.vantiq.designpattern.StreamToBulkInsert.accumulateRecs",
    "state" : 4,
    "type" : 24
  }, {
    "isPinned" : false,
    "name" : "jp.co.vantiq.designpattern.StreamToBulkInsert_InputStream_EventHandler",
    "pane" : {
      "c" : 0,
      "r" : 1
    },
    "resourceKey" : "app/jp.co.vantiq.designpattern.StreamToBulkInsert_InputStream_EventHandler",
    "state" : 2,
    "toolOptions" : { },
    "type" : 15
  }, {
    "isPinned" : false,
    "name" : "jp.co.vantiq.designpattern.TargetTable",
    "pane" : {
      "c" : -1,
      "r" : -1
    },
    "resourceKey" : "type/jp.co.vantiq.designpattern.TargetTable",
    "state" : 4,
    "type" : 6
  }, {
    "isPinned" : false,
    "name" : "jp.co.vantiq.designpattern.test.StreamToBulkInsertTest",
    "pane" : {
      "c" : 1,
      "r" : 1
    },
    "resourceKey" : "app/jp.co.vantiq.designpattern.test.StreamToBulkInsertTest",
    "state" : 2,
    "toolOptions" : { },
    "type" : 15
  }, {
    "isPinned" : false,
    "name" : "jp.co.vantiq.designpattern.test.StreamToBulkInsertTest",
    "pane" : {
      "c" : 1,
      "r" : 0
    },
    "resourceKey" : "procedure/jp.co.vantiq.designpattern.test.StreamToBulkInsertTest",
    "state" : 2,
    "type" : 24
  }, {
    "dockLocation" : "top",
    "isPinned" : false,
    "name" : "非アクティブ ペイン",
    "type" : 99
  } ],
  "type" : "dev",
  "views" : [ {
    "name" : "Project Contents",
    "projectToolKeys" : [ "errorviewer/Errors", "grafana/Grafana", "grafana/Grafana(1)", "logviewer/Log メッセージ", "list/Project Contents", "projectdescription/Project を説明", "app/jp.co.vantiq.designpattern.StreamToBulk", "services/jp.co.vantiq.designpattern.StreamToBulkInsert", "cmeditorprocedure/jp.co.vantiq.designpattern.StreamToBulkInsert.accumulateRecs", "app/jp.co.vantiq.designpattern.StreamToBulkInsert_InputStream_EventHandler", "subtypeeditor/jp.co.vantiq.designpattern.TargetTable", "app/jp.co.vantiq.designpattern.test.StreamToBulkInsertTest", "cmeditorprocedure/jp.co.vantiq.designpattern.test.StreamToBulkInsertTest", "tiledock/非アクティブ ペイン" ]
  } ]
}