{
  "ars_relationships" : [ ],
  "links" : [ {
    "source" : "procedure/select1",
    "target" : "type/Members"
  }, {
    "source" : "procedure/select2",
    "target" : "type/Members"
  }, {
    "source" : "procedure/select3",
    "target" : "type/Members"
  }, {
    "source" : "procedure/select4",
    "target" : "type/Members"
  }, {
    "source" : "procedure/select5",
    "target" : "type/Members"
  }, {
    "source" : "procedure/select6",
    "target" : "type/Members"
  }, {
    "source" : "procedure/select7",
    "target" : "type/Members"
  }, {
    "source" : "procedure/select8",
    "target" : "type/Members"
  }, {
    "source" : "procedure/insert1",
    "target" : "type/Members"
  }, {
    "source" : "procedure/insert2",
    "target" : "type/Members"
  }, {
    "source" : "procedure/insert3",
    "target" : "type/Members"
  }, {
    "source" : "procedure/update1",
    "target" : "type/Members"
  }, {
    "source" : "procedure/update2",
    "target" : "type/Members"
  }, {
    "source" : "procedure/upsert1",
    "target" : "type/Members"
  }, {
    "source" : "procedure/upsert2",
    "target" : "type/Members"
  }, {
    "source" : "procedure/upsert3",
    "target" : "type/Members"
  }, {
    "source" : "procedure/delete1",
    "target" : "type/Members"
  }, {
    "source" : "procedure/bulk1",
    "target" : "type/Members"
  }, {
    "source" : "procedure/bulk2",
    "target" : "type/Members"
  } ],
  "name" : "VAIL_Type",
  "options" : {
    "description" : "",
    "dockCollapsed" : {
      "bottom" : false,
      "left" : false,
      "right" : false,
      "top" : false,
      "viewtabs" : false
    },
    "dockDimensions" : {
      "bottom" : 200,
      "debug" : [ 0, 0, 0 ],
      "left" : 210,
      "right" : 220,
      "top" : 0,
      "viewtabs" : 0
    },
    "dockSort" : 1,
    "filterBitArray" : "ffffffffffffffffffffffffffffffff",
    "isModeloProject" : true,
    "layoutStyle" : "tile",
    "openFolders" : [ "procedure", "type" ],
    "rootViewFlavor" : 5,
    "showGrid" : true,
    "tileColumns" : 2,
    "tileRows" : 1,
    "type" : "dev",
    "v" : 5,
    "viewUUID" : "MAINVIEW"
  },
  "partitions" : [ ],
  "resources" : [ {
    "name" : "Members",
    "resourceReference" : "/types/Members",
    "timestamp" : "2023-11-20T02:31:36.753Z",
    "type" : 1
  }, {
    "name" : "bulk1",
    "procedureName" : "bulk1",
    "resourceReference" : "/procedures/bulk1",
    "timestamp" : "2023-11-20T03:44:25.721Z",
    "type" : 3
  }, {
    "name" : "bulk2",
    "procedureName" : "bulk2",
    "resourceReference" : "/procedures/bulk2",
    "timestamp" : "2023-11-20T03:45:06.398Z",
    "type" : 3
  }, {
    "label" : "delete1",
    "name" : "delete1",
    "procedureName" : "delete1",
    "resourceReference" : "/procedures/delete1",
    "timestamp" : "2023-11-20T03:40:25.776Z",
    "type" : 3
  }, {
    "label" : "insert1",
    "name" : "insert1",
    "procedureName" : "insert1",
    "resourceReference" : "/procedures/insert1",
    "timestamp" : "2023-11-20T03:40:58.384Z",
    "type" : 3
  }, {
    "label" : "insert2",
    "name" : "insert2",
    "procedureName" : "insert2",
    "resourceReference" : "/procedures/insert2",
    "timestamp" : "2023-11-20T03:41:08.191Z",
    "type" : 3
  }, {
    "label" : "insert3",
    "name" : "insert3",
    "procedureName" : "insert3",
    "resourceReference" : "/procedures/insert3",
    "timestamp" : "2023-11-20T03:41:03.420Z",
    "type" : 3
  }, {
    "label" : "select1",
    "name" : "select1",
    "procedureName" : "select1",
    "resourceReference" : "/procedures/select1",
    "timestamp" : "2023-11-20T03:41:13.839Z",
    "type" : 3
  }, {
    "label" : "select2",
    "name" : "select2",
    "procedureName" : "select2",
    "resourceReference" : "/procedures/select2",
    "timestamp" : "2023-11-20T03:41:20.445Z",
    "type" : 3
  }, {
    "label" : "select3",
    "name" : "select3",
    "procedureName" : "select3",
    "resourceReference" : "/procedures/select3",
    "timestamp" : "2023-11-20T03:41:30.539Z",
    "type" : 3
  }, {
    "label" : "select4",
    "name" : "select4",
    "procedureName" : "select4",
    "resourceReference" : "/procedures/select4",
    "timestamp" : "2023-11-20T03:41:28.407Z",
    "type" : 3
  }, {
    "label" : "select5",
    "name" : "select5",
    "procedureName" : "select5",
    "resourceReference" : "/procedures/select5",
    "timestamp" : "2023-11-20T03:41:44.811Z",
    "type" : 3
  }, {
    "label" : "select6",
    "name" : "select6",
    "procedureName" : "select6",
    "resourceReference" : "/procedures/select6",
    "timestamp" : "2023-11-20T03:41:42.992Z",
    "type" : 3
  }, {
    "label" : "select7",
    "name" : "select7",
    "procedureName" : "select7",
    "resourceReference" : "/procedures/select7",
    "timestamp" : "2023-11-20T03:42:01.678Z",
    "type" : 3
  }, {
    "label" : "select8",
    "name" : "select8",
    "procedureName" : "select8",
    "resourceReference" : "/procedures/select8",
    "timestamp" : "2023-11-20T03:41:59.244Z",
    "type" : 3
  }, {
    "label" : "update1",
    "name" : "update1",
    "procedureName" : "update1",
    "resourceReference" : "/procedures/update1",
    "timestamp" : "2023-11-20T03:40:48.966Z",
    "type" : 3
  }, {
    "label" : "update2",
    "name" : "update2",
    "procedureName" : "update2",
    "resourceReference" : "/procedures/update2",
    "timestamp" : "2023-11-20T03:40:43.805Z",
    "type" : 3
  }, {
    "label" : "upsert1",
    "name" : "upsert1",
    "procedureName" : "upsert1",
    "resourceReference" : "/procedures/upsert1",
    "timestamp" : "2023-11-20T03:40:32.107Z",
    "type" : 3
  }, {
    "label" : "upsert2",
    "name" : "upsert2",
    "procedureName" : "upsert2",
    "resourceReference" : "/procedures/upsert2",
    "timestamp" : "2023-11-20T03:40:37.268Z",
    "type" : 3
  }, {
    "label" : "upsert3",
    "name" : "upsert3",
    "procedureName" : "upsert3",
    "resourceReference" : "/procedures/upsert3",
    "timestamp" : "2023-11-20T03:40:20.500Z",
    "type" : 3
  } ],
  "tools" : [ {
    "isPinned" : false,
    "name" : "Errors",
    "type" : 13
  }, {
    "isPinned" : false,
    "name" : "Members",
    "pane" : {
      "c" : 0,
      "r" : 0
    },
    "resourceKey" : "type/Members",
    "state" : 2,
    "type" : 6
  }, {
    "isPinned" : false,
    "name" : "Project Contents",
    "type" : 2
  }, {
    "isPinned" : false,
    "name" : "delete1",
    "pane" : {
      "c" : -1,
      "r" : -1
    },
    "resourceKey" : "procedure/delete1",
    "state" : 4,
    "type" : 24
  }, {
    "isPinned" : false,
    "name" : "insert1",
    "pane" : {
      "c" : -1,
      "r" : -1
    },
    "resourceKey" : "procedure/insert1",
    "state" : 4,
    "type" : 24
  }, {
    "isPinned" : false,
    "name" : "insert2",
    "pane" : {
      "c" : -1,
      "r" : -1
    },
    "resourceKey" : "procedure/insert2",
    "state" : 4,
    "type" : 24
  }, {
    "isPinned" : false,
    "name" : "insert3",
    "pane" : {
      "c" : -1,
      "r" : -1
    },
    "resourceKey" : "procedure/insert3",
    "state" : 4,
    "type" : 24
  }, {
    "isPinned" : false,
    "name" : "select1",
    "pane" : {
      "c" : -1,
      "r" : -1
    },
    "resourceKey" : "procedure/select1",
    "state" : 4,
    "type" : 24
  }, {
    "isPinned" : false,
    "name" : "select2",
    "pane" : {
      "c" : -1,
      "r" : -1
    },
    "resourceKey" : "procedure/select2",
    "state" : 4,
    "type" : 24
  }, {
    "isPinned" : false,
    "name" : "update1",
    "pane" : {
      "c" : -1,
      "r" : -1
    },
    "resourceKey" : "procedure/update1",
    "state" : 4,
    "type" : 24
  }, {
    "isPinned" : false,
    "name" : "update2",
    "pane" : {
      "c" : -1,
      "r" : -1
    },
    "resourceKey" : "procedure/update2",
    "state" : 4,
    "type" : 24
  }, {
    "isPinned" : false,
    "name" : "upsert1",
    "pane" : {
      "c" : -1,
      "r" : -1
    },
    "resourceKey" : "procedure/upsert1",
    "state" : 4,
    "type" : 24
  }, {
    "isPinned" : false,
    "name" : "upsert2",
    "pane" : {
      "c" : -1,
      "r" : -1
    },
    "resourceKey" : "procedure/upsert2",
    "state" : 4,
    "type" : 24
  }, {
    "isPinned" : false,
    "name" : "upsert3",
    "pane" : {
      "c" : -1,
      "r" : -1
    },
    "resourceKey" : "procedure/upsert3",
    "state" : 4,
    "type" : 24
  }, {
    "dockLocation" : "top",
    "isPinned" : false,
    "name" : "非アクティブ ペイン",
    "type" : 99
  } ],
  "type" : "dev",
  "views" : [ {
    "name" : "Project Contents",
    "projectToolKeys" : [ "errorviewer/Errors", "subtypeeditor/Members", "list/Project Contents", "cmeditorprocedure/delete1", "cmeditorprocedure/insert1", "cmeditorprocedure/insert2", "cmeditorprocedure/insert3", "cmeditorprocedure/select1", "cmeditorprocedure/select2", "cmeditorprocedure/update1", "cmeditorprocedure/update2", "cmeditorprocedure/upsert1", "cmeditorprocedure/upsert2", "cmeditorprocedure/upsert3", "tiledock/非アクティブ ペイン" ]
  } ]
}