{
  "ars_relationships" : [ ],
  "links" : [ {
    "source" : "app/jp.co.vantiq.designpattern.test.TestMementoSave",
    "target" : "services/jp.co.vantiq.designpattern.test.TestMementoSave"
  }, {
    "source" : "services/jp.co.vantiq.designpattern.test.TestMementoSave",
    "target" : "app/jp.co.vantiq.designpattern.test.TestMementoSave"
  }, {
    "source" : "app/jp.co.vantiq.designpattern.test.TestMememoLoad",
    "target" : "services/jp.co.vantiq.designpattern.test.TestMememoLoad"
  }, {
    "source" : "services/jp.co.vantiq.designpattern.test.TestMememoLoad",
    "target" : "app/jp.co.vantiq.designpattern.test.TestMememoLoad"
  }, {
    "source" : "services/jp.co.vantiq.designpattern.memento.Memento",
    "target" : "document/jp.co.vantiq.designpattern.memento.Memento.js"
  }, {
    "source" : "services/jp.co.vantiq.designpattern.memento.Memento",
    "target" : "procedure/jp.co.vantiq.designpattern.memento.Memento.load"
  }, {
    "source" : "procedure/jp.co.vantiq.designpattern.memento.Memento.load",
    "target" : "services/jp.co.vantiq.designpattern.memento.Memento"
  }, {
    "source" : "services/jp.co.vantiq.designpattern.memento.Memento",
    "target" : "procedure/jp.co.vantiq.designpattern.memento.Memento.save"
  }, {
    "source" : "procedure/jp.co.vantiq.designpattern.memento.Memento.save",
    "target" : "services/jp.co.vantiq.designpattern.memento.Memento"
  }, {
    "source" : "procedure/jp.co.vantiq.designpattern.memento.Memento.load",
    "target" : "type/jp.co.vantiq.designpattern.memento.Memento"
  }, {
    "source" : "procedure/jp.co.vantiq.designpattern.memento.Memento.save",
    "target" : "type/jp.co.vantiq.designpattern.memento.Memento"
  }, {
    "source" : "topic//jp.co.vantiq.designpattern.test/initiateMementoLoad",
    "target" : "services/jp.co.vantiq.designpattern.test.TestMememoLoad"
  }, {
    "source" : "topic//jp.co.vantiq.designpattern.test/initiateMementoLoad",
    "target" : "app/jp.co.vantiq.designpattern.test.TestMememoLoad"
  }, {
    "source" : "app/jp.co.vantiq.designpattern.test.TestMementoSave",
    "target" : "procedure/jp.co.vantiq.designpattern.test.MementoDummyData"
  }, {
    "source" : "app/jp.co.vantiq.designpattern.test.TestMementoSave",
    "target" : "type/jp.co.vantiq.designpattern.memento.Memento"
  }, {
    "source" : "topic//jp.co.vantiq.designpattern.test/initiateMememoSave",
    "target" : "app/jp.co.vantiq.designpattern.test.TestMementoSave"
  }, {
    "source" : "topic//jp.co.vantiq.designpattern.test/initiateMememoSave",
    "target" : "services/jp.co.vantiq.designpattern.test.TestMementoSave"
  }, {
    "source" : "app/jp.co.vantiq.designpattern.test.TestMememoLoad",
    "target" : "services/jp.co.vantiq.designpattern.memento.Memento"
  }, {
    "source" : "app/jp.co.vantiq.designpattern.test.TestMememoLoad",
    "target" : "procedure/jp.co.vantiq.designpattern.memento.Memento.load"
  }, {
    "source" : "app/jp.co.vantiq.designpattern.test.TestMememoLoad",
    "target" : "procedure/jp.co.vantiq.designpattern.test.getCount"
  } ],
  "name" : "Memento",
  "options" : {
    "description" : "# Memento Pattern\n\n- Saves the snapshot of the file or a dataset. \n- The saved data is in Type and is deleted after the designated time has passed.\n\n\n# How to run the test\n1. Open App jp.co.vantiq.designpattern.test.TestMementoSave \n4. Open Topic /jp.co.vantiq.designpattern.test/initiateMementoSave and publish. Observe the event process in the App\n3. Open App jp.co.vantiq.designpattern.test.TestMememoLoad\n4. Open Topic /jp.co.vantiq.designpattern.test/initiateMementoLoad and publish. Observe the event process in the App\n\nNote: Do not directly open and Show records in Type: jp.co.vantiq.designpattern.test.MementoType as it takes a long time to load the large data.",
    "dockCollapsed" : {
      "bottom" : false,
      "left" : false,
      "right" : false,
      "top" : false,
      "viewtabs" : false
    },
    "dockDimensions" : {
      "bottom" : 200,
      "debug" : [ 1055.5, 1259.6394418000864 ],
      "left" : 352,
      "right" : 220,
      "top" : 0,
      "viewtabs" : 0
    },
    "dockSort" : 1,
    "exclusionList" : [ "app/jp.co.vantiq.designpattern.AddToBufferEH", "app/jp.co.vantiq.designpattern.BufferService_OnClockTick_EventHandler", "app/jp.co.vantiq.designpattern.OnClockEH", "app/jp.co.vantiq.designpattern.test.TestSmoothUnwind", "app/jp.co.vantiq.designpattern.upsertstate.TestJoinedState", "app/jp.co.vantiq.smoothtest.SmoothTest_initiate_EventHandler", "document/jp.co.vantiq.designpattern.SmoothUnwindService.js", "document/jp.co.vantiq.designpattern.test.TestMememoLoad.js", "document/jp.co.vantiq.designpattern.test.TestSmoothUnwind.js", "document/jp.co.vantiq.designpattern.upsertstate.UpsertState.js", "document/jp.co.vantiq.smoothtest.SmoothTest.js", "procedure/jp.co.vantiq.designpattern.SmoothUnwindService.ReadBuffer", "procedure/jp.co.vantiq.designpattern.SmoothUnwindService.WriteBuffer", "procedure/jp.co.vantiq.designpattern.SmoothUnwindService.getCurrentBufferSize", "procedure/jp.co.vantiq.designpattern.test.TestMememoLoad.getState", "procedure/jp.co.vantiq.designpattern.test.TestMememoLoad.test", "procedure/jp.co.vantiq.designpattern.test.TestMememoLoad.upsertState", "procedure/jp.co.vantiq.designpattern.test.loadMememnto", "procedure/jp.co.vantiq.designpattern.upsertstate.UpsertState.UpsertStateDummyData", "procedure/jp.co.vantiq.designpattern.upsertstate.UpsertState.bulkUpsertState", "procedure/jp.co.vantiq.designpattern.upsertstate.UpsertState.getState", "procedure/jp.co.vantiq.designpattern.upsertstate.UpsertState.getjoinedState", "procedure/jp.co.vantiq.designpattern.upsertstate.UpsertState.upsertState", "procedure/jp.co.vantiq.smoothtest.loadCsv", "procedure/jp.co.vantiq.smoothtest.load_asso_log", "procedure/jp.co.vantiq.smoothtest.load_traf_log", "procedure/procedure_name_here", "scheduledevent/jp.co.vantiq.designpattern.ClockTick", "services/jp.co.vantiq.designpattern.BufferService", "services/jp.co.vantiq.designpattern.SmoothUnwindService", "services/jp.co.vantiq.designpattern.upsertstate.UpsertState", "services/jp.co.vantiq.smoothtest.SmoothTest", "source/jp.co.vantiq.smoothtest.AssoTra", "topic//jp.co.vantiq.designpattern.BufferService/OnClockTick/handler/inbound", "topic//jp.co.vantiq.designpattern.SmoothUnwindService/AddXXXToBuffer/handler/inbound", "topic//jp.co.vantiq.designpattern.SmoothUnwindService/AddYYYToBuffer/handler/inbound", "topic//jp.co.vantiq.designpattern.SmoothUnwindService/Clock/handler/inbound", "topic//jp.co.vantiq.designpattern.SmoothUnwindService/OutputXXXBufffer/outbound", "topic//jp.co.vantiq.designpattern.SmoothUnwindService/OutputYYYBuffer/outbound", "topic//jp.co.vantiq.designpattern.memento/initiateMememoSave", "topic//jp.co.vantiq.designpattern.upsertstate.UpsertState/TestJoinedState/handler/inbound", "topic//jp.co.vantiq.designpattern/smoothunwind/initiate", "topic//jp.co.vantiq.designpattern/smoothunwind/initiateMememoSave", "topic//jp.co.vantiq.designpattern/smoothunwind/initiateMementoLoad", "topic//jp.co.vantiq.designpattern/test/initiateMementoLoad", "topic//jp.co.vantiq.smoothtest.SmoothTest/initiate/handler/inbound", "type/jp.co.vantiq.designpattern.BufferService_Global", "type/jp.co.vantiq.designpattern.SmoothUnwindService_Global", "type/jp.co.vantiq.designpattern.test.MementoType", "type/jp.co.vantiq.designpattern.test.TestMememoLoad_Global", "type/jp.co.vantiq.designpattern.upsertstate.UpsertState_Global", "type/jp.co.vantiq.smoothtest.SmoothTest_Global" ],
    "filterBitArray" : "ffffffffffffffffffffffffffffffff",
    "isModeloProject" : true,
    "layoutStyle" : "tile",
    "openFolders" : [ "document", "jp.co.vantiq.designpattern", "jp.co.vantiq.designpattern.memento", "jp.co.vantiq.designpattern.memento/services", "jp.co.vantiq.designpattern.test", "jp.co.vantiq.designpattern.test/app", "jp.co.vantiq.designpattern.test/procedure", "jp.co.vantiq.designpattern.test/services", "jp.co.vantiq.designpattern.test/topic", "services/jp.co.vantiq.designpattern.memento.Memento", "services/jp.co.vantiq.designpattern.test.TestMememoLoad" ],
    "rootViewFlavor" : 5,
    "showGrid" : true,
    "tileColumns" : 3,
    "tileRows" : 2,
    "type" : "dev",
    "v" : 5,
    "viewUUID" : "MAINVIEW"
  },
  "resources" : [ {
    "label" : "/jp.co.vantiq.designpattern.test/initiateMememoSave",
    "name" : "/jp.co.vantiq.designpattern.test/initiateMememoSave",
    "resourceReference" : "/topics//jp.co.vantiq.designpattern.test/initiateMememoSave",
    "type" : 10
  }, {
    "label" : "/jp.co.vantiq.designpattern.test/initiateMementoLoad",
    "name" : "/jp.co.vantiq.designpattern.test/initiateMementoLoad",
    "resourceReference" : "/topics//jp.co.vantiq.designpattern.test/initiateMementoLoad",
    "type" : 10
  }, {
    "name" : "jp.co.vantiq.designpattern.SmoothUnwindService.js",
    "resourceReference" : "/documents/jp.co.vantiq.designpattern.SmoothUnwindService.js",
    "timestamp" : "2022-09-22T00:24:37.289Z",
    "type" : 19
  }, {
    "label" : "jp.co.vantiq.designpattern.memento.Memento",
    "name" : "jp.co.vantiq.designpattern.memento.Memento",
    "resourceReference" : "/system.services/jp.co.vantiq.designpattern.memento.Memento",
    "timestamp" : "2022-10-10T05:24:38.855Z",
    "type" : 63
  }, {
    "label" : "jp.co.vantiq.designpattern.memento.Memento",
    "name" : "jp.co.vantiq.designpattern.memento.Memento",
    "resourceReference" : "/types/jp.co.vantiq.designpattern.memento.Memento",
    "timestamp" : "2022-10-10T05:24:38.346Z",
    "type" : 1
  }, {
    "label" : "jp.co.vantiq.designpattern.memento.Memento.js",
    "name" : "jp.co.vantiq.designpattern.memento.Memento.js",
    "resourceReference" : "/documents/jp.co.vantiq.designpattern.memento.Memento.js",
    "timestamp" : "2022-10-10T05:24:38.966Z",
    "type" : 19
  }, {
    "label" : "jp.co.vantiq.designpattern.memento.Memento.load",
    "name" : "jp.co.vantiq.designpattern.memento.Memento.load",
    "packageName" : "jp.co.vantiq.designpattern.memento",
    "procedureName" : "load",
    "resourceReference" : "/procedures/jp.co.vantiq.designpattern.memento.Memento.load",
    "serviceName" : "Memento",
    "timestamp" : "2022-10-10T05:24:39.191Z",
    "type" : 3
  }, {
    "label" : "jp.co.vantiq.designpattern.memento.Memento.save",
    "name" : "jp.co.vantiq.designpattern.memento.Memento.save",
    "packageName" : "jp.co.vantiq.designpattern.memento",
    "procedureName" : "save",
    "resourceReference" : "/procedures/jp.co.vantiq.designpattern.memento.Memento.save",
    "serviceName" : "Memento",
    "timestamp" : "2022-10-10T05:24:39.168Z",
    "type" : 3
  }, {
    "label" : "jp.co.vantiq.designpattern.test.MementoDummyData",
    "name" : "jp.co.vantiq.designpattern.test.MementoDummyData",
    "packageName" : "jp.co.vantiq.designpattern.test",
    "procedureName" : "MementoDummyData",
    "resourceReference" : "/procedures/jp.co.vantiq.designpattern.test.MementoDummyData",
    "timestamp" : "2022-10-10T05:24:39.165Z",
    "type" : 3
  }, {
    "label" : "jp.co.vantiq.designpattern.test.TestMememoLoad",
    "name" : "jp.co.vantiq.designpattern.test.TestMememoLoad",
    "resourceReference" : "/collaborationtypes/jp.co.vantiq.designpattern.test.TestMememoLoad",
    "timestamp" : "2022-10-10T05:24:40.055Z",
    "type" : 12
  }, {
    "label" : "jp.co.vantiq.designpattern.test.TestMememoLoad",
    "name" : "jp.co.vantiq.designpattern.test.TestMememoLoad",
    "resourceReference" : "/system.services/jp.co.vantiq.designpattern.test.TestMememoLoad",
    "timestamp" : "2022-10-10T05:24:40.311Z",
    "type" : 63
  }, {
    "label" : "jp.co.vantiq.designpattern.test.TestMementoSave",
    "name" : "jp.co.vantiq.designpattern.test.TestMementoSave",
    "resourceReference" : "/collaborationtypes/jp.co.vantiq.designpattern.test.TestMementoSave",
    "timestamp" : "2022-10-10T05:24:40.056Z",
    "type" : 12
  }, {
    "label" : "jp.co.vantiq.designpattern.test.TestMementoSave",
    "name" : "jp.co.vantiq.designpattern.test.TestMementoSave",
    "resourceReference" : "/system.services/jp.co.vantiq.designpattern.test.TestMementoSave",
    "timestamp" : "2022-10-10T05:24:40.289Z",
    "type" : 63
  }, {
    "label" : "jp.co.vantiq.designpattern.test.getCount",
    "name" : "jp.co.vantiq.designpattern.test.getCount",
    "packageName" : "jp.co.vantiq.designpattern.test",
    "procedureName" : "getCount",
    "resourceReference" : "/procedures/jp.co.vantiq.designpattern.test.getCount",
    "timestamp" : "2022-10-10T05:24:39.172Z",
    "type" : 3
  } ],
  "tools" : [ {
    "isPinned" : true,
    "name" : "/jp.co.vantiq.designpattern.test/initiateMememoSave",
    "pane" : {
      "c" : 1,
      "r" : 0
    },
    "resourceKey" : "topic//jp.co.vantiq.designpattern.test/initiateMememoSave",
    "state" : 2,
    "type" : 8
  }, {
    "isPinned" : true,
    "name" : "/jp.co.vantiq.designpattern.test/initiateMementoLoad",
    "pane" : {
      "c" : 1,
      "r" : 1
    },
    "resourceKey" : "topic//jp.co.vantiq.designpattern.test/initiateMementoLoad",
    "state" : 2,
    "type" : 8
  }, {
    "isPinned" : false,
    "name" : "Documents",
    "pane" : {
      "c" : 0,
      "r" : 1
    },
    "state" : 2,
    "type" : 26
  }, {
    "isPinned" : false,
    "name" : "Errors",
    "type" : 13
  }, {
    "isPinned" : false,
    "name" : "Log メッセージ",
    "type" : 12
  }, {
    "isPinned" : false,
    "name" : "Project Contents",
    "type" : 2
  }, {
    "isPinned" : true,
    "name" : "Project を説明",
    "pane" : {
      "c" : 0,
      "r" : 0
    },
    "state" : 2,
    "type" : 82
  }, {
    "isPinned" : true,
    "name" : "jp.co.vantiq.designpattern.test.TestMememoLoad",
    "pane" : {
      "c" : 2,
      "r" : 1
    },
    "resourceKey" : "app/jp.co.vantiq.designpattern.test.TestMememoLoad",
    "state" : 2,
    "toolOptions" : { },
    "type" : 15
  }, {
    "isPinned" : true,
    "name" : "jp.co.vantiq.designpattern.test.TestMementoSave",
    "pane" : {
      "c" : 2,
      "r" : 0
    },
    "resourceKey" : "app/jp.co.vantiq.designpattern.test.TestMementoSave",
    "state" : 2,
    "toolOptions" : { },
    "type" : 15
  }, {
    "dockLocation" : "top",
    "isPinned" : false,
    "name" : "非アクティブ ペイン",
    "type" : 99
  } ],
  "type" : "dev",
  "views" : [ {
    "name" : "Project Contents",
    "projectToolKeys" : [ "subtopiceditor//jp.co.vantiq.designpattern.test/initiateMememoSave", "subtopiceditor//jp.co.vantiq.designpattern.test/initiateMementoLoad", "documents/Documents", "errorviewer/Errors", "logviewer/Log メッセージ", "list/Project Contents", "projectdescription/Project を説明", "app/jp.co.vantiq.designpattern.test.TestMememoLoad", "app/jp.co.vantiq.designpattern.test.TestMementoSave", "tiledock/非アクティブ ペイン" ]
  } ]
}