{
  "ars_relationships" : [ ],
  "events" : [ {
    "duration" : 3600000,
    "interval" : 31000,
    "iterations" : null,
    "op" : null,
    "resource" : "/topics/jp.co.vantiq.designpattern/control/inbound",
    "ruleList" : [ {
      "name" : "controlCode",
      "rule" : {
        "randomSet" : [ "on", "off" ]
      }
    }, {
      "name" : "machineID",
      "rule" : {
        "randomSet" : [ "1", "2", "3" ]
      }
    }, {
      "name" : "timestamp",
      "rule" : {
        "NOW" : null
      }
    } ]
  }, {
    "duration" : 3600000,
    "interval" : 17000,
    "iterations" : null,
    "op" : null,
    "resource" : "/topics/jp.co.vantiq.designpattern/humidity/inbound",
    "ruleList" : [ {
      "name" : "humidity",
      "rule" : {
        "randomRange" : [ 30, 80 ]
      }
    }, {
      "name" : "machineID",
      "rule" : {
        "randomSet" : [ "1", "2", "3" ]
      }
    }, {
      "name" : "timestamp",
      "rule" : {
        "NOW" : null
      }
    } ]
  }, {
    "duration" : 3600000,
    "interval" : 13000,
    "iterations" : null,
    "op" : null,
    "resource" : "/topics/jp.co.vantiq.designpattern/temperature/inbound",
    "ruleList" : [ {
      "name" : "machineID",
      "rule" : {
        "randomSet" : [ "1", "2", "3" ]
      }
    }, {
      "name" : "temp",
      "rule" : {
        "randomRange" : [ 15, 28 ]
      }
    }, {
      "name" : "timestamp",
      "rule" : {
        "NOW" : null
      }
    } ]
  } ],
  "name" : "jp.co.vantiq.designpattern.TransposeEventGenerator"
}