{
  "active" : true,
  "appType" : true,
  "ars_properties" : {
    "dataVersion" : 5,
    "graph" : {
      "coordinates" : {
        "3a668668-aee9-48e4-a85f-e2900911dfc2" : {
          "x" : 0,
          "y" : 80
        },
        "405babf0-c201-434f-85dc-e185a1e79230" : {
          "x" : 0,
          "y" : 160
        },
        "50e240a3-106c-4429-85a5-330f57896722" : {
          "x" : 0,
          "y" : 0
        }
      },
      "lastZoomRequest" : 0,
      "scale" : 1.5705401528516356,
      "translate" : [ 266.8527007642582, 190.40149490674503 ]
    },
    "groupSettings" : {
      "appGroupOpenHash" : {
        "actions" : true,
        "filters" : true,
        "flowControl" : true,
        "modifiers" : true
      },
      "ctGroupOpenHash" : {
        "actions" : true,
        "mobile" : true
      },
      "ctServiceOpen" : false,
      "serviceGroupOpenHash" : { }
    }
  },
  "ars_relationships" : [ ],
  "assembly" : {
    "ConvertTemperature" : {
      "configuration" : {
        "childStreams" : [ "LogStream" ],
        "imports" : null,
        "parameters" : null,
        "parentStreams" : [ "Event" ],
        "partitionKey" : null,
        "procedure" : "convertTemperature",
        "redeliverOnError" : null,
        "returnBehavior" : "Use Return Value as Outbound event",
        "returnProperty" : null,
        "schema" : null
      },
      "downstreamReferences" : { },
      "name" : "ConvertTemperature",
      "pattern" : "Procedure",
      "patternVersion" : 3,
      "uuid" : "3a668668-aee9-48e4-a85f-e2900911dfc2"
    },
    "Event" : {
      "configuration" : {
        "childStreams" : [ "ConvertTemperature" ],
        "condition" : null,
        "eventTypeName" : null,
        "inboundResource" : "topics",
        "inboundResourceId" : "/debug/sample/app",
        "op" : null,
        "outboundResource" : null,
        "outboundResourceConfig" : null,
        "outboundResourceId" : null,
        "parentStreams" : [ ],
        "schema" : null,
        "upsert" : false
      },
      "downstreamReferences" : { },
      "name" : "Event",
      "pattern" : "EventStream",
      "patternVersion" : 4,
      "uuid" : "50e240a3-106c-4429-85a5-330f57896722"
    },
    "LogStream" : {
      "configuration" : {
        "level" : null,
        "parentStreams" : [ "ConvertTemperature" ]
      },
      "downstreamReferences" : { },
      "name" : "LogStream",
      "pattern" : "LogStream",
      "patternVersion" : 1,
      "uuid" : "405babf0-c201-434f-85dc-e185a1e79230"
    }
  },
  "collaboratorRoles" : [ ],
  "contextualizedAssembly" : { },
  "disableBadging" : false,
  "entityRoles" : [ ],
  "isComponent" : false,
  "isEventHandler" : false,
  "keyTypes" : [ "system.collaborations" ],
  "name" : "sampleApp"
}