{
  "links" : [ {
    "source" : "source/AMQP_EH",
    "target" : "app/EH_App"
  }, {
    "source" : "source/KAFKA_EH",
    "target" : "app/EH_App"
  }, {
    "source" : "procedure/eh_amqp_pub",
    "target" : "source/AMQP_EH"
  }, {
    "source" : "procedure/eh_kafka_pub",
    "target" : "source/KAFKA_EH"
  } ],
  "name" : "extConnAzure",
  "options" : {
    "description" : "このプロジェクトはドキュメントの内容に基づいて実装されたサンプルです。\n\n以下の部分をご自分の環境に合わせて書き換えてください。\n空欄だとエラーになるので、あえてダミーデータを定義しています。\n\n編集する場合 Properties タブを選択して Edit Config as JSON にチェックを入れると\n編集しやすくなります。\n\nそれぞれの Source を保存するときは Keep Active チャックボックスをチェックして\nSource がアクティブになることを確認します。\n\nSource: AMQP_EH\nserverURLs: <amqps://servicebus.windows.net:5671>\npassword: <password>\n\nSource: KAFKA_EH\nbootstrap.servers: <sb://servicebus.windows.net:9093>\nsasl.jaas.config: <> の中身\n\n上記の設定が終了したら接続テストをしてください。結果は下にスクロールして確認して\nください。\n\nAMQP の接続テスト: 右の Procedure の eh_amqp_pub を実行する\nKAFKA の接続テスト: 右の Procedure の eh_kafka_pub を実行する\n\n",
    "dockCollapsed" : {
      "bottom" : true,
      "left" : false,
      "right" : false,
      "top" : false,
      "viewtabs" : false
    },
    "dockDimensions" : {
      "bottom" : 200,
      "debug" : [ 0, 0, 0 ],
      "left" : 210,
      "right" : 220,
      "top" : 0,
      "viewtabs" : 0
    },
    "exclusionList" : [ "source/EH_AMQP_PUBSUB", "source/EH_KAFKA_PUBSUB", "source/EH_REST_PUBSUB" ],
    "filterBitArray" : "ffffffffffffffffffffffffffffffff",
    "isModeloProject" : true,
    "layoutStyle" : "custom",
    "openFolders" : [ "procedure", "source", "app" ],
    "rootViewFlavor" : 1,
    "showGrid" : true,
    "type" : "dev",
    "v" : 4,
    "viewUUID" : "MAINVIEW"
  },
  "resources" : [ {
    "inventory" : {
      "clientHash" : [ ],
      "clients" : [ ],
      "collaborationHash" : [ ],
      "collaborations" : [ ],
      "eventstreamHash" : [ ],
      "eventstreams" : [ ],
      "procedureHash" : [ ],
      "procedures" : [ ],
      "sourceHash" : [ ],
      "sources" : [ ],
      "systemmodelHash" : [ ],
      "systemmodels" : [ ],
      "topicHash" : [ ],
      "topics" : [ ],
      "typeHash" : [ ],
      "types" : [ ]
    },
    "label" : "AMQP_EH",
    "name" : "AMQP_EH",
    "resourceReference" : "/sources/AMQP_EH",
    "timestamp" : "2021-09-03T08:33:37.664Z",
    "type" : 4
  }, {
    "inventory" : {
      "clientHash" : [ ],
      "clients" : [ ],
      "collaborationHash" : [ ],
      "collaborations" : [ ],
      "eventstreamHash" : [ ],
      "eventstreams" : [ ],
      "procedureHash" : [ ],
      "procedures" : [ ],
      "sourceHash" : [ "in", "in" ],
      "sources" : [ "AMQP_EH", "KAFKA_EH" ],
      "systemmodelHash" : [ ],
      "systemmodels" : [ ],
      "topicHash" : [ ],
      "topics" : [ ],
      "typeHash" : [ ],
      "types" : [ ]
    },
    "label" : "EH_App",
    "name" : "EH_App",
    "resourceReference" : "/collaborationtypes/EH_App",
    "timestamp" : "2021-09-03T08:37:56.944Z",
    "type" : 12
  }, {
    "inventory" : {
      "clientHash" : [ ],
      "clients" : [ ],
      "collaborationHash" : [ ],
      "collaborations" : [ ],
      "eventstreamHash" : [ ],
      "eventstreams" : [ ],
      "procedureHash" : [ ],
      "procedures" : [ ],
      "sourceHash" : [ ],
      "sources" : [ ],
      "systemmodelHash" : [ ],
      "systemmodels" : [ ],
      "topicHash" : [ ],
      "topics" : [ ],
      "typeHash" : [ ],
      "types" : [ ]
    },
    "label" : "KAFKA_EH",
    "name" : "KAFKA_EH",
    "resourceReference" : "/sources/KAFKA_EH",
    "timestamp" : "2021-09-03T08:36:03.718Z",
    "type" : 4
  }, {
    "inventory" : {
      "clientHash" : [ ],
      "clients" : [ ],
      "collaborationHash" : [ ],
      "collaborations" : [ ],
      "eventstreamHash" : [ ],
      "eventstreams" : [ ],
      "procedureHash" : [ ],
      "procedures" : [ ],
      "sourceHash" : [ "out" ],
      "sources" : [ "AMQP_EH" ],
      "systemmodelHash" : [ ],
      "systemmodels" : [ ],
      "topicHash" : [ ],
      "topics" : [ ],
      "typeHash" : [ ],
      "types" : [ ]
    },
    "label" : "eh_amqp_pub",
    "name" : "eh_amqp_pub",
    "procedureName" : "eh_amqp_pub",
    "resourceReference" : "/procedures/eh_amqp_pub",
    "timestamp" : "2021-09-03T08:43:24.212Z",
    "type" : 3
  }, {
    "inventory" : {
      "clientHash" : [ ],
      "clients" : [ ],
      "collaborationHash" : [ ],
      "collaborations" : [ ],
      "eventstreamHash" : [ ],
      "eventstreams" : [ ],
      "procedureHash" : [ ],
      "procedures" : [ ],
      "sourceHash" : [ "out" ],
      "sources" : [ "KAFKA_EH" ],
      "systemmodelHash" : [ ],
      "systemmodels" : [ ],
      "topicHash" : [ ],
      "topics" : [ ],
      "typeHash" : [ ],
      "types" : [ ]
    },
    "label" : "eh_kafka_pub",
    "name" : "eh_kafka_pub",
    "procedureName" : "eh_kafka_pub",
    "resourceReference" : "/procedures/eh_kafka_pub",
    "timestamp" : "2021-09-03T08:43:36.085Z",
    "type" : 3
  } ],
  "tools" : [ {
    "isPinned" : false,
    "name" : "AMQP_EH",
    "pane" : {
      "h" : 650,
      "w" : 650,
      "x" : 10,
      "y" : 420
    },
    "resourceKey" : "source/AMQP_EH",
    "state" : 3,
    "type" : 5
  }, {
    "isPinned" : false,
    "name" : "EH_App",
    "pane" : {
      "h" : 500,
      "w" : 800,
      "x" : 10,
      "y" : 1080
    },
    "resourceKey" : "app/EH_App",
    "state" : 3,
    "toolOptions" : { },
    "type" : 15
  }, {
    "isPinned" : false,
    "name" : "Errors",
    "type" : 13
  }, {
    "dockLocation" : "top",
    "isPinned" : false,
    "name" : "Inactive Panes",
    "type" : 99
  }, {
    "isPinned" : false,
    "name" : "KAFKA_EH",
    "pane" : {
      "h" : 560,
      "w" : 730,
      "x" : 670,
      "y" : 420
    },
    "resourceKey" : "source/KAFKA_EH",
    "state" : 3,
    "type" : 5
  }, {
    "isPinned" : false,
    "name" : "Project Contents",
    "type" : 2
  }, {
    "isPinned" : false,
    "name" : "Project Description",
    "pane" : {
      "h" : 400,
      "w" : 650,
      "x" : 10,
      "y" : 10
    },
    "state" : 3,
    "type" : 82
  }, {
    "isPinned" : false,
    "name" : "eh_amqp_pub",
    "pane" : {
      "h" : 190,
      "w" : 730,
      "x" : 670,
      "y" : 10
    },
    "resourceKey" : "procedure/eh_amqp_pub",
    "state" : 3,
    "type" : 24
  }, {
    "isPinned" : false,
    "name" : "eh_kafka_pub",
    "pane" : {
      "h" : 200,
      "w" : 730,
      "x" : 670,
      "y" : 210
    },
    "resourceKey" : "procedure/eh_kafka_pub",
    "state" : 3,
    "type" : 24
  } ],
  "type" : "dev",
  "views" : [ {
    "name" : "Project Contents",
    "projectToolKeys" : [ "subsourceeditor/AMQP_EH", "app/EH_App", "errorviewer/Errors", "tiledock/Inactive Panes", "subsourceeditor/KAFKA_EH", "list/Project Contents", "projectdescription/Project Description", "cmeditorprocedure/eh_amqp_pub", "cmeditorprocedure/eh_kafka_pub" ]
  } ]
}