{
  "ars_relationships" : [ ],
  "links" : [ {
    "source" : "procedure/flowControlIf3",
    "target" : "procedure/compare"
  }, {
    "source" : "procedure/flowControlIf4",
    "target" : "procedure/compare"
  }, {
    "source" : "procedure/iterationForType",
    "target" : "type/Members"
  } ],
  "name" : "VAIL_Basic",
  "options" : {
    "description" : "",
    "dockCollapsed" : {
      "bottom" : false,
      "left" : false,
      "right" : false,
      "top" : false,
      "viewtabs" : false
    },
    "dockDimensions" : {
      "bottom" : 200,
      "debug" : [ 958.5, 958.5 ],
      "left" : 210,
      "right" : 220,
      "top" : 0,
      "viewtabs" : 0
    },
    "dockSort" : 1,
    "filterBitArray" : "ffffffffffffffffffffffffffffffff",
    "isModeloProject" : true,
    "layoutStyle" : "tile",
    "openFolders" : [ "procedure", "type" ],
    "rootViewFlavor" : 5,
    "showGrid" : true,
    "tileColumns" : 2,
    "tileRows" : 1,
    "type" : "dev",
    "v" : 5,
    "viewUUID" : "MAINVIEW"
  },
  "partitions" : [ ],
  "resources" : [ {
    "name" : "Members",
    "resourceReference" : "/types/Members",
    "timestamp" : "2023-09-26T09:20:56.678Z",
    "type" : 1
  }, {
    "label" : "binaryOperator",
    "name" : "binaryOperator",
    "procedureName" : "binaryOperator",
    "resourceReference" : "/procedures/binaryOperator",
    "timestamp" : "2023-09-26T07:32:30.498Z",
    "type" : 3
  }, {
    "label" : "binaryOperatorLog",
    "name" : "binaryOperatorLog",
    "procedureName" : "binaryOperatorLog",
    "resourceReference" : "/procedures/binaryOperatorLog",
    "timestamp" : "2023-09-26T07:32:28.538Z",
    "type" : 3
  }, {
    "label" : "commentOut",
    "name" : "commentOut",
    "procedureName" : "commentOut",
    "resourceReference" : "/procedures/commentOut",
    "timestamp" : "2023-09-26T07:23:19.690Z",
    "type" : 3
  }, {
    "label" : "compare",
    "name" : "compare",
    "procedureName" : "compare",
    "resourceReference" : "/procedures/compare",
    "timestamp" : "2023-09-26T08:42:05.114Z",
    "type" : 3
  }, {
    "label" : "declareVariable",
    "name" : "declareVariable",
    "procedureName" : "declareVariable",
    "resourceReference" : "/procedures/declareVariable",
    "timestamp" : "2023-09-26T07:24:22.297Z",
    "type" : 3
  }, {
    "label" : "flowControlIf1",
    "name" : "flowControlIf1",
    "procedureName" : "flowControlIf1",
    "resourceReference" : "/procedures/flowControlIf1",
    "timestamp" : "2023-09-26T07:34:49.463Z",
    "type" : 3
  }, {
    "label" : "flowControlIf2",
    "name" : "flowControlIf2",
    "procedureName" : "flowControlIf2",
    "resourceReference" : "/procedures/flowControlIf2",
    "timestamp" : "2023-09-26T07:34:43.970Z",
    "type" : 3
  }, {
    "label" : "flowControlIf3",
    "name" : "flowControlIf3",
    "procedureName" : "flowControlIf3",
    "resourceReference" : "/procedures/flowControlIf3",
    "timestamp" : "2023-09-26T09:28:19.276Z",
    "type" : 3
  }, {
    "label" : "flowControlIf4",
    "name" : "flowControlIf4",
    "procedureName" : "flowControlIf4",
    "resourceReference" : "/procedures/flowControlIf4",
    "timestamp" : "2023-09-26T08:49:32.835Z",
    "type" : 3
  }, {
    "name" : "flowControlTry",
    "procedureName" : "flowControlTry",
    "resourceReference" : "/procedures/flowControlTry",
    "timestamp" : "2023-09-26T09:30:37.620Z",
    "type" : 3
  }, {
    "label" : "iterationFor",
    "name" : "iterationFor",
    "procedureName" : "iterationFor",
    "resourceReference" : "/procedures/iterationFor",
    "timestamp" : "2023-09-26T09:17:00.764Z",
    "type" : 3
  }, {
    "label" : "iterationForType",
    "name" : "iterationForType",
    "procedureName" : "iterationForType",
    "resourceReference" : "/procedures/iterationForType",
    "timestamp" : "2023-09-26T09:19:46.154Z",
    "type" : 3
  }, {
    "label" : "iterationForUntil",
    "name" : "iterationForUntil",
    "procedureName" : "iterationForUntil",
    "resourceReference" : "/procedures/iterationForUntil",
    "timestamp" : "2023-09-26T09:18:02.042Z",
    "type" : 3
  }, {
    "label" : "logicalOperator",
    "name" : "logicalOperator",
    "procedureName" : "logicalOperator",
    "resourceReference" : "/procedures/logicalOperator",
    "timestamp" : "2023-09-26T07:31:59.731Z",
    "type" : 3
  }, {
    "label" : "logicalOperatorLog",
    "name" : "logicalOperatorLog",
    "procedureName" : "logicalOperatorLog",
    "resourceReference" : "/procedures/logicalOperatorLog",
    "timestamp" : "2023-09-26T07:31:30.979Z",
    "type" : 3
  }, {
    "name" : "vailArray",
    "procedureName" : "vailArray",
    "resourceReference" : "/procedures/vailArray",
    "timestamp" : "2023-09-26T09:25:02.819Z",
    "type" : 3
  }, {
    "label" : "vailSampleProcedure",
    "name" : "vailSampleProcedure",
    "procedureName" : "vailSampleProcedure",
    "resourceReference" : "/procedures/vailSampleProcedure",
    "timestamp" : "2023-09-26T07:24:56.394Z",
    "type" : 3
  }, {
    "label" : "vailTypes",
    "name" : "vailTypes",
    "procedureName" : "vailTypes",
    "resourceReference" : "/procedures/vailTypes",
    "timestamp" : "2023-09-26T07:26:29.207Z",
    "type" : 3
  } ],
  "tools" : [ {
    "isPinned" : false,
    "name" : "Errors",
    "type" : 13
  }, {
    "isPinned" : false,
    "name" : "Log メッセージ",
    "type" : 12
  }, {
    "isPinned" : false,
    "name" : "Project Contents",
    "type" : 2
  }, {
    "isPinned" : false,
    "name" : "binaryOperator",
    "pane" : {
      "c" : -1,
      "r" : -1
    },
    "resourceKey" : "procedure/binaryOperator",
    "state" : 4,
    "type" : 24
  }, {
    "isPinned" : false,
    "name" : "binaryOperatorLog",
    "pane" : {
      "c" : -1,
      "r" : -1
    },
    "resourceKey" : "procedure/binaryOperatorLog",
    "state" : 4,
    "type" : 24
  }, {
    "isPinned" : false,
    "name" : "commentOut",
    "pane" : {
      "c" : -1,
      "r" : -1
    },
    "resourceKey" : "procedure/commentOut",
    "state" : 4,
    "type" : 24
  }, {
    "isPinned" : false,
    "name" : "compare",
    "pane" : {
      "c" : -1,
      "r" : -1
    },
    "resourceKey" : "procedure/compare",
    "state" : 4,
    "type" : 24
  }, {
    "isPinned" : false,
    "name" : "declareVariable",
    "pane" : {
      "c" : -1,
      "r" : -1
    },
    "resourceKey" : "procedure/declareVariable",
    "state" : 4,
    "type" : 24
  }, {
    "isPinned" : false,
    "name" : "flowControlIf1",
    "pane" : {
      "c" : -1,
      "r" : -1
    },
    "resourceKey" : "procedure/flowControlIf1",
    "state" : 4,
    "type" : 24
  }, {
    "isPinned" : false,
    "name" : "flowControlIf2",
    "pane" : {
      "c" : -1,
      "r" : -1
    },
    "resourceKey" : "procedure/flowControlIf2",
    "state" : 4,
    "type" : 24
  }, {
    "isPinned" : false,
    "name" : "logicalOperator",
    "pane" : {
      "c" : -1,
      "r" : -1
    },
    "resourceKey" : "procedure/logicalOperator",
    "state" : 4,
    "type" : 24
  }, {
    "isPinned" : false,
    "name" : "logicalOperatorLog",
    "pane" : {
      "c" : -1,
      "r" : -1
    },
    "resourceKey" : "procedure/logicalOperatorLog",
    "state" : 4,
    "type" : 24
  }, {
    "isPinned" : false,
    "name" : "vailTypes",
    "pane" : {
      "c" : -1,
      "r" : -1
    },
    "resourceKey" : "procedure/vailTypes",
    "state" : 4,
    "type" : 24
  }, {
    "dockLocation" : "top",
    "isPinned" : false,
    "name" : "非アクティブ ペイン",
    "type" : 99
  } ],
  "type" : "dev",
  "views" : [ {
    "name" : "Project Contents",
    "projectToolKeys" : [ "errorviewer/Errors", "logviewer/Log メッセージ", "list/Project Contents", "cmeditorprocedure/binaryOperator", "cmeditorprocedure/binaryOperatorLog", "cmeditorprocedure/commentOut", "cmeditorprocedure/compare", "cmeditorprocedure/declareVariable", "cmeditorprocedure/flowControlIf1", "cmeditorprocedure/flowControlIf2", "cmeditorprocedure/logicalOperator", "cmeditorprocedure/logicalOperatorLog", "cmeditorprocedure/vailTypes", "tiledock/非アクティブ ペイン" ]
  } ]
}