{
  "active" : true,
  "appType" : true,
  "ars_properties" : {
    "dataVersion" : 5,
    "graph" : {
      "coordinates" : {
        "060e941d-56f2-4f6b-9dbe-8f42f00456b9" : {
          "x" : 14.805564880371094,
          "y" : 240
        },
        "1598c87f-0206-44a1-8124-ba338f97103f" : {
          "x" : 0,
          "y" : 80
        },
        "2c3e404a-3c81-40a5-8e80-29d816b25dd3" : {
          "x" : -167.93839263916016,
          "y" : 240
        },
        "61f7af13-8ff6-42a4-84bb-121940ddd568" : {
          "x" : 9.870376586914062,
          "y" : 320
        },
        "6d5f0eff-b617-4fcd-8a1b-957b30134ded" : {
          "x" : 0,
          "y" : 160
        },
        "6deafe31-fcde-4b2d-8df8-89fbf70bb262" : {
          "x" : 182.74395751953125,
          "y" : 240
        },
        "9de7f1a0-b285-4e20-96fe-5493ea2f930f" : {
          "x" : -167.93839263916016,
          "y" : 320
        },
        "f2039678-bb80-4217-8e57-494a50c37255" : {
          "x" : 182.74395751953125,
          "y" : 320
        },
        "ffffa466-b0ad-49e8-928f-65cbced49af5" : {
          "x" : 0,
          "y" : 0
        }
      },
      "lastZoomRequest" : 0,
      "scale" : 1.1933032838602307,
      "translate" : [ 316.17964902322706, 101.57147799643118 ]
    },
    "groupSettings" : {
      "appGroupOpenHash" : {
        "ServiceProcedures" : true,
        "modifiers" : true,
        "serviceevents" : true
      },
      "ctGroupOpenHash" : {
        "actions" : true,
        "mobile" : true
      },
      "ctServiceOpen" : false,
      "serviceGroupOpenHash" : { }
    },
    "isHidden" : false,
    "paletteWidth" : 170,
    "propertyWidth" : 280
  },
  "ars_relationships" : [ ],
  "assembly" : {
    "Enrich" : {
      "configuration" : {
        "associatedType" : "com.example.sorting_condition",
        "childStreams" : [ "Transformation" ],
        "foreignKeys" : {
          "code" : {
            "expression" : "event.code",
            "type" : "expression"
          }
        },
        "outboundResource" : null,
        "outboundResourceConfig" : null,
        "outboundResourceId" : null,
        "parentStreams" : [ "EventStream" ],
        "upsert" : false
      },
      "downstreamReferences" : { },
      "name" : "Enrich",
      "pattern" : "Enrich",
      "patternVersion" : 5,
      "uuid" : "1598c87f-0206-44a1-8124-ba338f97103f"
    },
    "EventStream" : {
      "configuration" : {
        "childStreams" : [ "Enrich" ],
        "eventTypeName" : "ReceiveBoxInfo",
        "inboundResource" : "services",
        "inboundResourceId" : "com.example.BoxSorter",
        "parentStreams" : [ ]
      },
      "downstreamReferences" : { },
      "name" : "EventStream",
      "pattern" : "EventStream",
      "patternVersion" : 5,
      "uuid" : "ffffa466-b0ad-49e8-928f-65cbced49af5"
    },
    "ExtractToKanagawa" : {
      "configuration" : {
        "childStreams" : [ "LogToKanagawa" ],
        "condition" : "event.center_id == 2",
        "imports" : null,
        "outboundResource" : null,
        "outboundResourceConfig" : null,
        "outboundResourceId" : null,
        "parentStreams" : [ "Transformation" ],
        "upsert" : false
      },
      "downstreamReferences" : { },
      "name" : "ExtractToKanagawa",
      "pattern" : "Filter",
      "patternVersion" : 5,
      "uuid" : "2c3e404a-3c81-40a5-8e80-29d816b25dd3"
    },
    "ExtractToSaitama" : {
      "configuration" : {
        "childStreams" : [ "LogToSaitama" ],
        "condition" : "event.center_id == 3",
        "imports" : null,
        "outboundResource" : null,
        "outboundResourceConfig" : null,
        "outboundResourceId" : null,
        "parentStreams" : [ "Transformation" ],
        "upsert" : false
      },
      "downstreamReferences" : { },
      "name" : "ExtractToSaitama",
      "pattern" : "Filter",
      "patternVersion" : 5,
      "uuid" : "060e941d-56f2-4f6b-9dbe-8f42f00456b9"
    },
    "ExtractToTokyo" : {
      "configuration" : {
        "childStreams" : [ "LogToTokyo" ],
        "condition" : "event.center_id == 1",
        "imports" : null,
        "outboundResource" : null,
        "outboundResourceConfig" : null,
        "outboundResourceId" : null,
        "parentStreams" : [ "Transformation" ],
        "upsert" : false
      },
      "downstreamReferences" : { },
      "name" : "ExtractToTokyo",
      "pattern" : "Filter",
      "patternVersion" : 5,
      "uuid" : "6deafe31-fcde-4b2d-8df8-89fbf70bb262"
    },
    "LogToKanagawa" : {
      "configuration" : {
        "level" : null,
        "parentStreams" : [ "ExtractToKanagawa" ]
      },
      "downstreamReferences" : { },
      "name" : "LogToKanagawa",
      "pattern" : "LogStream",
      "patternVersion" : 2,
      "uuid" : "9de7f1a0-b285-4e20-96fe-5493ea2f930f"
    },
    "LogToSaitama" : {
      "configuration" : {
        "level" : null,
        "parentStreams" : [ "ExtractToSaitama" ]
      },
      "downstreamReferences" : { },
      "name" : "LogToSaitama",
      "pattern" : "LogStream",
      "patternVersion" : 2,
      "uuid" : "61f7af13-8ff6-42a4-84bb-121940ddd568"
    },
    "LogToTokyo" : {
      "configuration" : {
        "level" : null,
        "parentStreams" : [ "ExtractToTokyo" ]
      },
      "downstreamReferences" : { },
      "name" : "LogToTokyo",
      "pattern" : "LogStream",
      "patternVersion" : 2,
      "uuid" : "f2039678-bb80-4217-8e57-494a50c37255"
    },
    "Transformation" : {
      "configuration" : {
        "childStreams" : [ "ExtractToTokyo", "ExtractToSaitama", "ExtractToKanagawa" ],
        "imports" : null,
        "outboundResource" : null,
        "outboundResourceConfig" : null,
        "outboundResourceId" : null,
        "parentStreams" : [ "Enrich" ],
        "schema" : null,
        "transformInPlace" : false,
        "transformation" : {
          "center_id" : {
            "expression" : "event.sorting_condition.center_id",
            "type" : "expression"
          },
          "center_name" : {
            "expression" : "event.sorting_condition.center_name",
            "type" : "expression"
          },
          "code" : {
            "expression" : "event.code",
            "type" : "expression"
          },
          "name" : {
            "expression" : "event.name",
            "type" : "expression"
          }
        },
        "upsert" : false
      },
      "downstreamReferences" : { },
      "name" : "Transformation",
      "pattern" : "Transformation",
      "patternVersion" : 5,
      "uuid" : "6d5f0eff-b617-4fcd-8a1b-957b30134ded"
    }
  },
  "contextualizedAssembly" : { },
  "disableBadging" : false,
  "isComponent" : false,
  "isEventHandler" : true,
  "keyTypes" : [ "system.collaborations" ],
  "name" : "com.example.BoxSorter.ReceiveBoxInfo"
}