{
  "ars_relationships" : [ ],
  "links" : [ {
    "source" : "services/jp.vantiq.Mattermost",
    "target" : "document/jp.vantiq.Mattermost.js"
  }, {
    "source" : "topic//jp.vantiq.mattermost/inbound",
    "target" : "app/jp.vantiq.Mattermost.inbound"
  }, {
    "source" : "app/jp.vantiq.Mattermost.inbound",
    "target" : "services/jp.vantiq.Mattermost"
  }, {
    "source" : "app/jp.vantiq.Mattermost.inbound",
    "target" : "procedure/jp.vantiq.Mattermost.AccumulateStateStateUpdate_inbound"
  }, {
    "source" : "services/jp.vantiq.Mattermost",
    "target" : "procedure/jp.vantiq.Mattermost.AccumulateStateStateReset_inbound"
  }, {
    "source" : "services/jp.vantiq.Mattermost",
    "target" : "procedure/jp.vantiq.Mattermost.AccumulateStateStateGet_inbound"
  }, {
    "source" : "services/jp.vantiq.Mattermost",
    "target" : "procedure/jp.vantiq.Mattermost.AccumulateStateStateUpdate_inbound"
  }, {
    "source" : "services/jp.vantiq.Mattermost",
    "target" : "type/jp.vantiq.Mattermost.PartitionedState"
  }, {
    "source" : "procedure/jp.vantiq.Mattermost.AccumulateStateStateUpdate_inbound",
    "target" : "services/jp.vantiq.Mattermost"
  }, {
    "source" : "procedure/jp.vantiq.Mattermost.AccumulateStateStateGet_inbound",
    "target" : "services/jp.vantiq.Mattermost"
  }, {
    "source" : "procedure/jp.vantiq.Mattermost.AccumulateStateStateReset_inbound",
    "target" : "services/jp.vantiq.Mattermost"
  }, {
    "source" : "semanticindex/SemanticIndexTest",
    "target" : "llm/GenerativeLLM"
  }, {
    "source" : "semanticindex/SemanticIndexTest",
    "target" : "llm/EmbeddingLLM"
  }, {
    "source" : "services/jp.vantiq.Mattermost",
    "target" : "procedure/jp.vantiq.Mattermost.SemanticSearch"
  }, {
    "source" : "procedure/jp.vantiq.Mattermost.SemanticSearch",
    "target" : "services/jp.vantiq.Mattermost"
  }, {
    "source" : "procedure/jp.vantiq.Mattermost.SendToMatterMost",
    "target" : "services/jp.vantiq.Mattermost"
  }, {
    "source" : "services/jp.vantiq.Mattermost",
    "target" : "procedure/jp.vantiq.Mattermost.SendToMatterMost"
  }, {
    "source" : "procedure/jp.vantiq.Mattermost.SendToMatterMost",
    "target" : "source/jp.vantiq.Mattermost.MattermostAPISource"
  }, {
    "source" : "services/jp.vantiq.Mattermost.test",
    "target" : "document/jp.vantiq.Mattermost.test.js"
  }, {
    "source" : "app/jp.vantiq.Mattermost.inbound",
    "target" : "procedure/jp.vantiq.Mattermost.SemanticSearch"
  }, {
    "source" : "app/jp.vantiq.Mattermost.inbound",
    "target" : "procedure/jp.vantiq.Mattermost.SendToMatterMost"
  } ],
  "name" : "mattermost_integration",
  "options" : {
    "description" : "",
    "dockCollapsed" : {
      "bottom" : false,
      "left" : false,
      "right" : false,
      "top" : false,
      "viewtabs" : false
    },
    "dockDimensions" : {
      "bottom" : 524,
      "debug" : [ 556.5, 1793.5 ],
      "left" : 349,
      "right" : 220,
      "top" : 0,
      "viewtabs" : 0
    },
    "exclusionList" : [ "topic//jp.vantiq.mattermost/invound" ],
    "filterBitArray" : "ffffffffffffffffffffffffffffffff",
    "isModeloProject" : true,
    "layoutStyle" : "flex",
    "openFolders" : [ "VIEWROOT/jp.vantiq.Mattermost", "VIEWROOT/jp.vantiq.Mattermost/source", "VIEWROOT/jp.vantiq.mattermost", "VIEWROOT/jp.vantiq/llm", "VIEWROOT/jp.vantiq/services", "jp.vantiq.mattermost/topic", "llm", "procedure", "semanticindex", "services/jp.vantiq.Mattermost" ],
    "partitionsSettings" : { },
    "rootViewFlavor" : 5,
    "showGrid" : true,
    "structure" : {
      "fraction" : 1,
      "type" : "R[8]"
    },
    "type" : "dev",
    "v" : 5,
    "viewUUID" : "MAINVIEW"
  },
  "partitions" : [ ],
  "resources" : [ {
    "label" : "/jp.vantiq.mattermost/inbound",
    "name" : "/jp.vantiq.mattermost/inbound",
    "resourceReference" : "/topics//jp.vantiq.mattermost/inbound",
    "type" : 10
  }, {
    "label" : "EmbeddingLLM",
    "name" : "EmbeddingLLM",
    "resourceReference" : "/system.llms/EmbeddingLLM",
    "timestamp" : "2024-02-09T05:52:37.495Z",
    "type" : 80
  }, {
    "label" : "GenerativeLLM",
    "name" : "GenerativeLLM",
    "resourceReference" : "/system.llms/GenerativeLLM",
    "timestamp" : "2024-02-09T05:30:18.861Z",
    "type" : 80
  }, {
    "label" : "MattermostOutgoingWebhook",
    "name" : "MattermostOutgoingWebhook",
    "procedureName" : "MattermostOutgoingWebhook",
    "resourceReference" : "/procedures/MattermostOutgoingWebhook",
    "timestamp" : "2024-04-23T08:59:14.063Z",
    "type" : 3
  }, {
    "label" : "SemanticIndexTest",
    "name" : "SemanticIndexTest",
    "resourceReference" : "/system.semanticindexes/SemanticIndexTest",
    "timestamp" : "2024-03-14T05:26:42.841Z",
    "type" : 79
  }, {
    "name" : "SimilaritySearchTest",
    "procedureName" : "SimilaritySearchTest",
    "resourceReference" : "/procedures/SimilaritySearchTest",
    "timestamp" : "2024-05-13T02:26:43.853Z",
    "type" : 3
  }, {
    "label" : "jp.vantiq.GPT4",
    "name" : "jp.vantiq.GPT4",
    "resourceReference" : "/system.llms/jp.vantiq.GPT4",
    "timestamp" : "2024-02-16T05:55:54.574Z",
    "type" : 80
  }, {
    "label" : "jp.vantiq.Mattermost",
    "name" : "jp.vantiq.Mattermost",
    "resourceReference" : "/system.services/jp.vantiq.Mattermost",
    "timestamp" : "2024-05-13T02:31:51.457Z",
    "type" : 63
  }, {
    "label" : "jp.vantiq.Mattermost.AccumulateStateStateGet_inbound",
    "name" : "jp.vantiq.Mattermost.AccumulateStateStateGet_inbound",
    "packageName" : "jp.vantiq",
    "procedureName" : "AccumulateStateStateGet_inbound",
    "resourceReference" : "/procedures/jp.vantiq.Mattermost.AccumulateStateStateGet_inbound",
    "serviceName" : "Mattermost",
    "timestamp" : "2024-05-10T02:10:59.927Z",
    "type" : 3
  }, {
    "label" : "jp.vantiq.Mattermost.AccumulateStateStateReset_inbound",
    "name" : "jp.vantiq.Mattermost.AccumulateStateStateReset_inbound",
    "packageName" : "jp.vantiq",
    "procedureName" : "AccumulateStateStateReset_inbound",
    "resourceReference" : "/procedures/jp.vantiq.Mattermost.AccumulateStateStateReset_inbound",
    "serviceName" : "Mattermost",
    "timestamp" : "2024-05-10T02:11:02.497Z",
    "type" : 3
  }, {
    "label" : "jp.vantiq.Mattermost.AccumulateStateStateUpdate_inbound",
    "name" : "jp.vantiq.Mattermost.AccumulateStateStateUpdate_inbound",
    "packageName" : "jp.vantiq",
    "procedureName" : "AccumulateStateStateUpdate_inbound",
    "resourceReference" : "/procedures/jp.vantiq.Mattermost.AccumulateStateStateUpdate_inbound",
    "serviceName" : "Mattermost",
    "timestamp" : "2024-05-10T02:11:01.553Z",
    "type" : 3
  }, {
    "label" : "jp.vantiq.Mattermost.MattermostAPISource",
    "name" : "jp.vantiq.Mattermost.MattermostAPISource",
    "resourceReference" : "/sources/jp.vantiq.Mattermost.MattermostAPISource",
    "timestamp" : "2024-05-13T01:11:08.223Z",
    "type" : 4
  }, {
    "label" : "jp.vantiq.Mattermost.PartitionedState",
    "name" : "jp.vantiq.Mattermost.PartitionedState",
    "resourceReference" : "/types/jp.vantiq.Mattermost.PartitionedState",
    "timestamp" : "2024-05-10T02:10:59.541Z",
    "type" : 1
  }, {
    "label" : "jp.vantiq.Mattermost.SemanticSearch",
    "name" : "jp.vantiq.Mattermost.SemanticSearch",
    "packageName" : "jp.vantiq",
    "procedureName" : "SemanticSearch",
    "resourceReference" : "/procedures/jp.vantiq.Mattermost.SemanticSearch",
    "serviceName" : "Mattermost",
    "timestamp" : "2024-05-13T02:31:50.682Z",
    "type" : 3
  }, {
    "label" : "jp.vantiq.Mattermost.SendToMatterMost",
    "name" : "jp.vantiq.Mattermost.SendToMatterMost",
    "packageName" : "jp.vantiq",
    "procedureName" : "SendToMatterMost",
    "resourceReference" : "/procedures/jp.vantiq.Mattermost.SendToMatterMost",
    "serviceName" : "Mattermost",
    "timestamp" : "2024-05-13T01:41:20.662Z",
    "type" : 3
  }, {
    "label" : "jp.vantiq.Mattermost.inbound",
    "name" : "jp.vantiq.Mattermost.inbound",
    "resourceReference" : "/collaborationtypes/jp.vantiq.Mattermost.inbound",
    "timestamp" : "2024-05-13T01:49:46.534Z",
    "type" : 12
  }, {
    "label" : "jp.vantiq.Mattermost.js",
    "name" : "jp.vantiq.Mattermost.js",
    "resourceReference" : "/documents/jp.vantiq.Mattermost.js",
    "timestamp" : "2024-05-10T02:21:42.132Z",
    "type" : 19
  }, {
    "label" : "jp.vantiq.Mattermost.test",
    "name" : "jp.vantiq.Mattermost.test",
    "resourceReference" : "/system.services/jp.vantiq.Mattermost.test",
    "timestamp" : "2024-05-10T09:42:10.937Z",
    "type" : 63
  }, {
    "label" : "jp.vantiq.Mattermost.test.js",
    "name" : "jp.vantiq.Mattermost.test.js",
    "resourceReference" : "/documents/jp.vantiq.Mattermost.test.js",
    "timestamp" : "2024-05-10T09:42:11.079Z",
    "type" : 19
  } ],
  "tools" : [ {
    "isPinned" : false,
    "name" : "/jp.vantiq.mattermost/inbound",
    "pane" : {
      "address" : "R[2]"
    },
    "resourceKey" : "topic//jp.vantiq.mattermost/inbound",
    "state" : 8,
    "type" : 8
  }, {
    "isPinned" : false,
    "name" : "Access Token",
    "pane" : {
      "address" : "R[1]"
    },
    "state" : 8,
    "type" : 34
  }, {
    "isPinned" : false,
    "name" : "Errors",
    "type" : 13
  }, {
    "isPinned" : false,
    "name" : "GenerativeLLM",
    "pane" : {
      "address" : "R[6]"
    },
    "resourceKey" : "llm/GenerativeLLM",
    "state" : 8,
    "type" : 9
  }, {
    "isPinned" : false,
    "name" : "Log メッセージ",
    "type" : 12
  }, {
    "isPinned" : false,
    "name" : "MattermostOutgoingWebhook",
    "pane" : {
      "address" : "R[0]"
    },
    "resourceKey" : "procedure/MattermostOutgoingWebhook",
    "state" : 8,
    "type" : 24
  }, {
    "isPinned" : false,
    "name" : "Project Contents",
    "type" : 2
  }, {
    "isPinned" : false,
    "name" : "SemanticIndexTest",
    "pane" : {
      "address" : "R[7]"
    },
    "resourceKey" : "semanticindex/SemanticIndexTest",
    "state" : 8,
    "type" : 10
  }, {
    "isPinned" : false,
    "name" : "jp.vantiq.Mattermost",
    "pane" : {
      "address" : "R[3]",
      "isActive" : true,
      "isActiveTool" : true
    },
    "resourceKey" : "services/jp.vantiq.Mattermost",
    "state" : 8,
    "type" : 109
  }, {
    "isPinned" : false,
    "name" : "jp.vantiq.Mattermost.SemanticSearch",
    "pane" : {
      "address" : "R[4]"
    },
    "resourceKey" : "procedure/jp.vantiq.Mattermost.SemanticSearch",
    "state" : 8,
    "type" : 24
  }, {
    "dockLocation" : "top",
    "isPinned" : false,
    "name" : "非アクティブ ペイン",
    "type" : 99
  } ],
  "type" : "dev",
  "views" : [ {
    "name" : "Project Contents",
    "projectToolKeys" : [ "subtopiceditor//jp.vantiq.mattermost/inbound", "accesstokens/Access Token", "errorviewer/Errors", "llmeeditor/GenerativeLLM", "logviewer/Log メッセージ", "cmeditorprocedure/MattermostOutgoingWebhook", "list/Project Contents", "semanticindexeditor/SemanticIndexTest", "services/jp.vantiq.Mattermost", "cmeditorprocedure/jp.vantiq.Mattermost.SemanticSearch", "tiledock/非アクティブ ペイン" ]
  } ]
}