{
  "active" : true,
  "appType" : true,
  "ars_properties" : {
    "dataVersion" : 5,
    "graph" : {
      "lastZoomRequest" : 0,
      "scale" : 1.3611152009568532,
      "translate" : [ 480.4592245125767, 66.3608000754228 ]
    },
    "groupSettings" : {
      "appGroupOpenHash" : {
        "actions" : true,
        "filters" : true,
        "flowControl" : true
      },
      "ctGroupOpenHash" : {
        "actions" : true,
        "mobile" : true
      },
      "ctServiceOpen" : false,
      "serviceGroupOpenHash" : { }
    },
    "paletteWidth" : 170,
    "propertyWidth" : 280
  },
  "ars_relationships" : [ ],
  "assembly" : {
    "AsyncProcEvent" : {
      "configuration" : {
        "childStreams" : [ "SomeProc" ],
        "inboundResource" : "topics",
        "inboundResourceId" : "/jp.co.vantiq.designpattern.AsyncAPI/async_proc_event/handler/inbound",
        "parentStreams" : [ ]
      },
      "pattern" : "EventStream",
      "patternVersion" : 1,
      "uuid" : "25631f30-74e0-4f61-82a3-845d49f4a129"
    },
    "PublishToTopic" : {
      "configuration" : {
        "parentStreams" : [ "SomeProc" ],
        "topic" : "/jp.co.vantiq.designpattern.AsyncAPI/AsyncResult/outbound"
      },
      "pattern" : "PublishToTopic",
      "patternVersion" : 1,
      "uuid" : "9a71031e-d48a-441d-bf74-00c3b10d3ca7"
    },
    "SomeProc" : {
      "configuration" : {
        "childStreams" : [ "PublishToTopic" ],
        "parameters" : { },
        "parentStreams" : [ "AsyncProcEvent" ],
        "procedure" : "jp.co.vantiq.designpattern.AsyncAPI.some_proc",
        "returnBehavior" : "Use Return Value as Outbound event"
      },
      "pattern" : "Procedure",
      "patternVersion" : 1,
      "uuid" : "ca8c2016-f35f-44f1-8dd0-8756946334e1"
    }
  },
  "boundService" : "jp.co.vantiq.designpattern.AsyncAPI",
  "collaboratorRoles" : [ ],
  "disableBadging" : false,
  "entityRoles" : [ ],
  "isComponent" : false,
  "isEventHandler" : true,
  "keyTypes" : [ "system.collaborations" ],
  "name" : "jp.co.vantiq.designpattern.AsyncAPI_async_proc_event_EventHandler"
}