{
  "activationConstraint" : "",
  "active" : false,
  "ars_properties" : null,
  "ars_relationships" : [ ],
  "config" : {
    "cleanSession" : true,
    "connectionTimeout" : 15,
    "contentType" : "application/json",
    "keepAliveInterval" : 60,
    "keyStoreOptions" : {
      "password" : "@secrets(SourceKeyStorePassword)",
      "value" : "@secrets(SourceKeyStore)"
    },
    "maxInflight" : 10,
    "passwordType" : "string",
    "qos" : "AT_LEAST_ONCE",
    "serverURIs" : [ "mqtts://change.your.env:8883" ],
    "topics" : [ "$aws/things/+/shadow/name/+/update/documents" ],
    "trustStoreOptions" : {
      "password" : "@secrets(SourceTrustStorePassword)",
      "value" : "@secrets(SourceTrustStore)"
    }
  },
  "messageType" : null,
  "mockProcedures" : { },
  "name" : "AWSIoTMQTT",
  "type" : "MQTT"
}