{
  "ars_relationships" : [ ],
  "links" : [ {
    "source" : "services/jp.co.vantiq.designpattern.upsertstate.UpsertState",
    "target" : "document/jp.co.vantiq.designpattern.upsertstate.UpsertState.js"
  }, {
    "source" : "services/jp.co.vantiq.designpattern.upsertstate.UpsertState",
    "target" : "type/jp.co.vantiq.designpattern.upsertstate.UpsertState_Global"
  }, {
    "source" : "procedure/jp.co.vantiq.designpattern.upsertstate.UpsertState.upsertState",
    "target" : "services/jp.co.vantiq.designpattern.upsertstate.UpsertState"
  }, {
    "source" : "services/jp.co.vantiq.designpattern.upsertstate.UpsertState",
    "target" : "procedure/jp.co.vantiq.designpattern.upsertstate.UpsertState.upsertState"
  }, {
    "source" : "services/jp.co.vantiq.designpattern.upsertstate.UpsertState",
    "target" : "procedure/jp.co.vantiq.designpattern.upsertstate.UpsertState.bulkUpsertState"
  }, {
    "source" : "procedure/jp.co.vantiq.designpattern.upsertstate.UpsertState.bulkUpsertState",
    "target" : "services/jp.co.vantiq.designpattern.upsertstate.UpsertState"
  }, {
    "source" : "procedure/jp.co.vantiq.designpattern.upsertstate.UpsertState.bulkUpsertState",
    "target" : "procedure/jp.co.vantiq.designpattern.upsertstate.UpsertState.bulkUpsertState"
  }, {
    "source" : "services/jp.co.vantiq.designpattern.upsertstate.UpsertState",
    "target" : "procedure/jp.co.vantiq.designpattern.upsertstate.UpsertState.getState"
  }, {
    "source" : "procedure/jp.co.vantiq.designpattern.upsertstate.UpsertState.getState",
    "target" : "services/jp.co.vantiq.designpattern.upsertstate.UpsertState"
  }, {
    "source" : "services/jp.co.vantiq.designpattern.upsertstate.UpsertState",
    "target" : "procedure/jp.co.vantiq.designpattern.upsertstate.UpsertState.UpsertStateDummyData"
  }, {
    "source" : "procedure/jp.co.vantiq.designpattern.upsertstate.UpsertState.UpsertStateDummyData",
    "target" : "services/jp.co.vantiq.designpattern.upsertstate.UpsertState"
  }, {
    "source" : "app/jp.co.vantiq.designpattern.upsertstate.TestJoinedState",
    "target" : "services/jp.co.vantiq.designpattern.upsertstate.UpsertState"
  }, {
    "source" : "app/jp.co.vantiq.designpattern.upsertstate.TestJoinedState",
    "target" : "procedure/jp.co.vantiq.designpattern.upsertstate.UpsertState.bulkUpsertState"
  }, {
    "source" : "app/jp.co.vantiq.designpattern.upsertstate.TestJoinedState",
    "target" : "procedure/jp.co.vantiq.designpattern.upsertstate.UpsertState.UpsertStateDummyData"
  }, {
    "source" : "topic//jp.co.vantiq.designpattern.upsertstate.UpsertState/TestJoinedState/handler/inbound",
    "target" : "app/jp.co.vantiq.designpattern.upsertstate.TestJoinedState"
  }, {
    "source" : "services/jp.co.vantiq.designpattern.upsertstate.UpsertState",
    "target" : "procedure/jp.co.vantiq.designpattern.upsertstate.UpsertState.getjoinedState"
  }, {
    "source" : "procedure/jp.co.vantiq.designpattern.upsertstate.UpsertState.getjoinedState",
    "target" : "services/jp.co.vantiq.designpattern.upsertstate.UpsertState"
  }, {
    "source" : "procedure/jp.co.vantiq.designpattern.upsertstate.UpsertState.bulkUpsertState",
    "target" : "procedure/jp.co.vantiq.designpattern.upsertstate.UpsertState.upsertState"
  } ],
  "name" : "UpsertState",
  "options" : {
    "description" : "# Upsert State\n\n- Join multiple records with the same key in the in-memory state.\n\n# How to run the test\n1. Open Service jp.co.vantiq.designpattern.upsertstate.UpsertState, go to Interface tab, select Inbound/TestJoinedState, and Publish.\n2. Observe the event process in jp.co.vantiq.designpattern.upsertstate.TestJoinedState\n3. Execute jp.co.vantiq.designpattern.upsertstate.UpsertState.getState and see the result\n",
    "dockCollapsed" : {
      "bottom" : false,
      "left" : false,
      "right" : false,
      "top" : false,
      "viewtabs" : false
    },
    "dockDimensions" : {
      "bottom" : 200,
      "debug" : [ 612, 1433 ],
      "left" : 352,
      "right" : 220,
      "top" : 0,
      "viewtabs" : 0
    },
    "dockSort" : 1,
    "exclusionList" : [ "app/jp.co.vantiq.designpattern.AddToBufferEH", "app/jp.co.vantiq.designpattern.BufferService_OnClockTick_EventHandler", "app/jp.co.vantiq.designpattern.OnClockEH", "app/jp.co.vantiq.designpattern.test.UpsertState", "app/jp.co.vantiq.designpattern.upsertstate.UpsertState_TestJoinedState_EventHandler", "app/jp.co.vantiq.smoothtest.SmoothTest_initiate_EventHandler", "document/jp.co.vantiq.designpattern.SmoothUnwindService.js", "document/jp.co.vantiq.designpattern.test.TestMememoLoad.js", "document/jp.co.vantiq.designpattern.test.TestSmoothUnwind.js", "document/jp.co.vantiq.smoothtest.SmoothTest.js", "procedure/jp.co.vantiq.designpattern.SmoothUnwindService.ReadBuffer", "procedure/jp.co.vantiq.designpattern.SmoothUnwindService.WriteBuffer", "procedure/jp.co.vantiq.designpattern.SmoothUnwindService.getCurrentBufferSize", "procedure/jp.co.vantiq.designpattern.test.loadMememnto", "procedure/jp.co.vantiq.smoothtest.loadCsv", "procedure/jp.co.vantiq.smoothtest.load_asso_log", "procedure/jp.co.vantiq.smoothtest.load_traf_log", "procedure/proc1", "scheduledevent/jp.co.vantiq.designpattern.ClockTick", "services/jp.co.vantiq.designpattern.BufferService", "services/jp.co.vantiq.designpattern.SmoothUnwindService", "services/jp.co.vantiq.designpattern.test.TestMememoLoad", "services/jp.co.vantiq.designpattern.test.TestSmoothUnwind", "services/jp.co.vantiq.designpattern.test.UpsertState", "services/jp.co.vantiq.smoothtest.SmoothTest", "source/jp.co.vantiq.smoothtest.AssoTra", "topic//XMLPost", "topic//jp.co.vantiq.designpattern.BufferService/OnClockTick/handler/inbound", "topic//jp.co.vantiq.designpattern.SmoothUnwindService/AddXXXToBuffer/handler/inbound", "topic//jp.co.vantiq.designpattern.SmoothUnwindService/AddYYYToBuffer/handler/inbound", "topic//jp.co.vantiq.designpattern.SmoothUnwindService/Clock/handler/inbound", "topic//jp.co.vantiq.designpattern.SmoothUnwindService/OutputXXXBufffer/outbound", "topic//jp.co.vantiq.designpattern.SmoothUnwindService/OutputYYYBuffer/outbound", "topic//jp.co.vantiq.designpattern/smoothunwind/initiate", "topic//jp.co.vantiq.designpattern/smoothunwind/initiateMementoLoad", "topic//jp.co.vantiq.smoothtest.SmoothTest/initiate/handler/inbound", "type/jp.co.vantiq.designpattern.BufferService_Global", "type/jp.co.vantiq.designpattern.SmoothUnwindService_Global", "type/jp.co.vantiq.designpattern.test.MementoType", "type/jp.co.vantiq.designpattern.test.TestMememoLoad_Global", "type/jp.co.vantiq.designpattern.test.TestSmoothUnwind_Global", "type/jp.co.vantiq.smoothtest.SmoothTest_Global" ],
    "filterBitArray" : "ffffffffffffffffffffffffffffffff",
    "isModeloProject" : true,
    "layoutStyle" : "tile",
    "openFolders" : [ "document", "jp.co.vantiq.designpattern.upsertstate.UpsertState", "jp.co.vantiq.designpattern.upsertstate.UpsertState/topic", "jp.co.vantiq.designpattern.upsertstate/services", "jp.co.vantiq.designpattern.upsertstate/type", "services/jp.co.vantiq.designpattern.upsertstate.UpsertState" ],
    "rootViewFlavor" : 5,
    "showGrid" : true,
    "tileColumns" : 2,
    "tileRows" : 2,
    "type" : "dev",
    "v" : 5,
    "viewUUID" : "MAINVIEW"
  },
  "resources" : [ {
    "label" : "/jp.co.vantiq.designpattern.upsertstate.UpsertState/TestJoinedState/handler/inbound",
    "name" : "/jp.co.vantiq.designpattern.upsertstate.UpsertState/TestJoinedState/handler/inbound",
    "resourceReference" : "/topics//jp.co.vantiq.designpattern.upsertstate.UpsertState/TestJoinedState/handler/inbound",
    "type" : 10
  }, {
    "label" : "jp.co.vantiq.designpattern.upsertstate.TestJoinedState",
    "name" : "jp.co.vantiq.designpattern.upsertstate.TestJoinedState",
    "resourceReference" : "/collaborationtypes/jp.co.vantiq.designpattern.upsertstate.TestJoinedState",
    "timestamp" : "2022-10-10T13:16:06.047Z",
    "type" : 12
  }, {
    "label" : "jp.co.vantiq.designpattern.upsertstate.UpsertState",
    "name" : "jp.co.vantiq.designpattern.upsertstate.UpsertState",
    "resourceReference" : "/system.services/jp.co.vantiq.designpattern.upsertstate.UpsertState",
    "timestamp" : "2022-10-10T13:11:53.548Z",
    "type" : 63
  }, {
    "label" : "jp.co.vantiq.designpattern.upsertstate.UpsertState.UpsertStateDummyData",
    "name" : "jp.co.vantiq.designpattern.upsertstate.UpsertState.UpsertStateDummyData",
    "packageName" : "jp.co.vantiq.designpattern.upsertstate",
    "procedureName" : "UpsertStateDummyData",
    "resourceReference" : "/procedures/jp.co.vantiq.designpattern.upsertstate.UpsertState.UpsertStateDummyData",
    "serviceName" : "UpsertState",
    "timestamp" : "2022-10-10T05:25:49.236Z",
    "type" : 3
  }, {
    "label" : "jp.co.vantiq.designpattern.upsertstate.UpsertState.bulkUpsertState",
    "name" : "jp.co.vantiq.designpattern.upsertstate.UpsertState.bulkUpsertState",
    "packageName" : "jp.co.vantiq.designpattern.upsertstate",
    "procedureName" : "bulkUpsertState",
    "resourceReference" : "/procedures/jp.co.vantiq.designpattern.upsertstate.UpsertState.bulkUpsertState",
    "serviceName" : "UpsertState",
    "timestamp" : "2022-10-10T13:09:44.510Z",
    "type" : 3
  }, {
    "label" : "jp.co.vantiq.designpattern.upsertstate.UpsertState.getState",
    "name" : "jp.co.vantiq.designpattern.upsertstate.UpsertState.getState",
    "packageName" : "jp.co.vantiq.designpattern.upsertstate",
    "procedureName" : "getState",
    "resourceReference" : "/procedures/jp.co.vantiq.designpattern.upsertstate.UpsertState.getState",
    "serviceName" : "UpsertState",
    "timestamp" : "2022-10-10T05:25:49.222Z",
    "type" : 3
  }, {
    "label" : "jp.co.vantiq.designpattern.upsertstate.UpsertState.getjoinedState",
    "name" : "jp.co.vantiq.designpattern.upsertstate.UpsertState.getjoinedState",
    "packageName" : "jp.co.vantiq.designpattern.upsertstate",
    "procedureName" : "getjoinedState",
    "resourceReference" : "/procedures/jp.co.vantiq.designpattern.upsertstate.UpsertState.getjoinedState",
    "serviceName" : "UpsertState",
    "timestamp" : "2022-10-10T05:25:49.237Z",
    "type" : 3
  }, {
    "label" : "jp.co.vantiq.designpattern.upsertstate.UpsertState.js",
    "name" : "jp.co.vantiq.designpattern.upsertstate.UpsertState.js",
    "resourceReference" : "/documents/jp.co.vantiq.designpattern.upsertstate.UpsertState.js",
    "timestamp" : "2022-10-10T05:25:49.033Z",
    "type" : 19
  }, {
    "label" : "jp.co.vantiq.designpattern.upsertstate.UpsertState.upsertState",
    "name" : "jp.co.vantiq.designpattern.upsertstate.UpsertState.upsertState",
    "packageName" : "jp.co.vantiq.designpattern.upsertstate",
    "procedureName" : "upsertState",
    "resourceReference" : "/procedures/jp.co.vantiq.designpattern.upsertstate.UpsertState.upsertState",
    "serviceName" : "UpsertState",
    "timestamp" : "2022-10-10T13:15:26.625Z",
    "type" : 3
  }, {
    "label" : "jp.co.vantiq.designpattern.upsertstate.UpsertState_Global",
    "name" : "jp.co.vantiq.designpattern.upsertstate.UpsertState_Global",
    "resourceReference" : "/types/jp.co.vantiq.designpattern.upsertstate.UpsertState_Global",
    "timestamp" : "2022-10-10T05:25:48.503Z",
    "type" : 1
  } ],
  "tools" : [ {
    "isPinned" : false,
    "name" : "/jp.co.vantiq.designpattern.upsertstate.UpsertState/TestJoinedState/handler/inbound",
    "pane" : {
      "c" : 0,
      "r" : 1
    },
    "resourceKey" : "topic//jp.co.vantiq.designpattern.upsertstate.UpsertState/TestJoinedState/handler/inbound",
    "state" : 2,
    "type" : 8
  }, {
    "isPinned" : false,
    "name" : "Errors",
    "type" : 13
  }, {
    "isPinned" : false,
    "name" : "Log メッセージ",
    "type" : 12
  }, {
    "isPinned" : false,
    "name" : "Project Contents",
    "type" : 2
  }, {
    "isPinned" : false,
    "name" : "Project を説明",
    "pane" : {
      "c" : 0,
      "r" : 0
    },
    "state" : 2,
    "type" : 82
  }, {
    "isPinned" : true,
    "name" : "jp.co.vantiq.designpattern.upsertstate.TestJoinedState",
    "pane" : {
      "c" : 1,
      "r" : 0
    },
    "resourceKey" : "app/jp.co.vantiq.designpattern.upsertstate.TestJoinedState",
    "state" : 2,
    "toolOptions" : { },
    "type" : 15
  }, {
    "isPinned" : true,
    "name" : "jp.co.vantiq.designpattern.upsertstate.UpsertState",
    "pane" : {
      "c" : 1,
      "r" : 1
    },
    "resourceKey" : "services/jp.co.vantiq.designpattern.upsertstate.UpsertState",
    "state" : 2,
    "type" : 109
  }, {
    "dockLocation" : "top",
    "isPinned" : false,
    "name" : "非アクティブ ペイン",
    "type" : 99
  } ],
  "type" : "dev",
  "views" : [ {
    "name" : "Project Contents",
    "projectToolKeys" : [ "subtopiceditor//jp.co.vantiq.designpattern.upsertstate.UpsertState/TestJoinedState/handler/inbound", "errorviewer/Errors", "logviewer/Log メッセージ", "list/Project Contents", "projectdescription/Project を説明", "app/jp.co.vantiq.designpattern.upsertstate.TestJoinedState", "services/jp.co.vantiq.designpattern.upsertstate.UpsertState", "tiledock/非アクティブ ペイン" ]
  } ]
}