{
  "bodyChildren" : {
    "rootArray" : [ "2f8a80aa-befb-4dcf-84fb-fc9e9b7a225b", "d85e2acb-e051-4379-b648-a2e8926832e5", "7e9404db-885b-4b1d-9ff5-565d3c445ee9", "fafc1e9a-5dca-44e2-807b-3d3e6aa33544", "239e9af7-6560-4847-8770-70dda23aca25", "bcbf6b1e-11f6-42d4-8af8-05744f0f4a45" ],
    "widgets" : [ {
      "binding" : "client.data.lastAiCamData",
      "borderColor" : "Default",
      "borderRadius" : 4,
      "borderThickness" : 0,
      "defaultValue" : "",
      "h" : 220,
      "heightPolicy" : "explicit",
      "horzGravity" : "center",
      "labelColor" : "#000000",
      "name" : "MultilineInput1",
      "optional" : true,
      "placeholder" : "",
      "rows" : 5,
      "type" : "MultilineInput",
      "uuid" : "239e9af7-6560-4847-8770-70dda23aca25",
      "v" : 17,
      "vertGravity" : "center",
      "w" : 530,
      "widthPolicy" : "explicit",
      "wordwrap" : true,
      "x" : 60,
      "y" : 120
    }, {
      "borderColor" : "Default",
      "borderRadius" : 4,
      "borderThickness" : 0,
      "buttonBackgroundColor" : "#4db56a",
      "buttonLabel" : "Start",
      "buttonLabelColor" : "platform",
      "buttonLabelSize" : 14,
      "buttonLabelStyle" : "bold",
      "glyphIcon" : "fa-play",
      "heightPolicy" : "naturalSize",
      "horzGravity" : "center",
      "name" : "Start",
      "submitValue" : 100,
      "type" : "Button",
      "uuid" : "2f8a80aa-befb-4dcf-84fb-fc9e9b7a225b",
      "v" : 17,
      "vertGravity" : "center",
      "widthPolicy" : "sizeToCell",
      "x" : 60,
      "y" : 40
    }, {
      "borderColor" : "Default",
      "borderRadius" : 4,
      "borderThickness" : 0,
      "heightPolicy" : "naturalSize",
      "horzGravity" : "center",
      "label" : "Last AI Camera Event",
      "labelColor" : "#000000",
      "name" : "Label1",
      "rotationInDegrees" : null,
      "type" : "Label",
      "uuid" : "7e9404db-885b-4b1d-9ff5-565d3c445ee9",
      "v" : 17,
      "vertGravity" : "center",
      "widthPolicy" : "sizeToCell",
      "x" : 60,
      "y" : 100
    }, {
      "binding" : "client.data.lastGuardData",
      "borderColor" : "Default",
      "borderRadius" : 4,
      "borderThickness" : 0,
      "defaultValue" : "",
      "h" : 220,
      "heightPolicy" : "explicit",
      "horzGravity" : "center",
      "name" : "MultilineInput2",
      "optional" : true,
      "placeholder" : "",
      "rows" : 5,
      "type" : "MultilineInput",
      "uuid" : "bcbf6b1e-11f6-42d4-8af8-05744f0f4a45",
      "v" : 17,
      "vertGravity" : "center",
      "w" : 390,
      "widthPolicy" : "explicit",
      "wordwrap" : true,
      "x" : 590,
      "y" : 119.99998474121094
    }, {
      "borderColor" : "Default",
      "borderRadius" : 4,
      "borderThickness" : 0,
      "buttonBackgroundColor" : "#f73411",
      "buttonLabel" : "Stop",
      "buttonLabelColor" : "platform",
      "buttonLabelSize" : 14,
      "buttonLabelStyle" : "bold",
      "glyphIcon" : "fa-stop",
      "heightPolicy" : "naturalSize",
      "horzGravity" : "center",
      "name" : "Stop",
      "submitValue" : 100,
      "type" : "Button",
      "uuid" : "d85e2acb-e051-4379-b648-a2e8926832e5",
      "v" : 17,
      "vertGravity" : "center",
      "widthPolicy" : "sizeToCell",
      "x" : 150,
      "y" : 40
    }, {
      "borderColor" : "Default",
      "borderRadius" : 4,
      "borderThickness" : 0,
      "heightPolicy" : "naturalSize",
      "horzGravity" : "center",
      "label" : "Last Guard Location Event",
      "labelColor" : "#000000",
      "name" : "Label2",
      "type" : "Label",
      "uuid" : "fafc1e9a-5dca-44e2-807b-3d3e6aa33544",
      "v" : 17,
      "vertGravity" : "center",
      "widthPolicy" : "sizeToCell",
      "x" : 590,
      "y" : 99.99998474121094
    } ]
  },
  "data" : {
    "properties" : { }
  },
  "footerChildren" : [ ],
  "hasFooter" : false,
  "layoutType" : "browser",
  "responseTopic" : "/my/response/topic"
}