{
  "active" : true,
  "appType" : true,
  "ars_properties" : {
    "dataVersion" : 5,
    "graph" : {
      "coordinates" : {
        "120548cc-f4c2-4f02-8c76-b720cc241307" : {
          "x" : 0,
          "y" : 0
        },
        "2aaa6109-d08f-4a64-a1be-64dced499405" : {
          "x" : -97.5,
          "y" : 240
        },
        "3cee533e-1275-4c36-adda-b30b02dd3311" : {
          "x" : 97.5,
          "y" : 320
        },
        "54696c17-c635-496f-8c5a-bb5788e962e6" : {
          "x" : -492.5,
          "y" : 400
        },
        "63f51e86-84fd-4555-8901-14c02845d4fe" : {
          "x" : 97.5,
          "y" : 400
        },
        "74b50d89-4398-4612-8df9-e20196004243" : {
          "x" : 0,
          "y" : 80
        },
        "80680b10-1287-40c2-bef3-c43820c45bc5" : {
          "x" : 0,
          "y" : 160
        },
        "b4fa287d-c639-4727-81b9-d71ac6062955" : {
          "x" : -102.5,
          "y" : 400
        },
        "bf0d3ce8-dfa3-47d8-85f3-55f0d9804bdc" : {
          "x" : 97.5,
          "y" : 240
        },
        "c672eab9-5854-40e8-85b8-f9904aea3449" : {
          "x" : -102.5,
          "y" : 480
        },
        "cb3b3aa9-f91a-4707-8285-e84908bfb777" : {
          "x" : -97.5,
          "y" : 320
        },
        "d2064924-f98c-44a5-8281-a00e67e4bc07" : {
          "x" : -297.5,
          "y" : 480
        },
        "ef042a8a-ef03-4e62-9d4c-1d89ec1e570b" : {
          "x" : -492.5,
          "y" : 480
        },
        "f63c3d6e-7ee6-4272-9199-42dc41cdacb1" : {
          "x" : -297.5,
          "y" : 400
        }
      },
      "lastZoomRequest" : 0,
      "scale" : 0.7732459341895687,
      "translate" : [ 464.8942959531847, 127.69979352746188 ]
    },
    "groupSettings" : {
      "appGroupOpenHash" : {
        "actions" : true,
        "collab" : true,
        "filters" : true,
        "flowControl" : true,
        "math" : true,
        "mobile" : true,
        "modifiers" : true
      },
      "ctGroupOpenHash" : {
        "actions" : true,
        "mobile" : true
      },
      "ctServiceOpen" : false,
      "serviceGroupOpenHash" : { }
    },
    "propertyWidth" : 328
  },
  "ars_relationships" : [ ],
  "assembly" : {
    "AttachCondition" : {
      "configuration" : {
        "associatedType" : "sorting_condition",
        "childStreams" : [ "HasCenterID", "NotApplicable" ],
        "foreignKeys" : {
          "code" : {
            "expression" : "event.code",
            "type" : "expression"
          }
        },
        "groupByProperty" : "",
        "groupByWindow" : null,
        "parentStreams" : [ "SplitByCode" ],
        "refreshInterval" : "1 day"
      },
      "downstreamReferences" : { },
      "name" : "AttachCondition",
      "pattern" : "CachedEnrich",
      "patternVersion" : 4,
      "uuid" : "80680b10-1287-40c2-bef3-c43820c45bc5"
    },
    "ExtractToKanagawa" : {
      "configuration" : {
        "childStreams" : [ "PublishToKanagawa" ],
        "condition" : "event.message.sorting_condition.center_id == 2",
        "imports" : null,
        "outboundResource" : null,
        "outboundResourceConfig" : null,
        "outboundResourceId" : null,
        "parentStreams" : [ "TransformForMqtt" ],
        "upsert" : false
      },
      "downstreamReferences" : { },
      "name" : "ExtractToKanagawa",
      "pattern" : "Filter",
      "patternVersion" : 4,
      "uuid" : "54696c17-c635-496f-8c5a-bb5788e962e6"
    },
    "ExtractToSaitama" : {
      "configuration" : {
        "childStreams" : [ "PublishToSaitama" ],
        "condition" : "event.message.sorting_condition.center_id == 3",
        "imports" : null,
        "outboundResource" : null,
        "outboundResourceConfig" : null,
        "outboundResourceId" : null,
        "parentStreams" : [ "TransformForMqtt" ],
        "upsert" : false
      },
      "downstreamReferences" : { },
      "name" : "ExtractToSaitama",
      "pattern" : "Filter",
      "patternVersion" : 4,
      "uuid" : "f63c3d6e-7ee6-4272-9199-42dc41cdacb1"
    },
    "ExtractToTokyo" : {
      "configuration" : {
        "childStreams" : [ "PublishToTokyo" ],
        "condition" : "event.message.sorting_condition.center_id == 1",
        "imports" : null,
        "outboundResource" : null,
        "outboundResourceConfig" : null,
        "outboundResourceId" : null,
        "parentStreams" : [ "TransformForMqtt" ],
        "upsert" : false
      },
      "downstreamReferences" : { },
      "name" : "ExtractToTokyo",
      "pattern" : "Filter",
      "patternVersion" : 4,
      "uuid" : "b4fa287d-c639-4727-81b9-d71ac6062955"
    },
    "HasCenterID" : {
      "configuration" : {
        "childStreams" : [ "TransformForMqtt" ],
        "condition" : "event.sorting_condition != null",
        "imports" : null,
        "outboundResource" : null,
        "outboundResourceConfig" : null,
        "outboundResourceId" : null,
        "parentStreams" : [ "AttachCondition" ],
        "upsert" : false
      },
      "downstreamReferences" : { },
      "name" : "HasCenterID",
      "pattern" : "Filter",
      "patternVersion" : 4,
      "uuid" : "2aaa6109-d08f-4a64-a1be-64dced499405"
    },
    "NotApplicable" : {
      "configuration" : {
        "childStreams" : [ "TransformationForType" ],
        "condition" : "event.sorting_condition == null",
        "imports" : null,
        "outboundResource" : null,
        "outboundResourceConfig" : null,
        "outboundResourceId" : null,
        "parentStreams" : [ "AttachCondition" ],
        "upsert" : false
      },
      "downstreamReferences" : { },
      "name" : "NotApplicable",
      "pattern" : "Filter",
      "patternVersion" : 4,
      "uuid" : "bf0d3ce8-dfa3-47d8-85f3-55f0d9804bdc"
    },
    "PublishToKanagawa" : {
      "configuration" : {
        "childStreams" : null,
        "parentStreams" : [ "ExtractToKanagawa" ],
        "source" : "SortingResultMqtt",
        "sourceConfig" : {
          "topic" : "/center/kanagawa"
        }
      },
      "downstreamReferences" : { },
      "name" : "PublishToKanagawa",
      "pattern" : "PublishToSource",
      "patternVersion" : 3,
      "uuid" : "ef042a8a-ef03-4e62-9d4c-1d89ec1e570b"
    },
    "PublishToSaitama" : {
      "configuration" : {
        "childStreams" : null,
        "parentStreams" : [ "ExtractToSaitama" ],
        "source" : "SortingResultMqtt",
        "sourceConfig" : {
          "topic" : "/center/saitama"
        }
      },
      "downstreamReferences" : { },
      "name" : "PublishToSaitama",
      "pattern" : "PublishToSource",
      "patternVersion" : 3,
      "uuid" : "d2064924-f98c-44a5-8281-a00e67e4bc07"
    },
    "PublishToTokyo" : {
      "configuration" : {
        "childStreams" : [ ],
        "parentStreams" : [ "ExtractToTokyo" ],
        "source" : "SortingResultMqtt",
        "sourceConfig" : {
          "topic" : "/center/tokyo"
        }
      },
      "downstreamReferences" : { },
      "name" : "PublishToTokyo",
      "pattern" : "PublishToSource",
      "patternVersion" : 3,
      "uuid" : "c672eab9-5854-40e8-85b8-f9904aea3449"
    },
    "ReceiveBoxInfo" : {
      "configuration" : {
        "childStreams" : [ "SplitByCode" ],
        "condition" : "",
        "eventTypeName" : null,
        "inboundResource" : "sources",
        "inboundResourceId" : "BoxInfoMqtt",
        "op" : null,
        "outboundResource" : null,
        "outboundResourceConfig" : null,
        "outboundResourceId" : null,
        "parentStreams" : [ ],
        "schema" : null,
        "upsert" : false
      },
      "downstreamReferences" : { },
      "name" : "ReceiveBoxInfo",
      "pattern" : "EventStream",
      "patternVersion" : 4,
      "uuid" : "120548cc-f4c2-4f02-8c76-b720cc241307"
    },
    "SaveUnregisteredItem" : {
      "configuration" : {
        "childStreams" : null,
        "parentStreams" : [ "TransformationForType" ],
        "type" : "unregistered_item",
        "upsert" : true
      },
      "downstreamReferences" : { },
      "name" : "SaveUnregisteredItem",
      "pattern" : "SaveToType",
      "patternVersion" : 2,
      "uuid" : "63f51e86-84fd-4555-8901-14c02845d4fe"
    },
    "SplitByCode" : {
      "configuration" : {
        "childStreams" : [ "AttachCondition" ],
        "groupBy" : "event.code",
        "groupByWindow" : null,
        "imports" : null,
        "maxOpenGroups" : null,
        "parentStreams" : [ "ReceiveBoxInfo" ]
      },
      "downstreamReferences" : { },
      "name" : "SplitByCode",
      "pattern" : "SplitByGroup",
      "patternVersion" : 4,
      "uuid" : "74b50d89-4398-4612-8df9-e20196004243"
    },
    "TransformForMqtt" : {
      "configuration" : {
        "childStreams" : [ "ExtractToTokyo", "ExtractToKanagawa", "ExtractToSaitama" ],
        "imports" : null,
        "outboundResource" : null,
        "outboundResourceConfig" : null,
        "outboundResourceId" : null,
        "parentStreams" : [ "HasCenterID" ],
        "schema" : null,
        "transformInPlace" : false,
        "transformation" : {
          "message" : {
            "expression" : "event",
            "type" : "expression"
          }
        },
        "upsert" : false
      },
      "downstreamReferences" : { },
      "name" : "TransformForMqtt",
      "pattern" : "Transformation",
      "patternVersion" : 4,
      "uuid" : "cb3b3aa9-f91a-4707-8285-e84908bfb777"
    },
    "TransformationForType" : {
      "configuration" : {
        "childStreams" : [ "SaveUnregisteredItem" ],
        "imports" : null,
        "outboundResource" : null,
        "outboundResourceConfig" : null,
        "outboundResourceId" : null,
        "parentStreams" : [ "NotApplicable" ],
        "schema" : null,
        "transformInPlace" : false,
        "transformation" : {
          "code" : {
            "expression" : "event.code",
            "type" : "expression"
          },
          "name" : {
            "expression" : "event.name",
            "type" : "expression"
          },
          "timestamp" : {
            "expression" : "toDate(replace(event.time, \" \", \"T\") + \"Z\")",
            "type" : "expression"
          }
        },
        "upsert" : false
      },
      "downstreamReferences" : { },
      "name" : "TransformationForType",
      "pattern" : "Transformation",
      "patternVersion" : 4,
      "uuid" : "3cee533e-1275-4c36-adda-b30b02dd3311"
    }
  },
  "collaboratorRoles" : [ ],
  "contextualizedAssembly" : { },
  "disableBadging" : false,
  "entityRoles" : [ ],
  "isComponent" : false,
  "isEventHandler" : false,
  "keyTypes" : [ "system.collaborations" ],
  "name" : "BoxSorter"
}